Destination Port,Flow Duration,Total Fwd Packets,Total Backward Packets,Total Length of Fwd Packets,Total Length of Bwd Packets,Fwd Packet Length Max,Fwd Packet Length Min,Fwd Packet Length Mean,Fwd Packet Length Std,Bwd Packet Length Max,Bwd Packet Length Min,Bwd Packet Length Mean,Bwd Packet Length Std,Flow Bytes/s,Flow Packets/s,Flow IAT Mean,Flow IAT Std,Flow IAT Max,Flow IAT Min,Fwd IAT Total,Fwd IAT Mean,Fwd IAT Std,Fwd IAT Max,Fwd IAT Min,Bwd IAT Total,Bwd IAT Mean,Bwd IAT Std,Bwd IAT Max,Bwd IAT Min,Fwd PSH Flags,Bwd PSH Flags,Fwd URG Flags,Bwd URG Flags,Fwd Header Length,Bwd Header Length,Fwd Packets/s,Bwd Packets/s,Min Packet Length,Max Packet Length,Packet Length Mean,Packet Length Std,Packet Length Variance,FIN Flag Count,SYN Flag Count,RST Flag Count,PSH Flag Count,ACK Flag Count,URG Flag Count,CWE Flag Count,ECE Flag Count,Down/Up Ratio,Average Packet Size,Avg Fwd Segment Size,Avg Bwd Segment Size,Fwd Header Length.1,Fwd Avg Bytes/Bulk,Fwd Avg Packets/Bulk,Fwd Avg Bulk Rate,Bwd Avg Bytes/Bulk,Bwd Avg Packets/Bulk,Bwd Avg Bulk Rate,Subflow Fwd Packets,Subflow Fwd Bytes,Subflow Bwd Packets,Subflow Bwd Bytes,Init_Win_bytes_forward,Init_Win_bytes_backward,act_data_pkt_fwd,min_seg_size_forward,Active Mean,Active Std,Active Max,Active Min,Idle Mean,Idle Std,Idle Max,Idle Min,target
80,166335,3,4,26,11601,20,0,8.666666667,10.26320288,8760,0,2900.25,4128.319301,69901.1032,42.08374666,27722.5,56286.93505,140840,49,25074,12537.0,17459.88064,24883,191,166276,55425.33333,74994.48431,140840,372,0,0,0,0,72,92,18.03589142,24.04785523,0,8760,1453.375,3113.952607,9696700.839,0,0,0,1,0,0,0,0,1,1661.0,8.666666667,2900.25,72,0,0,0,0,0,0,3,26,4,11601,8192,229,2,20,0.0,0.0,0,0,0.0,0.0,0,0,1
80,242795,1,1,6,6,6,6,6.0,0.0,6,6,6.0,0.0,49.42441154,8.237401923,242795.0,0.0,242795,242795,0,0.0,0.0,0,0,0,0.0,0.0,0,0,0,0,0,0,20,20,4.118700962,4.118700962,6,6,6.0,0.0,0.0,0,0,0,0,1,1,0,0,1,9.0,6.0,6.0,20,0,0,0,0,0,0,1,6,1,6,254,144,0,20,0.0,0.0,0,0,0.0,0.0,0,0,0
80,98660793,9,6,365,11595,365,0,40.55555556,121.6666667,5792,0,1932.5,2181.008184,121.2234327,0.152036078,7047199.5,26400000.0,98600000,0,98700000,12300000.0,34900000.0,98600000,0,14445,2889.0,4331.298477,9954,47,0,0,0,0,296,200,0.091221647,0.060814431,0,5792,747.5,1578.700858,2492296.4,0,0,0,0,1,0,0,0,0,797.3333333,40.55555556,1932.5,296,0,0,0,0,0,0,9,365,6,11595,251,235,1,32,3019.0,0.0,3019,3019,98600000.0,0.0,98600000,98600000,1
59142,8158043,1,6,6,36,6,6,6.0,0.0,6,6,6.0,0.0,5.148293531,0.858048922,1359673.833,3316675.164,8129796,1,0,0.0,0.0,0,0,8147805,1629561.0,3633748.004,8129796,1,0,0,0,0,20,120,0.122578417,0.735470504,6,6,6.0,0.0,0.0,0,0,0,0,1,1,0,0,6,6.857142857,6.0,6.0,20,0,0,0,0,0,0,1,6,6,36,229,0,0,20,28247.0,0.0,28247,28247,8129796.0,0.0,8129796,8129796,0
80,99727685,6,6,391,11595,391,0,65.16666667,159.6250816,5792,0,1932.5,2181.008184,120.187288,0.12032767,9066153.182,30100000.0,99700000,1,99700000,19900000.0,44600000.0,99700000,1,26413,5282.6,7637.529332,17037,46,0,0,0,0,200,200,0.060163835,0.060163835,0,5792,922.0,1714.96137,2941092.5,0,0,0,0,1,0,0,0,1,998.8333333,65.16666667,1932.5,200,0,0,0,0,0,0,6,391,6,11595,274,235,1,32,4.0,0.0,4,4,99700000.0,0.0,99700000,99700000,1
80,86114852,7,6,292,11595,292,0,41.71428571,110.3656261,5792,0,1932.5,2537.820147,138.036584,0.150961184,7176237.667,24500000.0,85100000,3,86100000,14400000.0,34700000.0,85100000,166,1534,306.8,540.0395356,1267,3,0,0,0,0,240,200,0.081286791,0.069674393,0,5792,849.0714286,1852.282271,3430949.61,0,0,0,0,1,0,0,0,0,914.3846154,41.71428571,1932.5,240,0,0,0,0,0,0,7,292,6,11595,251,235,1,32,975.0,0.0,975,975,85100000.0,0.0,85100000,85100000,1
80,13190,2,0,0,0,0,0,0.0,0.0,0,0,0.0,0.0,0.0,151.6300227,13190.0,0.0,13190,13190,13190,13190.0,0.0,13190,13190,0,0.0,0.0,0,0,0,0,0,0,64,0,151.6300227,0.0,0,0,0.0,0.0,0.0,0,0,0,0,1,0,0,0,0,0.0,0.0,0.0,64,0,0,0,0,0,0,2,0,0,0,242,-1,0,32,0.0,0.0,0,0,0.0,0.0,0,0,0
3221,27,1,1,0,6,0,0,0.0,0.0,6,6,6.0,0.0,222222.2222,74074.07407,27.0,0.0,27,27,0,0.0,0.0,0,0,0,0.0,0.0,0,0,0,0,0,0,40,20,37037.03704,37037.03704,0,6,2.0,3.464101615,12.0,0,0,0,1,0,0,0,0,1,3.0,0.0,6.0,40,0,0,0,0,0,0,1,0,1,6,29200,0,0,40,0.0,0.0,0,0,0.0,0.0,0,0,1
53,48479,2,2,76,232,38,38,38.0,0.0,116,116,116.0,0.0,6353.266362755,82.5099527631,16159.6666666667,27983.3015266843,48472,3,3,3.0,0.0,3,3,4,4.0,0.0,4,4,0,0,0,0,64,40,41.2549763815,41.2549763815,38,116,69.2,42.7223594854,1825.2,0,0,0,0,0,0,0,0,1,86.5,38.0,116.0,64,0,0,0,0,0,0,2,76,2,232,-1,-1,1,32,0.0,0.0,0,0,0.0,0.0,0,0,0
80,1536520,3,6,26,11607,20,0,8.666666667,10.26320288,4380,0,1934.5,2177.344966,7571.004608,5.857392029,192065.0,542861.2758,1535578,3,836,418.0,459.6194078,743,93,1536452,307290.4,686633.7264,1535578,3,0,0,0,0,72,132,1.95246401,3.904928019,0,4380,1163.3,1903.962654,3625073.789,0,0,0,1,0,0,0,0,2,1292.555556,8.666666667,1934.5,72,0,0,0,0,0,0,3,26,6,11607,8192,229,2,20,0.0,0.0,0,0,0.0,0.0,0,0,1
53,31126,2,2,64,204,32,32,32.0,0.0,102,102,102.0,0.0,8610.165135,128.5099274,10375.33333,17964.54231,31119,3,3,3.0,0.0,3,3,4,4.0,0.0,4,4,0,0,0,0,64,64,64.2549637,64.2549637,32,102,60.0,38.34057903,1470.0,0,0,0,0,0,0,0,0,1,75.0,32.0,102.0,64,0,0,0,0,0,0,2,64,2,204,-1,-1,1,32,0.0,0.0,0,0,0.0,0.0,0,0,0
80,144591,3,6,311,11595,311,0,103.6666667,179.5559337,4344,0,1932.5,1754.831473,82342.60777,62.24453804,18073.875,46308.18688,132308,11,12018,6009.0,7099.352083,11029,989,144425,28885.0,58039.77288,132308,13,0,0,0,0,104,200,20.74817935,41.49635869,0,4344,1190.6,1623.642763,2636215.822,0,0,0,1,0,0,0,0,2,1322.888889,103.6666667,1932.5,104,0,0,0,0,0,0,3,311,6,11595,29200,235,1,32,0.0,0.0,0,0,0.0,0.0,0,0,1
80,83805103,6,7,772,11595,380,0,128.6666667,194.7004537,4344,0,1656.428571,1760.597234,147.5685794,0.155121819,6983758.583,24100000.0,83400000,15,83700000,16700000.0,37300000.0,83400000,1011,83800000,14000000.0,34000000.0,83400000,15,0,0,0,0,176,232,0.071594686,0.083527133,0,4344,883.7857143,1445.372785,2089102.489,1,0,0,0,0,0,0,0,1,951.7692308,128.6666667,1656.428571,176,0,0,0,0,0,0,6,772,7,11595,0,235,3,20,10996.0,0.0,10996,10996,83400000.0,0.0,83400000,83400000,1
443,115486345,20,19,815,3319,486,0,40.75,114.7633148,1460,0,174.6842105,404.4626137,35.79643983,0.337702263,3039114.342,4580519.007,10000000,3,115000000,6078228.684,4879127.284,10000000,4,110000000,6126791.722,5017614.661,10000000,3,0,0,0,0,412,524,0.173180647,0.164521615,0,1460,103.35,294.4182051,86682.07949,0,0,0,1,0,0,0,0,0,106.0,40.75,174.6842105,412,0,0,0,0,0,0,20,815,19,3319,8192,31,15,20,23327.58333,28524.95764,113906,14977,9600534.167,1389270.924,10000000,5189017,0
443,104519311,39,53,834,82261,597,0,21.3846153846,97.6930249583,4344,0,1552.0943396227,674.3702265576,795.0205488821,0.8802201155,1148563.85714286,10937034.5397233,104334694,2,104519311,2750508.18421053,16924515.5112331,104334694,45,152266,2928.1923076923,7807.6216610123,33794,2,0,0,0,0,1260,1704,0.3731367881,0.5070833274,0,4344,893.4946236559,917.5861009672,841964.252688172,0,0,0,1,0,0,0,0,1,903.2065217391,21.3846153846,1552.0943396227,1260,0,0,0,0,0,0,39,834,53,82261,65535,61,5,32,184572.0,0.0,184572,184572,104334694.0,0.0,104334694,104334694,0
41502,20181,6,5,448,0,312,0,74.66666667,118.5220092,0,0,0.0,0.0,22199.09816,545.0671424,2018.1,6112.526727,19411,1,20181,4036.2,8629.438029,19469,1,694,173.5,223.1613766,471,1,1,0,0,0,192,100,297.3093504,247.757792,0,312,63.33333333,117.8977472,13899.87879,0,1,0,0,1,0,0,0,0,69.09090909,74.66666667,0.0,192,0,0,0,0,0,0,6,448,5,0,170,0,3,32,0.0,0.0,0,0,0.0,0.0,0,0,0
53,72462,4,2,132,260,33,33,33.0,0.0,130,130,130.0,0.0,5409.7319974607,82.8020203693,14492.4,26628.1114388535,61343,3,61350,20450.0,35414.3768404867,61343,3,3,3.0,0.0,3,3,0,0,0,0,80,40,55.2013469129,27.6006734564,33,130,60.7142857143,47.331153538,2240.2380952381,0,0,0,0,0,0,0,0,0,70.8333333333,33.0,130.0,80,0,0,0,0,0,0,4,132,2,260,-1,-1,3,20,0.0,0.0,0,0,0.0,0.0,0,0,0
53,92131,4,4,160,580,40,40,40.0,0.0,145,145,145.0,0.0,8032.041332,86.83287927,13161.57143,34705.01999,91865,1,91871,30623.66667,53036.55043,91865,3,68,22.66666667,35.80968212,64,1,0,0,0,0,128,128,43.41643963,43.41643963,40,145,86.66666667,55.33985905,3062.5,0,0,0,0,0,0,0,0,1,97.5,40.0,145.0,128,0,0,0,0,0,0,4,160,4,580,-1,-1,3,32,0.0,0.0,0,0,0.0,0.0,0,0,0
80,109853012,4,3,369,0,351,0,92.25,172.7085696,0,0,0.0,0.0,3.359033979,0.063721512,18300000.0,44800000.0,110000000,37,110000000,36600000.0,63400000.0,110000000,632,110000000,54900000.0,77700000.0,110000000,5232,0,0,0,0,136,104,0.036412292,0.027309219,0,351,46.125,123.3490257,15214.98214,0,0,0,1,0,0,0,0,0,52.71428571,92.25,0.0,136,0,0,0,0,0,0,4,369,3,0,29200,235,2,32,5281.0,0.0,5281,5281,110000000.0,0.0,110000000,110000000,1
80,99000477,4,5,353,11595,347,0,88.25,172.5231868,7240,0,2319.0,3331.638186,120.6862872,0.090908653,12400000.0,34900000.0,98900000,3,98900000,33000000.0,57100000.0,98900000,3,149433,37358.25,67414.04899,138183,46,0,0,0,0,124,168,0.040403846,0.050504807,0,7240,1195.4,2519.231064,6346525.156,1,0,0,0,0,0,0,0,1,1328.222222,88.25,2319.0,124,0,0,0,0,0,0,4,353,5,11595,0,235,1,20,0.0,0.0,0,0,98900000.0,0.0,98900000,98900000,1
80,5479978,3,1,12,0,6,0,4.0,3.464101615,0,0,0.0,0.0,2.189789813,0.729929938,1826659.333,3131463.042,5442497,52,5479978,2739989.0,3821923.466,5442497,37481,0,0.0,0.0,0,0,0,0,0,0,72,32,0.547447453,0.182482484,0,6,2.4,3.286335345,10.8,0,0,0,1,0,0,0,0,0,3.0,4.0,0.0,72,0,0,0,0,0,0,3,12,1,0,8192,29200,2,20,0.0,0.0,0,0,0.0,0.0,0,0,0
80,20681928,2,1,8,0,8,0,4.0,5.656854249,0,0,0.0,0.0,0.386811133,0.145054175,10300000.0,14600000.0,20700000,66,20700000,20700000.0,0.0,20700000,20700000,0,0.0,0.0,0,0,1,0,0,0,64,32,0.096702783,0.048351392,0,8,4.0,4.618802154,21.33333333,0,1,0,0,1,0,0,0,0,5.333333333,4.0,0.0,64,0,0,0,0,0,0,2,8,1,0,229,235,0,32,0.0,0.0,0,0,0.0,0.0,0,0,1
80,4000122,4,0,24,0,6,6,6.0,0.0,0,0,0.0,0.0,5.999817006,0.999969501,1333374.0,2308812.469,3999361,315,4000122,1333374.0,2308812.469,3999361,315,0,0.0,0.0,0,0,0,0,0,0,80,0,0.999969501,0.0,6,6,6.0,0.0,0.0,0,0,0,0,1,0,0,0,0,7.5,6.0,0.0,80,0,0,0,0,0,0,4,24,0,0,256,-1,3,20,0.0,0.0,0,0,0.0,0.0,0,0,1
10010,54,1,1,2,6,2,2,2.0,0.0,6,6,6.0,0.0,148148.1481,37037.03704,54.0,0.0,54,54,0,0.0,0.0,0,0,0,0.0,0.0,0,0,0,0,0,0,24,20,18518.51852,18518.51852,2,6,3.333333333,2.309401077,5.333333333,0,0,0,1,0,0,0,0,1,5.0,2.0,6.0,24,0,0,0,0,0,0,1,2,1,6,1024,0,0,24,0.0,0.0,0,0,0.0,0.0,0,0,1
80,84124151,6,7,429,11595,411,0,71.5,166.3463255,4344,0,1656.428571,1947.638216,142.9316059,0.154533506,7010345.917,24200000.0,84000000,25,84000000,16800000.0,37500000.0,84000000,981,84100000,14000000.0,34300000.0,84000000,39,0,0,0,0,164,232,0.071323157,0.083210349,0,4344,859.2857143,1563.967215,2445993.451,1,0,0,0,0,0,0,0,1,925.3846154,71.5,1656.428571,164,0,0,0,0,0,0,6,429,7,11595,0,235,3,20,9999.0,0.0,9999,9999,84000000.0,0.0,84000000,84000000,1
53,77120,1,1,61,122,61,61,61.0,0.0,122,122,122.0,0.0,2372.925311,25.93360996,77120.0,0.0,77120,77120,0,0.0,0.0,0,0,0,0.0,0.0,0,0,0,0,0,0,32,32,12.96680498,12.96680498,61,122,81.33333333,35.21836642,1240.333333,0,0,0,0,0,0,0,0,1,122.0,61.0,122.0,32,0,0,0,0,0,0,1,61,1,122,-1,-1,0,32,0.0,0.0,0,0,0.0,0.0,0,0,0
80,40938,3,5,26,11601,20,0,8.666666667,10.26320288,8760,0,2320.2,3668.897,284014.8517,195.4174606,5848.285714,10839.04659,28616,17,11928,5964.0,7390.680077,11190,738,40921,10230.25,13449.43797,28616,182,0,0,0,0,72,112,73.28154771,122.1359128,0,8760,1291.888889,2866.607422,8217438.111,0,0,0,1,0,0,0,0,1,1453.375,8.666666667,2320.2,72,0,0,0,0,0,0,3,26,5,11601,8192,229,2,20,0.0,0.0,0,0,0.0,0.0,0,0,1
53,201,2,2,118,246,59,59,59.0,0.0,123,123,123.0,0.0,1810945.274,19900.49751,67.0,74.64583043,149,3,3,3.0,0.0,3,3,49,49.0,0.0,49,49,0,0,0,0,64,64,9950.248756,9950.248756,59,123,84.6,35.05424368,1228.8,0,0,0,0,0,0,0,0,1,105.75,59.0,123.0,64,0,0,0,0,0,0,2,118,2,246,-1,-1,1,32,0.0,0.0,0,0,0.0,0.0,0,0,0
3800,69,2,2,4,12,2,2,2.0,0.0,6,6,6.0,0.0,231884.058,57971.01449,23.0,3.464101615,27,21,48,48.0,0.0,48,48,48,48.0,0.0,48,48,0,0,0,0,48,40,28985.50725,28985.50725,2,6,3.6,2.19089023,4.8,0,0,0,1,0,0,0,0,1,4.5,2.0,6.0,48,0,0,0,0,0,0,2,4,2,12,1024,0,1,24,0.0,0.0,0,0,0.0,0.0,0,0,0
36582,2,2,0,31,0,31,0,15.5,21.92031022,0,0,0.0,0.0,15500000.0,1000000.0,2.0,0.0,2,2,2,2.0,0.0,2,2,0,0.0,0.0,0,0,1,0,0,0,64,0,1000000.0,0.0,0,31,20.66666667,17.89785834,320.3333333,0,1,0,0,1,0,0,0,0,31.0,15.5,0.0,64,0,0,0,0,0,0,2,31,0,0,972,-1,0,32,0.0,0.0,0,0,0.0,0.0,0,0,0
34571,14,2,0,4,0,2,2,2.0,0.0,0,0,0.0,0.0,285714.2857,142857.1429,14.0,0.0,14,14,14,14.0,0.0,14,14,0,0.0,0.0,0,0,0,0,0,0,48,0,142857.1429,0.0,2,2,2.0,0.0,0.0,0,0,0,1,0,0,0,0,0,3.0,2.0,0.0,48,0,0,0,0,0,0,2,4,0,0,1024,-1,1,24,0.0,0.0,0,0,0.0,0.0,0,0,0
55899,114,1,1,6,6,6,6,6.0,0.0,6,6,6.0,0.0,105263.157894737,17543.8596491228,114.0,0.0,114,114,0,0.0,0.0,0,0,0,0.0,0.0,0,0,0,0,0,0,20,20,8771.9298245614,8771.9298245614,6,6,6.0,0.0,0.0,0,0,0,0,1,1,0,0,1,9.0,6.0,6.0,20,0,0,0,0,0,0,1,6,1,6,61,256,0,20,0.0,0.0,0,0,0.0,0.0,0,0,0
53,60497,4,2,156,190,39,39,39.0,0.0,95,95,95.0,0.0,5719.291866,99.17847166,12099.4,16581.00025,31823,3,31830,10610.0,18370.9969,31823,3,49,49.0,0.0,49,49,0,0,0,0,80,40,66.11898111,33.05949055,39,95,55.0,27.32520204,746.6666667,0,0,0,0,0,0,0,0,0,64.16666667,39.0,95.0,80,0,0,0,0,0,0,4,156,2,190,-1,-1,3,20,0.0,0.0,0,0,0.0,0.0,0,0,0
443,11051442,8,8,1168,3514,613,0,146.0,226.169974,1451,0,439.25,609.3396308,423.6551212,1.44777487,736762.8,2556794.596,9947866,49,10200000,1455919.429,3744731.359,9947866,214,11000000,1574854.286,3740481.172,10000000,49,0,0,0,0,172,180,0.723887435,0.723887435,0,1451,275.4117647,459.7355298,211356.7574,0,0,0,1,0,0,0,0,1,292.625,146.0,439.25,172,0,0,0,0,0,0,8,1168,8,3514,8192,14099,7,20,243570.0,0.0,243570,243570,9947866.0,0.0,9947866,9947866,0
27352,55,1,1,2,6,2,2,2.0,0.0,6,6,6.0,0.0,145454.5455,36363.63636,55.0,0.0,55,55,0,0.0,0.0,0,0,0,0.0,0.0,0,0,0,0,0,0,24,20,18181.81818,18181.81818,2,6,3.333333333,2.309401077,5.333333333,0,0,0,1,0,0,0,0,1,5.0,2.0,6.0,24,0,0,0,0,0,0,1,2,1,6,1024,0,0,24,0.0,0.0,0,0,0.0,0.0,0,0,1
53,157,2,2,102,158,51,51,51.0,0.0,79,79,79.0,0.0,1656050.955,25477.70701,52.33333333,50.63924697,105,4,4,4.0,0.0,4,4,48,48.0,0.0,48,48,0,0,0,0,40,40,12738.8535,12738.8535,51,79,62.2,15.33623161,235.2,0,0,0,0,0,0,0,0,1,77.75,51.0,79.0,40,0,0,0,0,0,0,2,102,2,158,-1,-1,1,20,0.0,0.0,0,0,0.0,0.0,0,0,0
80,80369875,8,3,56,11601,20,0,7.0,5.656854249,11595,0,3867.0,6692.644993,145.0419078,0.136867203,8036987.5,22100000.0,70200000,4,80300000,11500000.0,26200000.0,70200000,4,43424,21712.0,24717.62464,39190,4234,0,0,0,0,172,72,0.099539784,0.037327419,0,11595,971.9166667,3345.407285,11200000.0,0,0,0,0,1,0,0,0,0,1060.272727,7.0,3867.0,172,0,0,0,0,0,0,8,56,3,11601,256,229,6,20,2020.0,0.0,2020,2020,40200000.0,42500000.0,70200000,10100000,1
6502,27,1,1,0,6,0,0,0.0,0.0,6,6,6.0,0.0,222222.2222,74074.07407,27.0,0.0,27,27,0,0.0,0.0,0,0,0,0.0,0.0,0,0,0,0,0,0,40,20,37037.03704,37037.03704,0,6,2.0,3.464101615,12.0,0,0,0,1,0,0,0,0,1,3.0,0.0,6.0,40,0,0,0,0,0,0,1,0,1,6,29200,0,0,40,0.0,0.0,0,0,0.0,0.0,0,0,1
80,5415869,5,0,30,0,6,6,6.0,0.0,0,0,0.0,0.0,5.539277261,0.923212877,1353967.25,2706610.54,5413883,4,5415869,1353967.25,2706610.54,5413883,4,0,0.0,0.0,0,0,0,0,0,0,100,0,0.923212877,0.0,6,6,6.0,0.0,0.0,0,0,0,0,1,0,0,0,0,7.2,6.0,0.0,100,0,0,0,0,0,0,5,30,0,0,256,-1,4,20,1986.0,0.0,1986,1986,5413883.0,0.0,5413883,5413883,1
443,978267,17,10,1111,6206,516,0,65.35294118,131.5997441,1599,0,620.6,729.8927166,7479.553128,27.59982704,37625.65385,56052.22271,176751,1,978267,61141.6875,65805.95795,176751,1,841836,93537.33333,112176.1905,238192,2,0,0,0,0,360,212,17.37766888,10.22215816,0,1599,261.3214286,512.2119103,262361.041,0,0,0,1,0,0,0,0,0,271.0,65.35294118,620.6,360,0,0,0,0,0,0,17,1111,10,6206,29200,35,7,20,0.0,0.0,0,0,0.0,0.0,0,0,0
443,37055,2,3,12,31,6,6,6.0,0.0,31,0,10.33333333,17.89785834,1160.437188,134.9345567,9263.75,18330.95321,36760,48,36815,36815.0,0.0,36815,36815,295,147.5,140.7142495,247,48,0,0,0,0,40,96,53.9738227,80.96073404,0,31,8.166666667,11.56575405,133.7666667,1,0,0,0,0,0,0,0,1,9.8,6.0,10.33333333,40,0,0,0,0,0,0,2,12,3,31,0,243,1,20,0.0,0.0,0,0,0.0,0.0,0,0,0
80,111798271,2,1,472,6,472,0,236.0,333.7544007,6,6,6.0,0.0,4.275558072,0.026834046,55900000.0,79100000.0,112000000,79,112000000,112000000.0,0.0,112000000,112000000,0,0.0,0.0,0,0,0,0,0,0,64,20,0.017889364,0.008944682,0,472,119.5,235.0170207,55233.0,0,0,0,0,1,0,0,0,0,159.3333333,236.0,6.0,64,0,0,0,0,0,0,2,472,1,6,410,0,1,32,0.0,0.0,0,0,112000000.0,0.0,112000000,112000000,1
53,183769,1,1,44,134,44,44,44.0,0.0,134,134,134.0,0.0,968.6073277,10.8832284,183769.0,0.0,183769,183769,0,0.0,0.0,0,0,0,0.0,0.0,0,0,0,0,0,0,32,20,5.4416142,5.4416142,44,134,74.0,51.96152423,2700.0,0,0,0,0,0,0,0,0,1,111.0,44.0,134.0,32,0,0,0,0,0,0,1,44,1,134,-1,-1,0,32,0.0,0.0,0,0,0.0,0.0,0,0,0
443,3,2,0,31,0,31,0,15.5,21.92031022,0,0,0.0,0.0,10300000.0,666666.6667,3.0,0.0,3,3,3,3.0,0.0,3,3,0,0.0,0.0,0,0,1,0,0,0,64,0,666666.6667,0.0,0,31,20.66666667,17.89785834,320.3333333,0,1,0,0,1,0,0,0,0,31.0,15.5,0.0,64,0,0,0,0,0,0,2,31,0,0,252,-1,0,32,0.0,0.0,0,0,0.0,0.0,0,0,0
80,98683704,7,6,361,11595,355,0,51.57142857,133.8181068,4344,0,1932.5,1754.831473,121.1547552,0.131734009,8223642.0,28500000.0,98600000,2,98600000,16400000.0,40300000.0,98600000,2,86400,17280.0,33107.66965,75994,49,0,0,0,0,220,200,0.070933697,0.060800312,0,4344,854.0,1460.24608,2132318.615,0,0,0,0,1,0,0,0,0,919.6923077,51.57142857,1932.5,220,0,0,0,0,0,0,7,361,6,11595,251,235,2,20,995.0,0.0,995,995,98600000.0,0.0,98600000,98600000,1
54837,32434,2,1,6,0,6,0,3.0,4.2426406871,0,0,0.0,0.0,184.9910587655,92.4955293827,16217.0,22872.0759442601,32390,44,32434,32434.0,0.0,32434,32434,0,0.0,0.0,0,0,0,0,0,0,52,32,61.6636862552,30.8318431276,0,6,1.5,3.0,9.0,0,0,0,0,1,0,0,0,0,2.0,3.0,0.0,52,0,0,0,0,0,0,2,6,1,0,109,33304,1,20,0.0,0.0,0,0,0.0,0.0,0,0,0
53,259,2,2,60,344,30,30,30.0,0.0,172,172,172.0,0.0,1559845.56,15444.01544,86.33333333,147.8016689,257,1,1,1.0,0.0,1,1,1,1.0,0.0,1,1,0,0,0,0,64,64,7722.007722,7722.007722,30,172,86.8,77.77660317,6049.2,0,0,0,0,0,0,0,0,1,108.5,30.0,172.0,64,0,0,0,0,0,0,2,60,2,344,-1,-1,1,32,0.0,0.0,0,0,0.0,0.0,0,0,0
443,5572874,7,4,617,164,517,0,88.1428571429,189.988972111,152,0,41.0,74.0540343263,140.143129021,1.9738468876,557287.4,1727244.43835693,5472815,3,5572874,928812.333333333,2255370.36877491,5532525,3,80289,26763.0,30417.7017376395,59993,296,0,0,0,0,160,92,1.256084383,0.7177625046,0,517,65.0833333333,148.7233296692,22118.6287878788,0,0,0,1,0,0,0,0,0,71.0,88.1428571429,41.0,160,0,0,0,0,0,0,7,617,4,164,29200,30,6,20,100056.0,0.0,100056,100056,5472815.0,0.0,5472815,5472815,0
80,5480505,3,1,12,0,6,0,4.0,3.4641016151,0,0,0.0,0.0,2.189579245,0.7298597483,1826835.0,3131088.91364282,5442238,64,5480505,2740252.5,3821184.53943545,5442238,38267,0,0.0,0.0,0,0,0,0,0,0,72,28,0.5473948112,0.1824649371,0,6,2.4,3.286335345,10.8,0,0,0,1,0,0,0,0,0,3.0,4.0,0.0,72,0,0,0,0,0,0,3,12,1,0,8192,4380,2,20,0.0,0.0,0,0,0.0,0.0,0,0,0
5989,74,1,1,0,6,0,0,0.0,0.0,6,6,6.0,0.0,81081.08108,27027.02703,74.0,0.0,74,74,0,0.0,0.0,0,0,0,0.0,0.0,0,0,0,0,0,0,40,20,13513.51351,13513.51351,0,6,2.0,3.464101615,12.0,0,0,0,1,0,0,0,0,1,3.0,0.0,6.0,40,0,0,0,0,0,0,1,0,1,6,29200,0,0,40,0.0,0.0,0,0,0.0,0.0,0,0,1
5911,48,1,1,0,6,0,0,0.0,0.0,6,6,6.0,0.0,125000.0,41666.66667,48.0,0.0,48,48,0,0.0,0.0,0,0,0,0.0,0.0,0,0,0,0,0,0,40,20,20833.33333,20833.33333,0,6,2.0,3.464101615,12.0,0,0,0,1,0,0,0,0,1,3.0,0.0,6.0,40,0,0,0,0,0,0,1,0,1,6,29200,0,0,40,0.0,0.0,0,0,0.0,0.0,0,0,1
57409,5,2,1,12,6,6,6,6.0,0.0,6,6,6.0,0.0,3600000.0,600000.0,2.5,2.1213203436,4,1,4,4.0,0.0,4,4,0,0.0,0.0,0,0,0,0,0,0,40,20,400000.0,200000.0,6,6,6.0,0.0,0.0,0,0,0,0,1,1,0,0,0,8.0,6.0,6.0,40,0,0,0,0,0,0,2,12,1,6,32,32850,1,20,0.0,0.0,0,0,0.0,0.0,0,0,0
80,85075117,8,6,329,11595,329,0,41.125,116.3190655,4344,0,1932.5,1754.831473,140.1584908,0.164560455,6544239.769,23600000.0,84900000,1,84900000,12100000.0,32100000.0,84900000,1,144397,28879.4,56934.28173,130156,17,0,0,0,0,264,200,0.094034546,0.070525909,0,4344,794.9333333,1425.130594,2030997.21,0,0,0,0,1,0,0,0,0,851.7142857,41.125,1932.5,264,0,0,0,0,0,0,8,329,6,11595,274,235,1,32,1996.0,0.0,1996,1996,84900000.0,0.0,84900000,84900000,1
80,232995,3,4,565,517,565,0,188.3333333,326.2029021,517,0,129.25,258.5,4643.876478,30.04356317,38832.5,59159.93096,115335,4,115518,57759.0,81238.08388,115203,315,117928,39309.33333,66239.33044,115786,4,0,0,0,0,72,88,12.87581279,17.16775038,0,565,135.25,250.7626937,62881.92857,0,0,0,1,0,0,0,0,1,154.5714286,188.3333333,129.25,72,0,0,0,0,0,0,3,565,4,517,8192,4945,1,20,0.0,0.0,0,0,0.0,0.0,0,0,0
53,228,2,2,110,452,55,55,55.0,0.0,226,226,226.0,0.0,2464912.28070175,17543.8596491228,76.0,90.3161115195,177,3,3,3.0,0.0,3,3,48,48.0,0.0,48,48,0,0,0,0,40,40,8771.9298245614,8771.9298245614,55,226,123.4,93.6605573334,8772.3,0,0,0,0,0,0,0,0,1,154.25,55.0,226.0,40,0,0,0,0,0,0,2,110,2,452,-1,-1,1,20,0.0,0.0,0,0,0.0,0.0,0,0,0
80,83077983,6,6,427,11595,409,0,71.16666667,165.529957,8688,0,1932.5,3506.021777,144.707413,0.144442602,7552543.909,25000000.0,82900000,4,82900000,16600000.0,37100000.0,82900000,4,83100000,16600000.0,37000000.0,82900000,188,0,0,0,0,164,200,0.072221301,0.072221301,0,8688,925.2307692,2464.870353,6075585.859,1,0,0,0,0,0,0,0,1,1002.333333,71.16666667,1932.5,164,0,0,0,0,0,0,6,427,6,11595,0,235,3,20,18980.0,0.0,18980,18980,82900000.0,0.0,82900000,82900000,1
80,1870733,3,5,26,11607,20,0,8.666666667,10.26320288,7215,0,2321.4,3327.769794,6218.418128,4.27639861,267247.5714,706742.5583,1869989,3,532,266.0,371.9381669,529,3,1870675,467668.75,934880.1917,1869989,4,0,0,0,0,72,112,1.603649479,2.672749131,0,7215,1292.555556,2650.585648,7025604.278,0,0,0,1,0,0,0,0,1,1454.125,8.666666667,2321.4,72,0,0,0,0,0,0,3,26,5,11607,8192,229,2,20,0.0,0.0,0,0,0.0,0.0,0,0,1
80,139513,3,6,308,11595,308,0,102.6666667,177.8238829,7240,0,1932.5,2695.639126,85318.21407,64.51011734,17439.125,44488.02855,127147,6,12008,6004.0,7072.482025,11005,1003,139456,27891.2,55722.04253,127147,71,0,0,0,0,104,200,21.50337245,43.00674489,0,7240,1190.3,2227.764502,4962934.678,0,0,0,1,0,0,0,0,2,1322.555556,102.6666667,1932.5,104,0,0,0,0,0,0,3,308,6,11595,29200,235,1,32,0.0,0.0,0,0,0.0,0.0,0,0,1
80,9678819,5,0,30,0,6,6,6.0,0.0,0,0,0.0,0.0,3.099551712,0.516591952,2419704.75,4838744.856,9677822,1,9678819,2419704.75,4838744.856,9677822,1,0,0.0,0.0,0,0,0,0,0,0,100,0,0.516591952,0.0,6,6,6.0,0.0,0.0,0,0,0,0,1,0,0,0,0,7.2,6.0,0.0,100,0,0,0,0,0,0,5,30,0,0,256,-1,4,20,997.0,0.0,997,997,9677822.0,0.0,9677822,9677822,1
443,90358,3,0,0,0,0,0,0.0,0.0,0,0,0.0,0.0,0.0,33.20126607,45179.0,11119.96124,53042,37316,90358,45179.0,11119.96124,53042,37316,0,0.0,0.0,0,0,0,0,0,0,96,0,33.20126607,0.0,0,0,0.0,0.0,0.0,0,0,0,0,1,0,0,0,0,0.0,0.0,0.0,96,0,0,0,0,0,0,3,0,0,0,365,-1,0,32,0.0,0.0,0,0,0.0,0.0,0,0,0
80,100718487,7,6,342,11595,342,0,48.85714286,129.2638498,5792,0,1932.5,2181.008184,118.5184603,0.12907263,8393207.25,29000000.0,101000000,1,101000000,16800000.0,41100000.0,101000000,1,144000,28800.0,55783.8423,127838,45,0,0,0,0,232,200,0.069500647,0.059571983,0,5792,852.6428571,1667.109133,2779252.863,0,0,0,0,1,0,0,0,0,918.2307692,48.85714286,1932.5,232,0,0,0,0,0,0,7,342,6,11595,251,235,1,32,853.0,0.0,853,853,101000000.0,0.0,101000000,101000000,1
53,585886,2,2,66,192,33,33,33.0,0.0,96,96,96.0,0.0,440.3587046,6.827266738,195295.3333,338255.3776,585879,3,3,3.0,0.0,3,3,4,4.0,0.0,4,4,0,0,0,0,64,40,3.413633369,3.413633369,33,96,58.2,34.50652112,1190.7,0,0,0,0,0,0,0,0,1,72.75,33.0,96.0,64,0,0,0,0,0,0,2,66,2,192,-1,-1,1,32,0.0,0.0,0,0,0.0,0.0,0,0,0
80,87534552,9,6,62,11607,20,0,6.888888889,5.30199124,5840,0,1934.5,2538.919278,133.3073596,0.171360904,6252468.0,20600000.0,77100000,1,87400000,10900000.0,27000000.0,77100000,1,87317,17463.4,38437.12979,86218,2,0,0,0,0,192,132,0.102816543,0.068544362,0,5840,729.6875,1754.344767,3077725.563,0,0,0,0,1,0,0,0,0,778.3333333,6.888888889,1934.5,192,0,0,0,0,0,0,9,62,6,11607,256,229,7,20,987.0,0.0,987,987,43700000.0,47200000.0,77100000,10400000,1
23,71,1,1,2,6,2,2,2.0,0.0,6,6,6.0,0.0,112676.0563,28169.01408,71.0,0.0,71,71,0,0.0,0.0,0,0,0,0.0,0.0,0,0,0,0,0,0,24,20,14084.50704,14084.50704,2,6,3.333333333,2.309401077,5.333333333,0,0,0,1,0,0,0,0,1,5.0,2.0,6.0,24,0,0,0,0,0,0,1,2,1,6,1024,0,0,24,0.0,0.0,0,0,0.0,0.0,0,0,1
42,45,1,1,2,6,2,2,2.0,0.0,6,6,6.0,0.0,177777.7778,44444.44444,45.0,0.0,45,45,0,0.0,0.0,0,0,0,0.0,0.0,0,0,0,0,0,0,24,20,22222.22222,22222.22222,2,6,3.333333333,2.309401077,5.333333333,0,0,0,1,0,0,0,0,1,5.0,2.0,6.0,24,0,0,0,0,0,0,1,2,1,6,1024,0,0,24,0.0,0.0,0,0,0.0,0.0,0,0,1
8080,224069,5,4,213,145,195,0,42.6,85.23379611,129,0,36.25,61.96975069,1597.72213,40.1661988,28008.625,78372.19261,221969,25,224069,56017.25,111186.2275,222796,25,222794,74264.66667,127915.8732,221969,205,0,0,0,0,112,92,22.31455489,17.85164391,0,195,35.8,68.38908295,4677.066667,0,0,0,1,0,0,0,0,0,39.77777778,42.6,36.25,112,0,0,0,0,0,0,5,213,4,145,8192,237,4,20,0.0,0.0,0,0,0.0,0.0,0,0,1
51410,20,1,1,0,0,0,0,0.0,0.0,0,0,0.0,0.0,0.0,100000.0,20.0,0.0,20,20,0,0.0,0.0,0,0,0,0.0,0.0,0,0,0,0,0,0,20,20,50000.0,50000.0,0,0,0.0,0.0,0.0,0,0,0,0,1,1,0,0,1,0.0,0.0,0.0,20,0,0,0,0,0,0,1,0,1,0,913,256,0,20,0.0,0.0,0,0,0.0,0.0,0,0,0
17,44,1,1,2,6,2,2,2.0,0.0,6,6,6.0,0.0,181818.1818,45454.54545,44.0,0.0,44,44,0,0.0,0.0,0,0,0,0.0,0.0,0,0,0,0,0,0,24,20,22727.27273,22727.27273,2,6,3.333333333,2.309401077,5.333333333,0,0,0,1,0,0,0,0,1,5.0,2.0,6.0,24,0,0,0,0,0,0,1,2,1,6,1024,0,0,24,0.0,0.0,0,0,0.0,0.0,0,0,1
53,24043,1,1,45,102,45,45,45.0,0.0,102,102,102.0,0.0,6114.045668,83.18429481,24043.0,0.0,24043,24043,0,0.0,0.0,0,0,0,0.0,0.0,0,0,0,0,0,0,20,32,41.5921474,41.5921474,45,102,64.0,32.90896534,1083.0,0,0,0,0,0,0,0,0,1,96.0,45.0,102.0,20,0,0,0,0,0,0,1,45,1,102,-1,-1,0,20,0.0,0.0,0,0,0.0,0.0,0,0,0
80,82696170,6,7,315,11595,297,0,52.5,119.8161091,5792,0,1656.428571,2120.732252,144.0211802,0.15720196,6891347.5,23800000.0,82500000,33,82600000,16500000.0,36900000.0,82500000,998,82700000,13800000.0,33700000.0,82600000,46,0,0,0,0,164,232,0.072554751,0.084647209,0,5792,851.1428571,1667.274508,2779804.286,1,0,0,0,0,0,0,0,1,916.6153846,52.5,1656.428571,164,0,0,0,0,0,0,6,315,7,11595,0,235,3,20,11031.0,0.0,11031,11031,82500000.0,0.0,82500000,82500000,1
80,86034092,7,6,363,11595,357,0,51.85714286,134.5739308,5792,0,1932.5,2181.008184,138.9914128,0.151102891,7169507.667,24800000.0,85900000,1,85900000,14300000.0,35100000.0,85900000,1,150482,30096.4,60647.35062,138193,46,0,0,0,0,220,200,0.081363095,0.069739796,0,5792,854.1428571,1666.524844,2777305.055,0,0,0,0,1,0,0,0,0,919.8461538,51.85714286,1932.5,220,0,0,0,0,0,0,7,363,6,11595,251,235,2,20,3084.0,0.0,3084,3084,85900000.0,0.0,85900000,85900000,1
35555,196,2,1,31,6,31,0,15.5,21.92031022,6,6,6.0,0.0,188775.5102,15306.12245,98.0,46.66904756,131,65,196,196.0,0.0,196,196,0,0.0,0.0,0,0,1,0,0,0,64,20,10204.08163,5102.040816,0,31,17.0,16.35033129,267.3333333,0,1,0,0,1,0,0,0,0,22.66666667,15.5,6.0,64,0,0,0,0,0,0,2,31,1,6,1044,0,0,32,0.0,0.0,0,0,0.0,0.0,0,0,0
8651,17,1,1,2,6,2,2,2.0,0.0,6,6,6.0,0.0,470588.2353,117647.0588,17.0,0.0,17,17,0,0.0,0.0,0,0,0,0.0,0.0,0,0,0,0,0,0,24,20,58823.52941,58823.52941,2,6,3.333333333,2.309401077,5.333333333,0,0,0,1,0,0,0,0,1,5.0,2.0,6.0,24,0,0,0,0,0,0,1,2,1,6,1024,0,0,24,0.0,0.0,0,0,0.0,0.0,0,0,1
80,2769,7,0,0,0,0,0,0.0,0.0,0,0,0.0,0.0,0.0,2527.988443,461.5,447.6810248,1018,1,2769,461.5,447.6810248,1018,1,0,0.0,0.0,0,0,0,0,0,0,224,0,2527.988443,0.0,0,0,0.0,0.0,0.0,0,0,0,0,1,0,0,0,0,0.0,0.0,0.0,224,0,0,0,0,0,0,7,0,0,0,251,-1,0,32,0.0,0.0,0,0,0.0,0.0,0,0,1
57055,102645,2,3,0,18,0,0,0.0,0.0,6,6,6.0,0.0,175.3616834722,48.7115787423,25661.25,51264.5137001871,102558,2,102645,102645.0,0.0,102645,102645,5,2.5,0.7071067812,3,2,0,0,0,0,64,60,19.4846314969,29.2269472454,0,6,3.0,3.286335345,10.8,0,0,0,0,1,0,0,0,1,3.6,0.0,6.0,64,0,0,0,0,0,0,2,0,3,18,119,0,0,32,0.0,0.0,0,0,0.0,0.0,0,0,0
443,275059,10,5,704,1327,453,0,70.4,142.9399252211,1189,0,265.4,519.7545574596,7383.8703696298,54.5337545763,19647.0714285714,36981.7965812793,88054,3,275059,30562.1111111111,43652.9433212826,89910,39,179883,44970.75,50432.9785581816,88855,258,0,0,0,0,332,168,36.3558363842,18.1779181921,0,1189,126.9375,306.4205103557,93893.5291666667,0,0,0,1,0,0,0,0,0,135.4,70.4,265.4,332,0,0,0,0,0,0,10,704,5,1327,65535,114,5,32,0.0,0.0,0,0,0.0,0.0,0,0,0
80,84295144,8,6,347,11595,335,0,43.375,117.8654651,4344,0,1932.5,1754.831473,141.6688961,0.166083114,6484241.846,23300000.0,84100000,1,84200000,12000000.0,31800000.0,84100000,1,151482,30296.4,60064.74202,137203,47,0,0,0,0,240,200,0.094904636,0.071178477,0,4344,796.1333333,1424.514397,2029241.267,0,0,0,0,1,0,0,0,0,853.0,43.375,1932.5,240,0,0,0,0,0,0,8,347,6,11595,251,235,3,20,1000.0,0.0,1000,1000,84100000.0,0.0,84100000,84100000,1
912,105,2,2,4,12,2,2,2.0,0.0,6,6,6.0,0.0,152380.9524,38095.2381,35.0,22.5166605,48,9,48,48.0,0.0,48,48,48,48.0,0.0,48,48,0,0,0,0,48,40,19047.61905,19047.61905,2,6,3.6,2.19089023,4.8,0,0,0,1,0,0,0,0,1,4.5,2.0,6.0,48,0,0,0,0,0,0,2,4,2,12,1024,0,1,24,0.0,0.0,0,0,0.0,0.0,0,0,0
40913,145330,2,1,0,0,0,0,0.0,0.0,0,0,0.0,0.0,0.0,20.64267529,72665.0,102727.059,145304,26,145330,145330.0,0.0,145330,145330,0,0.0,0.0,0,0,0,0,0,0,64,32,13.76178353,6.880891764,0,0,0.0,0.0,0.0,0,0,0,0,1,1,0,0,0,0.0,0.0,0.0,64,0,0,0,0,0,0,2,0,1,0,39,813,0,32,0.0,0.0,0,0,0.0,0.0,0,0,0
80,85667134,6,7,371,11595,353,0,61.83333333,142.6722351,5792,0,1656.428571,2120.732252,139.6801719,0.151750145,7138927.833,24700000.0,85500000,16,85500000,17100000.0,38200000.0,85500000,967,85700000,14300000.0,34900000.0,85500000,46,0,0,0,0,164,232,0.070038528,0.081711616,0,5792,855.1428571,1665.909401,2775254.132,1,0,0,0,0,0,0,0,1,920.9230769,61.83333333,1656.428571,164,0,0,0,0,0,0,6,371,7,11595,0,235,3,20,8991.0,0.0,8991,8991,85500000.0,0.0,85500000,85500000,1
443,5408961,5,1,135,46,46,6,27.0,20.1246118,46,46,46.0,0.0,33.46298855,1.109270339,1081792.2,2360413.632,5304045,3,5408961,1352240.25,2634866.999,5304045,3,0,0.0,0.0,0,0,1,0,0,0,100,20,0.924391949,0.18487839,6,46,32.42857143,18.86670032,355.952381,0,1,0,0,1,0,0,0,0,37.83333333,27.0,46.0,100,0,0,0,0,0,0,5,135,1,46,256,66,4,20,93629.0,0.0,93629,93629,5304045.0,0.0,5304045,5304045,0
80,3588,2,0,12,0,6,6,6.0,0.0,0,0,0.0,0.0,3344.481605,557.4136009,3588.0,0.0,3588,3588,3588,3588.0,0.0,3588,3588,0,0.0,0.0,0,0,0,0,0,0,40,0,557.4136009,0.0,6,6,6.0,0.0,0.0,0,0,0,0,1,0,0,0,0,9.0,6.0,0.0,40,0,0,0,0,0,0,2,12,0,0,16299,-1,1,20,0.0,0.0,0,0,0.0,0.0,0,0,0
80,98380829,6,6,348,11595,348,0,58.0,142.0704051,5792,0,1932.5,2179.547086,121.3956024,0.121974984,8943711.727,29700000.0,98400000,1,98400000,19700000.0,44000000.0,98400000,1,13440,2688.0,4707.114668,10956,46,0,0,0,0,200,200,0.060987492,0.060987492,0,5792,918.6923077,1715.338324,2942385.564,0,0,0,0,1,0,0,0,1,995.25,58.0,1932.5,200,0,0,0,0,0,0,6,348,6,11595,251,235,1,32,1001.0,0.0,1001,1001,98400000.0,0.0,98400000,98400000,1
80,790425,3,6,26,11607,20,0,8.666666667,10.26320288,5755,0,1934.5,2529.124572,14717.39887,11.38627953,98803.125,279020.3265,789343,2,811,405.5,480.1255044,745,66,790345,158069.0,352893.0945,789343,2,0,0,0,0,72,132,3.795426511,7.590853022,0,5755,1163.3,2131.87096,4544873.789,0,0,0,1,0,0,0,0,2,1292.555556,8.666666667,1934.5,72,0,0,0,0,0,0,3,26,6,11607,8192,229,2,20,0.0,0.0,0,0,0.0,0.0,0,0,1
80,84562044,9,5,372,11595,372,0,41.33333333,124.0,10136,0,2319.0,4414.366206,141.5173928,0.165558912,6504772.615,23400000.0,84400000,64,84400000,10600000.0,29800000.0,84400000,171,144163,36040.75,64279.30595,132106,64,0,0,0,0,296,168,0.106430729,0.059128183,0,10136,797.8,2610.780294,6816173.743,0,0,0,0,1,0,0,0,0,854.7857143,41.33333333,2319.0,296,0,0,0,0,0,0,9,372,5,11595,251,235,1,32,1205.0,0.0,1205,1205,84400000.0,0.0,84400000,84400000,1
80,100554866,7,6,359,11595,353,0,51.28571429,133.062284,4344,0,1932.5,1754.831473,118.8803732,0.129282655,8379572.167,29000000.0,100000000,1,100000000,16700000.0,41000000.0,100000000,1,147661,29532.2,59911.5202,136369,16,0,0,0,0,220,200,0.069613737,0.059668917,0,4344,853.8571429,1460.29875,2132472.44,0,0,0,0,1,0,0,0,0,919.5384615,51.28571429,1932.5,220,0,0,0,0,0,0,7,359,6,11595,274,235,2,20,7.0,0.0,7,7,100000000.0,0.0,100000000,100000000,1
80,98882288,9,5,410,11595,410,0,45.55555556,136.6666667,7240,0,2319.0,3003.171157,121.4069804,0.141582484,7606329.846,27400000.0,98900000,1,98900000,12400000.0,35000000.0,98900000,1,9023,2255.75,3877.15655,8070,194,0,0,0,0,296,168,0.091017311,0.050565173,0,7240,800.3333333,1955.305079,3823217.952,0,0,0,0,1,0,0,0,0,857.5,45.55555556,2319.0,296,0,0,0,0,0,0,9,410,5,11595,274,235,1,32,1996.0,0.0,1996,1996,98900000.0,0.0,98900000,98900000,1
8080,6140029,3,0,0,0,0,0,0.0,0.0,0,0,0.0,0.0,0.0,0.488597041,3070014.5,42420.04291,3100010,3040019,6140029,3070014.5,42420.04291,3100010,3040019,0,0.0,0.0,0,0,0,0,0,0,92,0,0.488597041,0.0,0,0,0.0,0.0,0.0,0,0,0,1,0,0,0,0,0,0.0,0.0,0.0,92,0,0,0,0,0,0,3,0,0,0,8192,-1,0,28,0.0,0.0,0,0,0.0,0.0,0,0,0
53,207,2,2,90,172,45,45,45.0,0.0,86,86,86.0,0.0,1265700.48309179,19323.6714975845,69.0,80.5791536317,158,1,1,1.0,0.0,1,1,48,48.0,0.0,48,48,0,0,0,0,64,64,9661.8357487923,9661.8357487923,45,86,61.4,22.4566248577,504.3,0,0,0,0,0,0,0,0,1,76.75,45.0,86.0,64,0,0,0,0,0,0,2,90,2,172,-1,-1,1,32,0.0,0.0,0,0,0.0,0.0,0,0,0
79,23,1,1,2,6,2,2,2.0,0.0,6,6,6.0,0.0,347826.087,86956.52174,23.0,0.0,23,23,0,0.0,0.0,0,0,0,0.0,0.0,0,0,0,0,0,0,24,20,43478.26087,43478.26087,2,6,3.333333333,2.309401077,5.333333333,0,0,0,1,0,0,0,0,1,5.0,2.0,6.0,24,0,0,0,0,0,0,1,2,1,6,1024,0,0,24,0.0,0.0,0,0,0.0,0.0,0,0,1
80,878133,3,6,26,11607,20,0,8.666666667,10.26320288,5840,0,1934.5,2538.919278,13247.4238,10.24901695,109766.625,309235.9723,875084,47,2524,1262.0,1694.227848,2460,64,878072,175614.4,391016.7873,875084,47,0,0,0,0,72,132,3.416338983,6.832677966,0,5840,1163.3,2138.329153,4572451.567,0,0,0,1,0,0,0,0,2,1292.555556,8.666666667,1934.5,72,0,0,0,0,0,0,3,26,6,11607,8192,229,2,20,0.0,0.0,0,0,0.0,0.0,0,0,1
80,67141603,5,7,312,11595,300,0,62.4,132.8563134,4344,0,1656.428571,1760.597234,177.3416104,0.178726743,6103782.091,20200000.0,67000000,18,67000000,16800000.0,33500000.0,67000000,1014,67100000,11200000.0,27300000.0,67000000,18,0,0,0,0,144,232,0.074469476,0.104257267,0,4344,916.3846154,1499.381069,2248143.59,1,0,0,0,0,0,0,0,1,992.75,62.4,1656.428571,144,0,0,0,0,0,0,5,312,7,11595,0,235,2,20,6969.0,0.0,6969,6969,67000000.0,0.0,67000000,67000000,1
2040,48,2,0,4,0,2,2,2.0,0.0,0,0,0.0,0.0,83333.33333,41666.66667,48.0,0.0,48,48,48,48.0,0.0,48,48,0,0.0,0.0,0,0,0,0,0,0,48,0,41666.66667,0.0,2,2,2.0,0.0,0.0,0,0,0,1,0,0,0,0,0,3.0,2.0,0.0,48,0,0,0,0,0,0,2,4,0,0,1024,-1,1,24,0.0,0.0,0,0,0.0,0.0,0,0,0
53,50767,1,1,62,90,62,62,62.0,0.0,90,90,90.0,0.0,2994.070952,39.39567042,50767.0,0.0,50767,50767,0,0.0,0.0,0,0,0,0.0,0.0,0,0,0,0,0,0,32,20,19.69783521,19.69783521,62,90,71.33333333,16.16580754,261.3333333,0,0,0,0,0,0,0,0,1,107.0,62.0,90.0,32,0,0,0,0,0,0,1,62,1,90,-1,-1,0,32,0.0,0.0,0,0,0.0,0.0,0,0,0
80,3,2,0,0,0,0,0,0.0,0.0,0,0,0.0,0.0,0.0,666666.6667,3.0,0.0,3,3,3,3.0,0.0,3,3,0,0.0,0.0,0,0,0,0,0,0,64,0,666666.6667,0.0,0,0,0.0,0.0,0.0,0,0,0,0,1,0,0,0,0,0.0,0.0,0.0,64,0,0,0,0,0,0,2,0,0,0,251,-1,0,32,0.0,0.0,0,0,0.0,0.0,0,0,1
22,70,1,1,0,0,0,0,0.0,0.0,0,0,0.0,0.0,0.0,28571.42857,70.0,0.0,70,70,0,0.0,0.0,0,0,0,0.0,0.0,0,0,0,0,0,0,32,32,14285.71429,14285.71429,0,0,0.0,0.0,0.0,0,0,0,0,1,1,0,0,1,0.0,0.0,0.0,32,0,0,0,0,0,0,1,0,1,0,259,247,0,32,0.0,0.0,0,0,0.0,0.0,0,0,1
443,276,4,0,64,0,46,6,16.0,20.0,0,0,0.0,0.0,231884.058,14492.75362,92.0,87.50428561,179,4,276,92.0,87.50428561,179,4,0,0.0,0.0,0,0,0,0,0,0,80,0,14492.75362,0.0,6,46,14.0,17.88854382,320.0,0,0,0,0,1,0,0,0,0,17.5,16.0,0.0,80,0,0,0,0,0,0,4,64,0,0,330,-1,3,20,0.0,0.0,0,0,0.0,0.0,0,0,0
80,86035311,8,6,378,11595,378,0,47.25,133.6431816,7240,0,1932.5,2695.639126,139.1637906,0.162723884,6618100.846,23800000.0,85900000,1,85900000,12300000.0,32500000.0,85900000,1,150627,30125.4,59616.79213,136236,71,0,0,0,0,264,200,0.092985077,0.069738808,0,7240,798.2,1877.036502,3523266.029,0,0,0,0,1,0,0,0,0,855.2142857,47.25,1932.5,264,0,0,0,0,0,0,8,378,6,11595,251,235,1,32,984.0,0.0,984,984,85900000.0,0.0,85900000,85900000,1
80,3,4,0,6,0,6,0,1.5,3.0,0,0,0.0,0.0,2000000.0,1333333.333,1.0,0.0,1,1,3,1.0,0.0,1,1,0,0.0,0.0,0,0,0,0,0,0,116,0,1333333.333,0.0,0,6,1.2,2.683281573,7.2,0,0,0,0,1,0,0,0,0,1.5,1.5,0.0,116,0,0,0,0,0,0,4,6,0,0,251,-1,1,20,0.0,0.0,0,0,0.0,0.0,0,0,1
1271,62,1,1,0,6,0,0,0.0,0.0,6,6,6.0,0.0,96774.19355,32258.06452,62.0,0.0,62,62,0,0.0,0.0,0,0,0,0.0,0.0,0,0,0,0,0,0,40,20,16129.03226,16129.03226,0,6,2.0,3.464101615,12.0,0,0,0,1,0,0,0,0,1,3.0,0.0,6.0,40,0,0,0,0,0,0,1,0,1,6,29200,0,0,40,0.0,0.0,0,0,0.0,0.0,0,0,1
53,294,2,2,68,278,34,34,34.0,0.0,139,139,139.0,0.0,1176870.748,13605.44218,98.0,168.0089283,292,1,1,1.0,0.0,1,1,1,1.0,0.0,1,1,0,0,0,0,80,80,6802.721088,6802.721088,34,139,76.0,57.51086854,3307.5,0,0,0,0,0,0,0,0,1,95.0,34.0,139.0,80,0,0,0,0,0,0,2,68,2,278,-1,-1,1,40,0.0,0.0,0,0,0.0,0.0,0,0,0
53,48357,1,1,40,168,40,40,40.0,0.0,168,168,168.0,0.0,4301.342101,41.35905867,48357.0,0.0,48357,48357,0,0.0,0.0,0,0,0,0.0,0.0,0,0,0,0,0,0,32,32,20.67952933,20.67952933,40,168,82.66666667,73.90083446,5461.333333,0,0,0,0,0,0,0,0,1,124.0,40.0,168.0,32,0,0,0,0,0,0,1,40,1,168,-1,-1,0,32,0.0,0.0,0,0,0.0,0.0,0,0,0
46340,3,2,0,0,0,0,0,0.0,0.0,0,0,0.0,0.0,0.0,666666.666666667,3.0,0.0,3,3,3,3.0,0.0,3,3,0,0.0,0.0,0,0,0,0,0,0,64,0,666666.666666667,0.0,0,0,0.0,0.0,0.0,0,0,0,0,1,0,0,0,0,0.0,0.0,0.0,64,0,0,0,0,0,0,2,0,0,0,512,-1,0,32,0.0,0.0,0,0,0.0,0.0,0,0,0
80,98879512,6,6,381,11595,381,0,63.5,155.5425987,5803,0,1932.5,2539.075088,121.1171026,0.121359822,8989046.545,29800000.0,98900000,0,98900000,19800000.0,44200000.0,98900000,0,1023,204.6,292.9544333,709,3,0,0,0,0,200,200,0.060679911,0.060679911,0,5803,921.2307692,1909.501469,3646195.859,0,0,0,0,1,0,0,0,1,998.0,63.5,1932.5,200,0,0,0,0,0,0,6,381,6,11595,251,235,1,32,2.0,0.0,2,2,98900000.0,0.0,98900000,98900000,1
5810,74,2,2,4,12,2,2,2.0,0.0,6,6,6.0,0.0,216216.2162,54054.05405,24.66666667,1.527525232,26,23,48,48.0,0.0,48,48,49,49.0,0.0,49,49,0,0,0,0,48,40,27027.02703,27027.02703,2,6,3.6,2.19089023,4.8,0,0,0,1,0,0,0,0,1,4.5,2.0,6.0,48,0,0,0,0,0,0,2,4,2,12,1024,0,1,24,0.0,0.0,0,0,0.0,0.0,0,0,0
443,10341485,19,23,1004,28950,355,0,52.84210526,115.2042935,2896,0,1258.695652,787.8087236,2896.489237,4.061312278,252231.3415,1560169.493,9997754,1,10300000,572385.7222,2352428.81,9997807,159,10300000,469005.5455,2133715.775,10000000,1,0,0,0,0,616,744,1.837260316,2.224051962,0,2896,696.6046512,838.3548271,702838.8162,0,0,0,1,0,0,0,0,1,713.1904762,52.84210526,1258.695652,616,0,0,0,0,0,0,19,1004,23,28950,29200,63,4,32,305189.0,0.0,305189,305189,9997754.0,0.0,9997754,9997754,0
49881,5768,3,1,50,6,38,6,16.66666667,18.47520861,6,6,6.0,0.0,9708.737864,693.481276,1922.666667,3302.469127,5736,3,5768,2884.0,4074.349273,5765,3,0,0.0,0.0,0,0,0,0,0,0,60,20,520.110957,173.370319,6,38,12.4,14.31083506,204.8,0,0,0,0,1,0,0,0,0,15.5,16.66666667,6.0,60,0,0,0,0,0,0,3,50,1,6,351,0,2,20,0.0,0.0,0,0,0.0,0.0,0,0,0
53,23799,2,2,70,102,35,35,35.0,0.0,51,51,51.0,0.0,7227.1944199336,168.0742888357,7933.0,13696.2102422531,23748,3,48,48.0,0.0,48,48,3,3.0,0.0,3,3,0,0,0,0,64,64,84.0371444178,84.0371444178,35,51,41.4,8.7635609201,76.8,0,0,0,0,0,0,0,0,1,51.75,35.0,51.0,64,0,0,0,0,0,0,2,70,2,102,-1,-1,1,32,0.0,0.0,0,0,0.0,0.0,0,0,0
1583,114,2,2,4,12,2,2,2.0,0.0,6,6,6.0,0.0,140350.8772,35087.7193,38.0,23.64318084,55,11,48,48.0,0.0,48,48,55,55.0,0.0,55,55,0,0,0,0,48,40,17543.85965,17543.85965,2,6,3.6,2.19089023,4.8,0,0,0,1,0,0,0,0,1,4.5,2.0,6.0,48,0,0,0,0,0,0,2,4,2,12,1024,0,1,24,0.0,0.0,0,0,0.0,0.0,0,0,0
443,217,2,0,0,0,0,0,0.0,0.0,0,0,0.0,0.0,0.0,9216.589862,217.0,0.0,217,217,217,217.0,0.0,217,217,0,0.0,0.0,0,0,0,0,0,0,64,0,9216.589862,0.0,0,0,0.0,0.0,0.0,0,0,0,0,1,0,0,0,0,0.0,0.0,0.0,64,0,0,0,0,0,0,2,0,0,0,366,-1,0,32,0.0,0.0,0,0,0.0,0.0,0,0,0
17847,87,1,1,6,6,6,6,6.0,0.0,6,6,6.0,0.0,137931.0345,22988.50575,87.0,0.0,87,87,0,0.0,0.0,0,0,0,0.0,0.0,0,0,0,0,0,0,20,20,11494.25287,11494.25287,6,6,6.0,0.0,0.0,0,0,0,0,1,1,0,0,1,9.0,6.0,6.0,20,0,0,0,0,0,0,1,6,1,6,980,253,0,20,0.0,0.0,0,0,0.0,0.0,0,0,0
80,113,2,0,0,0,0,0,0.0,0.0,0,0,0.0,0.0,0.0,17699.11504,113.0,0.0,113,113,113,113.0,0.0,113,113,0,0.0,0.0,0,0,0,0,0,0,64,0,17699.11504,0.0,0,0,0.0,0.0,0.0,0,0,0,0,1,0,0,0,0,0.0,0.0,0.0,64,0,0,0,0,0,0,2,0,0,0,251,-1,0,32,0.0,0.0,0,0,0.0,0.0,0,0,1
80,85803527,6,5,324,11595,324,0,54.0,132.2724461,7240,0,2319.0,3331.638186,138.9103737,0.128199858,8580352.7,27100000.0,85700000,43,85700000,17100000.0,38300000.0,85700000,206,145431,36357.75,62911.78846,130133,85,0,0,0,0,200,168,0.069927195,0.058272663,0,7240,993.25,2326.809877,5414044.205,0,0,0,0,1,0,0,0,0,1083.545455,54.0,2319.0,200,0,0,0,0,0,0,6,324,5,11595,251,235,1,32,472.0,0.0,472,472,85700000.0,0.0,85700000,85700000,1
80,1850612,3,4,26,11607,20,0,8.666666667,10.26320288,11595,0,2901.75,5795.50069,6286.028622,3.782532481,308435.3333,755018.8382,1849611,5,894,447.0,397.394011,728,166,1850568,616856.0,1067597.252,1849611,5,0,0,0,0,72,92,1.621085349,2.161447132,0,11595,1454.125,4097.537534,16800000.0,0,0,0,1,0,0,0,0,1,1661.857143,8.666666667,2901.75,72,0,0,0,0,0,0,3,26,4,11607,8192,229,2,20,0.0,0.0,0,0,0.0,0.0,0,0,1
49774,4,2,0,0,0,0,0,0.0,0.0,0,0,0.0,0.0,0.0,500000.0,4.0,0.0,4,4,4,4.0,0.0,4,4,0,0.0,0.0,0,0,0,0,0,0,40,0,500000.0,0.0,0,0,0.0,0.0,0.0,0,0,0,0,1,0,0,0,0,0.0,0.0,0.0,40,0,0,0,0,0,0,2,0,0,0,4499,-1,0,20,0.0,0.0,0,0,0.0,0.0,0,0,0
53,524,1,1,72,149,72,72,72.0,0.0,149,149,149.0,0.0,421755.7252,3816.793893,524.0,0.0,524,524,0,0.0,0.0,0,0,0,0.0,0.0,0,0,0,0,0,0,32,32,1908.396947,1908.396947,72,149,97.66666667,44.45597073,1976.333333,0,0,0,0,0,0,0,0,1,146.5,72.0,149.0,32,0,0,0,0,0,0,1,72,1,149,-1,-1,0,32,0.0,0.0,0,0,0.0,0.0,0,0,0
7938,56,1,1,0,6,0,0,0.0,0.0,6,6,6.0,0.0,107142.8571,35714.28571,56.0,0.0,56,56,0,0.0,0.0,0,0,0,0.0,0.0,0,0,0,0,0,0,40,20,17857.14286,17857.14286,0,6,2.0,3.464101615,12.0,0,0,0,1,0,0,0,0,1,3.0,0.0,6.0,40,0,0,0,0,0,0,1,0,1,6,29200,0,0,40,0.0,0.0,0,0,0.0,0.0,0,0,1
53,62559055,2,2,144,242,88,56,72.0,22.627416998,170,72,121.0,69.2964645563,6.1701699298,0.0639395848,20853018.3333333,36091767.4100603,62528198,442,62558613,62558613.0,0.0,62558613,62558613,62528640,62528640.0,0.0,62528640,62528640,0,0,0,0,76,64,0.0319697924,0.0319697924,56,170,94.8,44.0817422523,1943.2,0,0,0,0,0,0,0,0,1,118.5,72.0,121.0,76,0,0,0,0,0,0,2,144,2,242,-1,-1,1,32,30415.0,0.0,30415,30415,62528198.0,0.0,62528198,62528198,0
443,5739017,9,5,626,2725,342,0,69.5555555556,120.83678156,1400,0,545.0,712.0519643959,583.8979044669,2.4394421553,441462.846153846,1480857.63837795,5367106,1,5739017,717377.125,1879783.01532684,5367106,1,294343,73585.75,106656.830649753,226238,47,0,0,0,0,200,108,1.5682128141,0.8712293412,0,1400,223.4,457.0821745438,208924.114285714,0,0,0,1,0,0,0,0,0,239.3571428571,69.5555555556,545.0,200,0,0,0,0,0,0,9,626,5,2725,29200,11256,8,20,371864.0,0.0,371864,371864,5367106.0,0.0,5367106,5367106,0
1455,44,1,1,0,6,0,0,0.0,0.0,6,6,6.0,0.0,136363.6364,45454.54545,44.0,0.0,44,44,0,0.0,0.0,0,0,0,0.0,0.0,0,0,0,0,0,0,40,20,22727.27273,22727.27273,0,6,2.0,3.464101615,12.0,0,0,0,1,0,0,0,0,1,3.0,0.0,6.0,40,0,0,0,0,0,0,1,0,1,6,29200,0,0,40,0.0,0.0,0,0,0.0,0.0,0,0,1
80,98856686,7,6,399,11595,399,0,57.0,150.8078247,4344,0,1932.5,1754.831473,121.3271503,0.131503498,8238057.167,28500000.0,98800000,1,98800000,16500000.0,40300000.0,98800000,1,85429,17085.8,28610.37771,66109,16,0,0,0,0,232,200,0.070809576,0.060693922,0,4344,856.7142857,1459.406488,2129867.297,0,0,0,0,1,0,0,0,0,922.6153846,57.0,1932.5,232,0,0,0,0,0,0,7,399,6,11595,251,235,1,32,987.0,0.0,987,987,98800000.0,0.0,98800000,98800000,1
80,85284865,8,5,380,11595,374,0,47.5,131.9426282,8688,0,2319.0,3774.237539,140.4117835,0.152430329,7107072.083,24600000.0,85100000,1,85200000,12200000.0,32200000.0,85100000,1,147376,36844.0,65137.93052,134126,64,0,0,0,0,252,168,0.093803279,0.058627049,0,8688,855.3571429,2382.069094,5674253.17,0,0,0,0,1,0,0,0,0,921.1538462,47.5,2319.0,252,0,0,0,0,0,0,8,380,5,11595,251,235,2,20,3799.0,0.0,3799,3799,85100000.0,0.0,85100000,85100000,1
9001,61,1,1,2,6,2,2,2.0,0.0,6,6,6.0,0.0,131147.541,32786.88525,61.0,0.0,61,61,0,0.0,0.0,0,0,0,0.0,0.0,0,0,0,0,0,0,24,20,16393.44262,16393.44262,2,6,3.333333333,2.309401077,5.333333333,0,0,0,1,0,0,0,0,1,5.0,2.0,6.0,24,0,0,0,0,0,0,1,2,1,6,1024,0,0,24,0.0,0.0,0,0,0.0,0.0,0,0,1
53,61515,2,2,58,190,29,29,29.0,0.0,95,95,95.0,0.0,4031.5370234902,65.0247907015,20505.0,35473.2743484443,61466,1,1,1.0,0.0,1,1,48,48.0,0.0,48,48,0,0,0,0,64,64,32.5123953507,32.5123953507,29,95,55.4,36.1496887953,1306.8,0,0,0,0,0,0,0,0,1,69.25,29.0,95.0,64,0,0,0,0,0,0,2,58,2,190,-1,-1,1,32,0.0,0.0,0,0,0.0,0.0,0,0,0
53,48491,4,2,164,186,41,41,41.0,0.0,93,93,93.0,0.0,7217.8342372812,123.7343012105,9698.2,14072.8105828225,30844,3,30850,10283.3333333333,17806.0596520773,30844,3,3,3.0,0.0,3,3,0,0,0,0,104,40,82.4895341404,41.2447670702,41,93,55.8571428571,25.3734018967,643.8095238095,0,0,0,0,0,0,0,0,0,65.1666666667,41.0,93.0,104,0,0,0,0,0,0,4,164,2,186,-1,-1,3,20,0.0,0.0,0,0,0.0,0.0,0,0,0
10621,46,1,1,2,6,2,2,2.0,0.0,6,6,6.0,0.0,173913.0435,43478.26087,46.0,0.0,46,46,0,0.0,0.0,0,0,0,0.0,0.0,0,0,0,0,0,0,24,20,21739.13043,21739.13043,2,6,3.333333333,2.309401077,5.333333333,0,0,0,1,0,0,0,0,1,5.0,2.0,6.0,24,0,0,0,0,0,0,1,2,1,6,1024,0,0,24,0.0,0.0,0,0,0.0,0.0,0,0,1
443,5526568,8,5,555,2663,326,0,69.375,123.0597271,1452,0,532.6,710.7346903,582.2781878,2.352273599,460547.3333,1207444.235,4261888,3,5526568,789509.7143,1546922.157,4261888,3,719276,179819.0,207158.5516,360915,207,0,0,0,0,172,112,1.447552984,0.904720615,0,1452,229.8571429,467.7045183,218747.5165,0,0,0,1,0,0,0,0,0,247.5384615,69.375,532.6,172,0,0,0,0,0,0,8,555,5,2663,8192,16616,3,20,0.0,0.0,0,0,0.0,0.0,0,0,0
443,116013851,20,20,1339,3673,837,0,66.95,193.2703247,1400,0,183.65,438.3634967,43.20173804,0.344786417,2974714.128,4544966.475,10000000,4,116000000,6105992.158,4882848.834,10100000,4,111000000,5823827.263,5090095.064,10100000,48,0,0,0,0,412,408,0.172393208,0.172393208,0,1400,122.2439024,335.8686336,112807.739,0,0,0,1,0,0,0,0,1,125.3,66.95,183.65,412,0,0,0,0,0,0,20,1339,20,3673,8192,5475,15,20,50368.66667,51700.55548,214539,35224,9617451.917,1351626.752,10000000,5325833,0
1032,19,1,1,0,6,0,0,0.0,0.0,6,6,6.0,0.0,315789.4737,105263.1579,19.0,0.0,19,19,0,0.0,0.0,0,0,0,0.0,0.0,0,0,0,0,0,0,40,20,52631.57895,52631.57895,0,6,2.0,3.464101615,12.0,0,0,0,1,0,0,0,0,1,3.0,0.0,6.0,40,0,0,0,0,0,0,1,0,1,6,29200,0,0,40,0.0,0.0,0,0,0.0,0.0,0,0,1
50150,47,1,1,6,6,6,6,6.0,0.0,6,6,6.0,0.0,255319.14893617,42553.1914893617,47.0,0.0,47,47,0,0.0,0.0,0,0,0,0.0,0.0,0,0,0,0,0,0,20,20,21276.5957446809,21276.5957446809,6,6,6.0,0.0,0.0,0,0,0,0,1,1,0,0,1,9.0,6.0,6.0,20,0,0,0,0,0,0,1,6,1,6,913,256,0,20,0.0,0.0,0,0,0.0,0.0,0,0,0
80,105002635,2,2,16,0,8,8,8.0,0.0,0,0,0.0,0.0,0.152377128,0.038094282,35000000.0,60600000.0,105000000,73,105000000,105000000.0,0.0,105000000,105000000,105000000,105000000.0,0.0,105000000,105000000,1,0,0,0,64,64,0.019047141,0.019047141,0,8,4.8,4.38178046,19.2,0,1,0,0,1,0,0,0,1,6.0,8.0,0.0,64,0,0,0,0,0,0,2,16,2,0,229,235,1,32,73.0,0.0,73,73,105000000.0,0.0,105000000,105000000,1
80,58685,3,5,26,11601,20,0,8.666666667,10.26320288,5840,0,2320.2,2436.833027,198125.5858,136.321036,8383.571429,18556.02041,49943,4,8022,4011.0,5666.753744,8018,4,58623,14655.75,23805.45248,49943,67,0,0,0,0,72,112,51.12038851,85.20064752,0,5840,1291.888889,2110.95076,4456113.111,0,0,0,1,0,0,0,0,1,1453.375,8.666666667,2320.2,72,0,0,0,0,0,0,3,26,5,11601,8192,229,2,20,0.0,0.0,0,0,0.0,0.0,0,0,1
58477,7970,2,1,280,6,274,6,140.0,189.5046174,6,6,6.0,0.0,35884.56713,376.4115433,3985.0,5550.788232,7910,60,7970,7970.0,0.0,7970,7970,0,0.0,0.0,0,0,1,0,0,0,40,20,250.9410289,125.4705144,6,274,140.0,154.7298721,23941.33333,0,1,0,0,1,0,0,0,0,186.6666667,140.0,6.0,40,0,0,0,0,0,0,2,280,1,6,60,0,1,20,0.0,0.0,0,0,0.0,0.0,0,0,0
80,176,2,0,12,0,6,6,6.0,0.0,0,0,0.0,0.0,68181.81818,11363.63636,176.0,0.0,176,176,176,176.0,0.0,176,176,0,0.0,0.0,0,0,0,0,0,0,40,0,11363.63636,0.0,6,6,6.0,0.0,0.0,0,0,0,0,1,0,0,0,0,9.0,6.0,0.0,40,0,0,0,0,0,0,2,12,0,0,256,-1,1,20,0.0,0.0,0,0,0.0,0.0,0,0,0
55010,119,1,2,0,0,0,0,0.0,0.0,0,0,0.0,0.0,0.0,25210.08403,59.5,14.8492424,70,49,0,0.0,0.0,0,0,49,49.0,0.0,49,49,0,0,0,0,20,40,8403.361345,16806.72269,0,0,0.0,0.0,0.0,0,0,0,0,1,1,0,0,2,0.0,0.0,0.0,20,0,0,0,0,0,0,1,0,2,0,2051,254,0,20,0.0,0.0,0,0,0.0,0.0,0,0,0
5510,75,1,1,0,6,0,0,0.0,0.0,6,6,6.0,0.0,80000.0,26666.66667,75.0,0.0,75,75,0,0.0,0.0,0,0,0,0.0,0.0,0,0,0,0,0,0,40,20,13333.33333,13333.33333,0,6,2.0,3.464101615,12.0,0,0,0,1,0,0,0,0,1,3.0,0.0,6.0,40,0,0,0,0,0,0,1,0,1,6,29200,0,0,40,0.0,0.0,0,0,0.0,0.0,0,0,1
7778,47,1,1,2,6,2,2,2.0,0.0,6,6,6.0,0.0,170212.766,42553.19149,47.0,0.0,47,47,0,0.0,0.0,0,0,0,0.0,0.0,0,0,0,0,0,0,24,20,21276.59574,21276.59574,2,6,3.333333333,2.309401077,5.333333333,0,0,0,1,0,0,0,0,1,5.0,2.0,6.0,24,0,0,0,0,0,0,1,2,1,6,1024,0,0,24,0.0,0.0,0,0,0.0,0.0,0,0,1
80,98141974,8,6,379,11595,373,0,47.375,131.5891197,5792,0,1932.5,2362.781391,122.0069203,0.142650483,7549382.615,27200000.0,98100000,0,98100000,14000000.0,37100000.0,98100000,0,9726,1945.2,3954.136467,9017,47,0,0,0,0,252,200,0.081514562,0.061135921,0,5792,798.2666667,1709.254995,2921552.638,0,0,0,0,1,0,0,0,0,855.2857143,47.375,1932.5,252,0,0,0,0,0,0,8,379,6,11595,274,235,2,20,2000.0,0.0,2000,2000,98100000.0,0.0,98100000,98100000,1
19283,44,1,1,2,6,2,2,2.0,0.0,6,6,6.0,0.0,181818.1818,45454.54545,44.0,0.0,44,44,0,0.0,0.0,0,0,0,0.0,0.0,0,0,0,0,0,0,24,20,22727.27273,22727.27273,2,6,3.333333333,2.309401077,5.333333333,0,0,0,1,0,0,0,0,1,5.0,2.0,6.0,24,0,0,0,0,0,0,1,2,1,6,1024,0,0,24,0.0,0.0,0,0,0.0,0.0,0,0,1
80,87124405,6,4,294,11595,294,0,49.0,120.0249974,10136,0,2898.75,4873.608203,136.4600424,0.114778402,9680489.444,28900000.0,86900000,80,86900000,17400000.0,38800000.0,86900000,216,252921,84307.0,133275.3963,237970,189,0,0,0,0,200,136,0.068867041,0.045911361,0,10136,1080.818182,3034.860221,9210376.564,0,0,0,0,1,0,0,0,0,1188.9,49.0,2898.75,200,0,0,0,0,0,0,6,294,4,11595,251,235,1,32,482.0,0.0,482,482,86900000.0,0.0,86900000,86900000,1
80,98236671,9,5,62,11601,20,0,6.888888889,5.30199124,8760,0,2320.2,3668.897,118.7234857,0.142512973,7556667.0,26500000.0,95900000,11,97700000,12200000.0,33800000.0,95900000,11,581136,145284.0,287773.0751,576936,191,0,0,0,0,192,112,0.091615482,0.05089749,0,8760,777.9333333,2262.786603,5120203.21,0,0,0,0,1,0,0,0,0,833.5,6.888888889,2320.2,192,0,0,0,0,0,0,9,62,5,11601,256,229,7,20,1795163.0,0.0,1795163,1795163,95900000.0,0.0,95900000,95900000,1
53,23697,2,2,70,102,35,35,35.0,0.0,51,51,51.0,0.0,7258.302739,168.7977381,7899.0,13675.40716,23690,3,3,3.0,0.0,3,3,4,4.0,0.0,4,4,0,0,0,0,64,64,84.39886906,84.39886906,35,51,41.4,8.76356092,76.8,0,0,0,0,0,0,0,0,1,51.75,35.0,51.0,64,0,0,0,0,0,0,2,70,2,102,-1,-1,1,32,0.0,0.0,0,0,0.0,0.0,0,0,0
80,100757618,10,6,345,11595,339,0,34.5,107.0070091,4344,0,1932.5,1754.831473,118.502206,0.158796926,6717174.533,26000000.0,101000000,0,101000000,11200000.0,33500000.0,101000000,0,178208,35641.6,73079.89058,166050,15,0,0,0,0,316,200,0.099248079,0.059548847,0,4344,702.3529412,1358.615285,1845835.493,0,0,0,0,1,0,0,0,0,746.25,34.5,1932.5,316,0,0,0,0,0,0,10,345,6,11595,251,235,2,20,3002.0,0.0,3002,3002,101000000.0,0.0,101000000,101000000,1
443,33254387,57,82,2683,146692,517,0,47.07017544,130.4949178,2920,0,1788.926829,985.9082017,4491.888544,4.179899632,240973.8188,1370790.562,9997821,3,24900000,444912.9821,1903966.79,10400000,73,32900000,405940.2469,1827917.022,10400000,3,0,0,0,0,1152,1700,1.714059562,2.465840071,0,2920,1066.964286,1146.959029,1315515.013,0,0,0,1,0,0,0,0,1,1074.640288,47.07017544,1788.926829,1152,0,0,0,0,0,0,57,2683,82,146692,8192,148,56,20,1764800.0,2410799.087,4548551,372795,9319994.667,1172418.344,9997821,7966203,0
80,80749532,8,5,56,11607,20,0,7.0,5.656854249,10135,0,2321.4,4413.201989,144.4342736,0.160991645,6729127.667,21400000.0,74300000,3,80600000,11500000.0,27800000.0,74300000,142,192829,48207.25,95776.36254,191871,3,0,0,0,0,172,112,0.099071782,0.061919864,0,10135,833.5,2705.044255,7317264.423,0,0,0,0,1,0,0,0,0,897.6153846,7.0,2321.4,172,0,0,0,0,0,0,8,56,5,11607,256,229,6,20,1008.0,0.0,1008,1008,40300000.0,48200000.0,74300000,6226557,1
10379,2661,3,0,18,0,6,6,6.0,0.0,0,0,0.0,0.0,6764.374295,1127.395716,1330.5,1504.016124,2394,267,2661,1330.5,1504.016124,2394,267,0,0.0,0.0,0,0,0,0,0,0,60,0,1127.395716,0.0,6,6,6.0,0.0,0.0,0,0,0,0,1,0,0,0,0,8.0,6.0,0.0,60,0,0,0,0,0,0,3,18,0,0,360,-1,2,20,0.0,0.0,0,0,0.0,0.0,0,0,0
53,26342,2,2,68,278,34,34,34.0,0.0,139,139,139.0,0.0,13134.91762,151.8487586,8780.666667,15205.09682,26338,0,0,0.0,0.0,0,0,4,4.0,0.0,4,4,0,0,0,0,64,64,75.92437932,75.92437932,34,139,76.0,57.51086854,3307.5,0,0,0,0,0,0,0,0,1,95.0,34.0,139.0,64,0,0,0,0,0,0,2,68,2,278,-1,-1,1,32,0.0,0.0,0,0,0.0,0.0,0,0,0
80,85708914,4,6,330,11595,324,0,82.5,161.0248428,5792,0,1932.5,2181.008184,139.1337195,0.116673979,9523212.667,28500000.0,85600000,4,85600000,28500000.0,49400000.0,85600000,4,148527,29705.4,59282.17077,135284,46,0,0,0,0,124,200,0.046669591,0.070004387,0,5792,1084.636364,1826.350803,3335557.255,1,0,0,0,0,0,0,0,1,1193.1,82.5,1932.5,124,0,0,0,0,0,0,4,330,6,11595,0,235,1,20,0.0,0.0,0,0,85600000.0,0.0,85600000,85600000,1
59905,4,2,0,37,0,31,6,18.5,17.6776695297,0,0,0.0,0.0,9250000.0,500000.0,4.0,0.0,4,4,4,4.0,0.0,4,4,0,0.0,0.0,0,0,1,0,0,0,40,0,500000.0,0.0,6,31,22.6666666667,14.4337567297,208.3333333333,0,1,0,0,1,0,0,0,0,34.0,18.5,0.0,40,0,0,0,0,0,0,2,37,0,0,130,-1,1,20,0.0,0.0,0,0,0.0,0.0,0,0,0
53,31086,2,2,74,262,37,37,37.0,0.0,131,131,131.0,0.0,10808.7241845204,128.675287911,10362.0,17940.5822647984,31078,4,4,4.0,0.0,4,4,4,4.0,0.0,4,4,0,0,0,0,88,64,64.3376439555,64.3376439555,37,131,74.6,51.4859204055,2650.8,0,0,0,0,0,0,0,0,1,93.25,37.0,131.0,88,0,0,0,0,0,0,2,74,2,262,-1,-1,1,44,0.0,0.0,0,0,0.0,0.0,0,0,0
80,98406701,7,3,378,11595,372,0,54.0,140.2426469,11595,0,3865.0,6694.376371,121.6685437,0.101619096,10900000.0,32800000.0,98400000,2,98400000,16400000.0,40200000.0,98400000,2,5452,2726.0,3248.448553,5023,429,0,0,0,0,220,104,0.071133367,0.030485729,0,11595,1088.454545,3486.407588,12200000.0,0,0,0,0,1,0,0,0,0,1197.3,54.0,3865.0,220,0,0,0,0,0,0,7,378,3,11595,251,235,2,20,977.0,0.0,977,977,98400000.0,0.0,98400000,98400000,1
53,896,2,2,68,158,34,34,34.0,0.0,79,79,79.0,0.0,252232.1429,4464.285714,298.6666667,511.2439079,889,3,3,3.0,0.0,3,3,4,4.0,0.0,4,4,0,0,0,0,64,64,2232.142857,2232.142857,34,79,52.0,24.64751509,607.5,0,0,0,0,0,0,0,0,1,65.0,34.0,79.0,64,0,0,0,0,0,0,2,68,2,158,-1,-1,1,32,0.0,0.0,0,0,0.0,0.0,0,0,0
53,31562,1,1,62,116,62,62,62.0,0.0,116,116,116.0,0.0,5639.693302,63.36734047,31562.0,0.0,31562,31562,0,0.0,0.0,0,0,0,0.0,0.0,0,0,0,0,0,0,20,20,31.68367024,31.68367024,62,116,80.0,31.17691454,972.0,0,0,0,0,0,0,0,0,1,120.0,62.0,116.0,20,0,0,0,0,0,0,1,62,1,116,-1,-1,0,20,0.0,0.0,0,0,0.0,0.0,0,0,0
80,84724312,9,7,358,11595,358,0,39.77777778,119.3333333,4344,0,1656.428571,1547.737688,141.0811102,0.188847801,5648287.467,21800000.0,84600000,1,84600000,10600000.0,29900000.0,84600000,1,136686,22781.0,50349.47732,125166,15,0,0,0,0,296,232,0.106226888,0.082620913,0,4344,703.1176471,1257.553174,1581439.985,0,0,0,0,1,0,0,0,0,747.0625,39.77777778,1656.428571,296,0,0,0,0,0,0,9,358,7,11595,251,235,1,32,997.0,0.0,997,997,84600000.0,0.0,84600000,84600000,1
53,204,2,2,84,282,42,42,42.0,0.0,141,141,141.0,0.0,1794117.647,19607.84314,68.0,112.5833025,198,3,3,3.0,0.0,3,3,3,3.0,0.0,3,3,0,0,0,0,64,64,9803.921569,9803.921569,42,141,81.6,54.22453319,2940.3,0,0,0,0,0,0,0,0,1,102.0,42.0,141.0,64,0,0,0,0,0,0,2,84,2,282,-1,-1,1,32,0.0,0.0,0,0,0.0,0.0,0,0,0
53,203,2,2,90,172,45,45,45.0,0.0,86,86,86.0,0.0,1290640.394,19704.4335,67.66666667,111.1410515,196,3,4,4.0,0.0,4,4,3,3.0,0.0,3,3,0,0,0,0,80,80,9852.216749,9852.216749,45,86,61.4,22.45662486,504.3,0,0,0,0,0,0,0,0,1,76.75,45.0,86.0,80,0,0,0,0,0,0,2,90,2,172,-1,-1,1,40,0.0,0.0,0,0,0.0,0.0,0,0,0
1067,39,1,2,0,0,0,0,0.0,0.0,0,0,0.0,0.0,0.0,76923.07692,19.5,24.74873734,37,2,0,0.0,0.0,0,0,2,2.0,0.0,2,2,0,0,0,0,20,40,25641.02564,51282.05128,0,0,0.0,0.0,0.0,0,0,0,0,1,1,0,0,2,0.0,0.0,0.0,20,0,0,0,0,0,0,1,0,2,0,389,256,0,20,0.0,0.0,0,0,0.0,0.0,0,0,0
80,80695353,8,6,56,11601,20,0,7.0,5.656854249,4380,0,1933.5,1757.789948,144.4568933,0.173492023,6207334.846,20500000.0,74300000,5,79100000,11300000.0,27800000.0,74300000,5,1598687,319737.4,709723.4782,1589311,37,0,0,0,0,172,132,0.099138299,0.074353724,0,4380,777.5333333,1434.571657,2057995.838,0,0,0,0,1,0,0,0,0,833.0714286,7.0,1933.5,172,0,0,0,0,0,0,8,56,6,11601,256,229,6,20,4795569.0,0.0,4795569,4795569,74300000.0,0.0,74300000,74300000,1
443,559883,2,0,12,0,6,6,6.0,0.0,0,0,0.0,0.0,21.4330494,3.572174901,559883.0,0.0,559883,559883,559883,559883.0,0.0,559883,559883,0,0.0,0.0,0,0,0,0,0,0,40,0,3.572174901,0.0,6,6,6.0,0.0,0.0,0,0,0,0,1,0,0,0,0,9.0,6.0,0.0,40,0,0,0,0,0,0,2,12,0,0,256,-1,1,20,0.0,0.0,0,0,0.0,0.0,0,0,0
80,33673,3,6,26,11601,20,0,8.666666667,10.26320288,5840,0,1933.5,2189.772933,345291.4798,267.2764529,4209.125,11286.7844,32134,22,32996,16498.0,22149.41281,32160,836,33647,6729.4,14681.8622,32992,50,0,0,0,0,72,132,89.09215098,178.184302,0,5840,1162.7,1911.59573,3654198.233,0,0,0,1,0,0,0,0,2,1291.888889,8.666666667,1933.5,72,0,0,0,0,0,0,3,26,6,11601,8192,229,2,20,0.0,0.0,0,0,0.0,0.0,0,0,1
53,257,2,2,56,398,28,28,28.0,0.0,199,199,199.0,0.0,1766536.965,15564.20233,85.66666667,105.6614089,205,4,4,4.0,0.0,4,4,48,48.0,0.0,48,48,0,0,0,0,64,64,7782.101167,7782.101167,28,199,96.4,93.66055733,8772.3,0,0,0,0,0,0,0,0,1,120.5,28.0,199.0,64,0,0,0,0,0,0,2,56,2,398,-1,-1,1,32,0.0,0.0,0,0,0.0,0.0,0,0,0
53,30613,1,1,52,68,52,52,52.0,0.0,68,68,68.0,0.0,3919.903309,65.33172182,30613.0,0.0,30613,30613,0,0.0,0.0,0,0,0,0.0,0.0,0,0,0,0,0,0,20,32,32.66586091,32.66586091,52,68,57.33333333,9.237604307,85.33333333,0,0,0,0,0,0,0,0,1,86.0,52.0,68.0,20,0,0,0,0,0,0,1,52,1,68,-1,-1,0,20,0.0,0.0,0,0,0.0,0.0,0,0,0
53,140,2,2,84,116,42,42,42.0,0.0,58,58,58.0,0.0,1428571.429,28571.42857,46.66666667,75.63288526,134,3,3,3.0,0.0,3,3,3,3.0,0.0,3,3,0,0,0,0,40,40,14285.71429,14285.71429,42,58,48.4,8.76356092,76.8,0,0,0,0,0,0,0,0,1,60.5,42.0,58.0,40,0,0,0,0,0,0,2,84,2,116,-1,-1,1,20,0.0,0.0,0,0,0.0,0.0,0,0,0
21,9690405,9,15,103,188,23,0,11.44444444,9.207484878,34,0,12.53333333,14.54975045,30.02970464,2.476676671,421321.9565,1100915.788,3684679,3,6736045,842005.625,1568042.496,3733085,236,9690320,692165.7143,1359863.499,3684679,3,0,0,0,0,296,488,0.928753752,1.54792292,0,34,11.64,12.56609194,157.9066667,0,0,0,1,0,0,0,0,1,12.125,11.44444444,12.53333333,296,0,0,0,0,0,0,9,103,15,188,29200,227,6,32,0.0,0.0,0,0,0.0,0.0,0,0,1
80,87523123,8,5,56,11607,20,0,7.0,5.656854249,10135,0,2321.4,4413.201989,133.2562139,0.148532177,7293593.583,23500000.0,81900000,3,86300000,12300000.0,30700000.0,81900000,3,1200604,300151.0,599536.142,1199455,5,0,0,0,0,172,112,0.091404417,0.05712776,0,10135,833.5,2705.044255,7317264.423,0,0,0,0,1,0,0,0,0,897.6153846,7.0,2321.4,172,0,0,0,0,0,0,8,56,5,11607,256,229,6,20,4374907.0,0.0,4374907,4374907,81900000.0,0.0,81900000,81900000,1
2196,49,1,1,0,6,0,0,0.0,0.0,6,6,6.0,0.0,122448.9796,40816.32653,49.0,0.0,49,49,0,0.0,0.0,0,0,0,0.0,0.0,0,0,0,0,0,0,40,20,20408.16327,20408.16327,0,6,2.0,3.464101615,12.0,0,0,0,1,0,0,0,0,1,3.0,0.0,6.0,40,0,0,0,0,0,0,1,0,1,6,29200,0,0,40,0.0,0.0,0,0,0.0,0.0,0,0,1
10001,47,1,1,2,6,2,2,2.0,0.0,6,6,6.0,0.0,170212.766,42553.19149,47.0,0.0,47,47,0,0.0,0.0,0,0,0,0.0,0.0,0,0,0,0,0,0,24,20,21276.59574,21276.59574,2,6,3.333333333,2.309401077,5.333333333,0,0,0,1,0,0,0,0,1,5.0,2.0,6.0,24,0,0,0,0,0,0,1,2,1,6,1024,0,0,24,0.0,0.0,0,0,0.0,0.0,0,0,1
80,83768689,8,3,56,11601,20,0,7.0,5.656854249,11595,0,3867.0,6692.644993,139.1570065,0.131313981,8376868.9,25700000.0,81400000,1,83800000,12000000.0,30600000.0,81400000,1,19022,9511.0,9360.679569,16130,2892,0,0,0,0,172,72,0.095501077,0.035812904,0,11595,971.9166667,3345.407285,11200000.0,0,0,0,0,1,0,0,0,0,1060.272727,7.0,3867.0,172,0,0,0,0,0,0,8,56,3,11601,256,229,6,20,2379048.0,0.0,2379048,2379048,81400000.0,0.0,81400000,81400000,1
1310,66,2,2,4,12,2,2,2.0,0.0,6,6,6.0,0.0,242424.2424,60606.06061,22.0,8.660254038,32,17,49,49.0,0.0,49,49,49,49.0,0.0,49,49,0,0,0,0,48,40,30303.0303,30303.0303,2,6,3.6,2.19089023,4.8,0,0,0,1,0,0,0,0,1,4.5,2.0,6.0,48,0,0,0,0,0,0,2,4,2,12,1024,0,1,24,0.0,0.0,0,0,0.0,0.0,0,0,0
80,86218394,9,6,62,11607,20,0,6.888888889,5.30199124,8760,0,1934.5,3414.854477,135.3423493,0.173976797,6158456.714,20900000.0,78500000,0,84800000,10600000.0,27500000.0,78500000,0,1387106,277421.2,619699.9447,1385974,1,0,0,0,0,192,132,0.104386078,0.069590719,0,8760,729.6875,2194.561208,4816098.896,0,0,0,0,1,0,0,0,0,778.3333333,6.888888889,1934.5,192,0,0,0,0,0,0,9,62,6,11607,256,229,7,20,1041.0,0.0,1041,1041,42400000.0,51000000.0,78500000,6356830,1
80,38302,3,4,26,11607,20,0,8.666666667,10.26320288,11595,0,2901.75,5795.50069,303717.8215,182.7580805,6383.666667,15100.85924,37204,5,954,477.0,527.5016588,850,104,38158,12719.33333,21209.59595,37204,5,0,0,0,0,72,92,78.32489165,104.4331889,0,11595,1454.125,4097.537534,16800000.0,0,0,0,1,0,0,0,0,1,1661.857143,8.666666667,2901.75,72,0,0,0,0,0,0,3,26,4,11607,8192,229,2,20,0.0,0.0,0,0,0.0,0.0,0,0,1
80,111132117,30,25,26768,2659,3866,0,892.2666667,1372.303448,309,0,106.36,145.5683917,264.7929401,0.494906436,2058002.167,3842905.693,10200000,25,111000000,3831036.379,4588600.722,10200000,47,111000000,4629168.458,4682362.929,10300000,503,0,0,0,0,960,800,0.269948965,0.224957471,0,3866,525.4821429,1077.24811,1160463.491,0,0,0,0,1,0,0,0,0,535.0363636,892.2666667,106.36,960,0,0,0,0,0,0,30,26768,25,2659,975,5565,12,32,286863.4167,697025.5741,2413423,31909,8971474.5,1903749.208,10200000,5844764,0
80,10143739,4,0,24,0,6,6,6.0,0.0,0,0,0.0,0.0,2.365991475,0.394331913,3381246.333,5855623.572,10100000,4,10100000,3381246.333,5855623.572,10100000,4,0,0.0,0.0,0,0,0,0,0,0,80,0,0.394331913,0.0,6,6,6.0,0.0,0.0,0,0,0,0,1,0,0,0,0,7.5,6.0,0.0,80,0,0,0,0,0,0,4,24,0,0,256,-1,3,20,1001.0,0.0,1001,1001,10100000.0,0.0,10100000,10100000,1
80,1796976,3,6,26,11601,20,0,8.666666667,10.26320288,5840,0,1933.5,2189.772933,6470.314573,5.008414136,224622.0,625435.1037,1772377,14,24016,12008.0,14813.88707,22483,1533,1796878,359375.6,789961.0872,1772377,14,0,0,0,0,72,132,1.669471379,3.338942757,0,5840,1162.7,1911.59573,3654198.233,0,0,0,1,0,0,0,0,2,1291.888889,8.666666667,1933.5,72,0,0,0,0,0,0,3,26,6,11601,8192,229,2,20,0.0,0.0,0,0,0.0,0.0,0,0,1
443,5661483,10,7,364,6126,207,0,36.4,71.8303557,2896,0,875.1428571,1103.099788,1146.342752,3.002746807,353842.6875,1333754.89,5354140,7,5661483,629053.6667,1772207.527,5354140,18,261251,43541.83333,66009.08487,132886,86,0,0,0,0,352,232,1.766321651,1.236425156,0,2896,360.5555556,781.4684685,610692.9673,0,0,0,1,0,0,0,0,0,381.7647059,36.4,875.1428571,352,0,0,0,0,0,0,10,364,7,6126,29200,59,3,32,307325.0,0.0,307325,307325,5354140.0,0.0,5354140,5354140,0
2869,43,1,1,0,6,0,0,0.0,0.0,6,6,6.0,0.0,139534.8837,46511.62791,43.0,0.0,43,43,0,0.0,0.0,0,0,0,0.0,0.0,0,0,0,0,0,0,40,20,23255.81395,23255.81395,0,6,2.0,3.464101615,12.0,0,0,0,1,0,0,0,0,1,3.0,0.0,6.0,40,0,0,0,0,0,0,1,0,1,6,29200,0,0,40,0.0,0.0,0,0,0.0,0.0,0,0,1
50324,24,1,1,6,6,6,6,6.0,0.0,6,6,6.0,0.0,500000.0,83333.3333333333,24.0,0.0,24,24,0,0.0,0.0,0,0,0,0.0,0.0,0,0,0,0,0,0,20,20,41666.6666666667,41666.6666666667,6,6,6.0,0.0,0.0,0,0,0,0,1,1,0,0,1,9.0,6.0,6.0,20,0,0,0,0,0,0,1,6,1,6,60,255,0,20,0.0,0.0,0,0,0.0,0.0,0,0,0
80,3,2,0,0,0,0,0,0.0,0.0,0,0,0.0,0.0,0.0,666666.6667,3.0,0.0,3,3,3,3.0,0.0,3,3,0,0.0,0.0,0,0,0,0,0,0,64,0,666666.6667,0.0,0,0,0.0,0.0,0.0,0,0,0,0,1,0,0,0,0,0.0,0.0,0.0,64,0,0,0,0,0,0,2,0,0,0,251,-1,0,32,0.0,0.0,0,0,0.0,0.0,0,0,1
53,326821,2,2,84,206,42,42,42.0,0.0,103,103,103.0,0.0,887.3358811,12.2391156,108940.3333,188684.9962,326815,3,3,3.0,0.0,3,3,3,3.0,0.0,3,3,0,0,0,0,80,40,6.119557801,6.119557801,42,103,66.4,33.41107601,1116.3,0,0,0,0,0,0,0,0,1,83.0,42.0,103.0,80,0,0,0,0,0,0,2,84,2,206,-1,-1,1,40,0.0,0.0,0,0,0.0,0.0,0,0,0
1026,57,1,1,2,6,2,2,2.0,0.0,6,6,6.0,0.0,140350.8772,35087.7193,57.0,0.0,57,57,0,0.0,0.0,0,0,0,0.0,0.0,0,0,0,0,0,0,24,20,17543.85965,17543.85965,2,6,3.333333333,2.309401077,5.333333333,0,0,0,1,0,0,0,0,1,5.0,2.0,6.0,24,0,0,0,0,0,0,1,2,1,6,1024,0,0,24,0.0,0.0,0,0,0.0,0.0,0,0,1
22,41,1,1,0,0,0,0,0.0,0.0,0,0,0.0,0.0,0.0,48780.4878,41.0,0.0,41,41,0,0.0,0.0,0,0,0,0.0,0.0,0,0,0,0,0,0,32,32,24390.2439,24390.2439,0,0,0.0,0.0,0.0,0,0,0,0,1,1,0,0,1,0.0,0.0,0.0,32,0,0,0,0,0,0,1,0,1,0,259,247,0,32,0.0,0.0,0,0,0.0,0.0,0,0,1
53,181,2,2,62,94,31,31,31.0,0.0,47,47,47.0,0.0,861878.453,22099.44751,60.33333333,21.38535324,85,47,49,49.0,0.0,49,49,47,47.0,0.0,47,47,0,0,0,0,64,72,11049.72376,11049.72376,31,47,37.4,8.76356092,76.8,0,0,0,0,0,0,0,0,1,46.75,31.0,47.0,64,0,0,0,0,0,0,2,62,2,94,-1,-1,1,32,0.0,0.0,0,0,0.0,0.0,0,0,0
80,151633,3,5,357,11595,357,0,119.0,206.1140461,8688,0,2319.0,3774.237539,78821.89233,52.75896408,21661.85714,52045.93357,139263,7,11994,5997.0,8471.139239,11987,7,151608,37902.0,67807.90901,139263,79,0,0,0,0,104,168,19.78461153,32.97435255,0,8688,1328.0,2918.121699,8515434.25,0,0,0,1,0,0,0,0,1,1494.0,119.0,2319.0,104,0,0,0,0,0,0,3,357,5,11595,29200,235,1,32,0.0,0.0,0,0,0.0,0.0,0,0,1
80,543249,3,4,26,11607,20,0,8.666666667,10.26320288,11595,0,2901.75,5795.50069,21413.75318,12.88543559,90541.5,221502.2734,542681,4,525,262.5,301.9345956,476,49,543211,181070.3333,313164.1324,542681,4,0,0,0,0,72,92,5.522329539,7.363106053,0,11595,1454.125,4097.537534,16800000.0,0,0,0,1,0,0,0,0,1,1661.857143,8.666666667,2901.75,72,0,0,0,0,0,0,3,26,4,11607,8192,229,2,20,0.0,0.0,0,0,0.0,0.0,0,0,1
53,45071828,2,2,99,647,55,44,49.5,7.778174593,342,305,323.5,26.1629509,16.55135887,0.088747233,15000000.0,25900000.0,45000000,552,45000000,45000000.0,0.0,45000000,45000000,45100000,45100000.0,0.0,45100000,45100000,0,0,0,0,40,40,0.044373616,0.044373616,44,342,160.2,149.712057,22413.7,0,0,0,0,0,0,0,0,1,200.25,49.5,323.5,40,0,0,0,0,0,0,2,99,2,647,-1,-1,1,20,552.0,0.0,552,552,45000000.0,0.0,45000000,45000000,0
53,181,2,2,104,136,52,52,52.0,0.0,68,68,68.0,0.0,1325966.851,22099.44751,60.33333333,65.03332479,131,3,47,47.0,0.0,47,47,3,3.0,0.0,3,3,0,0,0,0,64,64,11049.72376,11049.72376,52,68,58.4,8.76356092,76.8,0,0,0,0,0,0,0,0,1,73.0,52.0,68.0,64,0,0,0,0,0,0,2,104,2,136,-1,-1,1,32,0.0,0.0,0,0,0.0,0.0,0,0,0
80,6018819,5,0,30,0,6,6,6.0,0.0,0,0,0.0,0.0,4.984366534,0.830727756,1504704.75,3007425.61,6015843,4,6018819,1504704.75,3007425.61,6015843,4,0,0.0,0.0,0,0,0,0,0,0,100,0,0.830727756,0.0,6,6,6.0,0.0,0.0,0,0,0,0,1,0,0,0,0,7.2,6.0,0.0,100,0,0,0,0,0,0,5,30,0,0,256,-1,4,20,2976.0,0.0,2976,2976,6015843.0,0.0,6015843,6015843,1
10009,34,1,1,2,6,2,2,2.0,0.0,6,6,6.0,0.0,235294.1176,58823.52941,34.0,0.0,34,34,0,0.0,0.0,0,0,0,0.0,0.0,0,0,0,0,0,0,24,20,29411.76471,29411.76471,2,6,3.333333333,2.309401077,5.333333333,0,0,0,1,0,0,0,0,1,5.0,2.0,6.0,24,0,0,0,0,0,0,1,2,1,6,1024,0,0,24,0.0,0.0,0,0,0.0,0.0,0,0,1
80,2299975,5,0,30,0,6,6,6.0,0.0,0,0,0.0,0.0,13.04362004,2.173936673,574993.75,1147319.713,2295971,2,2299975,574993.75,1147319.713,2295971,2,0,0.0,0.0,0,0,0,0,0,0,100,0,2.173936673,0.0,6,6,6.0,0.0,0.0,0,0,0,0,1,0,0,0,0,7.2,6.0,0.0,100,0,0,0,0,0,0,5,30,0,0,256,-1,4,20,0.0,0.0,0,0,0.0,0.0,0,0,1
5815,3,1,1,0,6,0,0,0.0,0.0,6,6,6.0,0.0,2000000.0,666666.6667,3.0,0.0,3,3,0,0.0,0.0,0,0,0,0.0,0.0,0,0,0,0,0,0,40,20,333333.3333,333333.3333,0,6,2.0,3.464101615,12.0,0,0,0,1,0,0,0,0,1,3.0,0.0,6.0,40,0,0,0,0,0,0,1,0,1,6,29200,0,0,40,0.0,0.0,0,0,0.0,0.0,0,0,1
137,21,13,0,650,0,50,50,50.0,0.0,0,0,0.0,0.0,31000000.0,619047.619,1.75,2.00567377,8,1,21,1.75,2.00567377,8,1,0,0.0,0.0,0,0,0,0,0,0,416,0,619047.619,0.0,50,50,50.0,0.0,0.0,0,0,0,0,0,0,0,0,0,53.84615385,50.0,0.0,416,0,0,0,0,0,0,13,650,0,0,-1,-1,12,32,0.0,0.0,0,0,0.0,0.0,0,0,0
80,5206111,3,1,12,0,6,0,4.0,3.4641016151,0,0,0.0,0.0,2.3049835088,0.7683278363,1735370.33333333,2985165.09155814,5182315,67,5206111,2603055.5,3647623.76577965,5182315,23796,0,0.0,0.0,0,0,0,0,0,0,72,32,0.5762458772,0.1920819591,0,6,2.4,3.286335345,10.8,0,0,0,1,0,0,0,0,0,3.0,4.0,0.0,72,0,0,0,0,0,0,3,12,1,0,8192,29200,2,20,0.0,0.0,0,0,0.0,0.0,0,0,0
80,98457527,8,5,352,11595,352,0,44.0,124.4507935,8699,0,2319.0,3780.562524,121.3416624,0.132036629,8204793.917,28400000.0,98500000,1,98500000,14100000.0,37200000.0,98500000,1,2254,563.5,944.8193831,1976,4,0,0,0,0,264,168,0.08125331,0.050783319,0,8699,853.3571429,2385.666545,5691404.863,0,0,0,0,1,0,0,0,0,919.0,44.0,2319.0,264,0,0,0,0,0,0,8,352,5,11595,274,235,1,32,994.0,0.0,994,994,98500000.0,0.0,98500000,98500000,1
53,209,2,2,90,222,45,45,45.0,0.0,111,111,111.0,0.0,1492822.967,19138.75598,69.66666667,36.66515148,112,48,48,48.0,0.0,48,48,49,49.0,0.0,49,49,0,0,0,0,40,40,9569.37799,9569.37799,45,111,71.4,36.1496888,1306.8,0,0,0,0,0,0,0,0,1,89.25,45.0,111.0,40,0,0,0,0,0,0,2,90,2,222,-1,-1,1,20,0.0,0.0,0,0,0.0,0.0,0,0,0
443,5353122,6,4,611,164,517,0,101.8333333,204.3050823,152,0,41.0,74.05403433,144.7753292,1.868068764,594791.3333,1741724.159,5239041,3,5353122,1070624.4,2365862.656,5302750,3,90045,30015.0,32151.17808,64157,317,0,0,0,0,132,92,1.120841259,0.747227506,0,517,70.45454545,154.756818,23949.67273,0,0,0,1,0,0,0,0,0,77.5,101.8333333,41.0,132,0,0,0,0,0,0,6,611,4,164,8192,946,5,20,114078.0,0.0,114078,114078,5239041.0,0.0,5239041,5239041,0
443,895093,10,4,736,975,485,0,73.6,152.495682999,837,0,243.75,400.8144832713,1911.5332149844,15.640832852,68853.3076923077,212150.044154047,773498,22,895093,99454.7777777778,253184.524138413,773498,22,846015,282005.0,454351.707109151,806226,1736,0,0,0,0,332,136,11.1720234657,4.4688093863,0,837,114.0666666667,237.2323956036,56279.2095238095,0,0,0,1,0,0,0,0,0,122.2142857143,73.6,243.75,332,0,0,0,0,0,0,10,736,4,975,65535,61,5,32,0.0,0.0,0,0,0.0,0.0,0,0,0
80,86014184,7,6,357,11595,357,0,51.0,134.9333169,5792,0,1932.5,2181.008184,138.9538265,0.151137863,7167848.667,24800000.0,85900000,0,85900000,14300000.0,35000000.0,85900000,0,163599,32719.8,65474.14129,149346,9,0,0,0,0,232,200,0.081381926,0.069755937,0,5792,853.7142857,1666.760489,2778090.527,0,0,0,0,1,0,0,0,0,919.3846154,51.0,1932.5,232,0,0,0,0,0,0,7,357,6,11595,251,235,1,32,5.0,0.0,5,5,85900000.0,0.0,85900000,85900000,1
53,31030,1,1,44,204,44,44,44.0,0.0,204,204,204.0,0.0,7992.2655494683,64.4537544312,31030.0,0.0,31030,31030,0,0.0,0.0,0,0,0,0.0,0.0,0,0,0,0,0,0,20,20,32.2268772156,32.2268772156,44,204,97.3333333333,92.3760430703,8533.3333333333,0,0,0,0,0,0,0,0,1,146.0,44.0,204.0,20,0,0,0,0,0,0,1,44,1,204,-1,-1,0,20,0.0,0.0,0,0,0.0,0.0,0,0,0
53,175,2,2,72,136,36,36,36.0,0.0,68,68,68.0,0.0,1188571.42857143,22857.1428571429,58.3333333333,95.8401446855,169,3,3,3.0,0.0,3,3,3,3.0,0.0,3,3,0,0,0,0,64,64,11428.5714285714,11428.5714285714,36,68,48.8,17.5271218402,307.2,0,0,0,0,0,0,0,0,1,61.0,36.0,68.0,64,0,0,0,0,0,0,2,72,2,136,-1,-1,1,32,0.0,0.0,0,0,0.0,0.0,0,0,0
1137,26,1,1,2,6,2,2,2.0,0.0,6,6,6.0,0.0,307692.3077,76923.07692,26.0,0.0,26,26,0,0.0,0.0,0,0,0,0.0,0.0,0,0,0,0,0,0,24,20,38461.53846,38461.53846,2,6,3.333333333,2.309401077,5.333333333,0,0,0,1,0,0,0,0,1,5.0,2.0,6.0,24,0,0,0,0,0,0,1,2,1,6,1024,0,0,24,0.0,0.0,0,0,0.0,0.0,0,0,1
80,98762594,4,6,300,11595,294,0,75.0,146.0273947,4344,0,1932.5,1753.015202,120.4403359,0.10125291,11000000.0,32900000.0,98700000,5,98700000,32900000.0,57000000.0,98700000,5,49626,9925.2,16475.62669,38172,64,0,0,0,0,124,200,0.040501164,0.060751746,0,4344,1081.909091,1580.612442,2498335.691,1,0,0,0,0,0,0,0,1,1190.1,75.0,1932.5,124,0,0,0,0,0,0,4,300,6,11595,0,235,1,20,0.0,0.0,0,0,98700000.0,0.0,98700000,98700000,1
53,190,2,2,112,368,56,56,56.0,0.0,184,184,184.0,0.0,2526315.78947368,21052.6315789474,63.3333333333,102.7683479158,182,4,4,4.0,0.0,4,4,4,4.0,0.0,4,4,0,0,0,0,64,64,10526.3157894737,10526.3157894737,56,184,107.2,70.1084873607,4915.2,0,0,0,0,0,0,0,0,1,134.0,56.0,184.0,64,0,0,0,0,0,0,2,112,2,368,-1,-1,1,32,0.0,0.0,0,0,0.0,0.0,0,0,0
53,54363,1,1,43,71,43,43,43.0,0.0,71,71,71.0,0.0,2097.014514,36.78972831,54363.0,0.0,54363,54363,0,0.0,0.0,0,0,0,0.0,0.0,0,0,0,0,0,0,32,20,18.39486415,18.39486415,43,71,52.33333333,16.16580754,261.3333333,0,0,0,0,0,0,0,0,1,78.5,43.0,71.0,32,0,0,0,0,0,0,1,43,1,71,-1,-1,0,32,0.0,0.0,0,0,0.0,0.0,0,0,0
80,5090200,4,4,425,414,413,0,106.25,204.519559,402,0,103.5,199.0200995,164.8265294,1.571647479,727171.4286,1874037.435,4976859,110,113341,37780.33333,34509.65888,67976,164,5045109,1681703.0,2874366.022,5000649,1539,0,0,0,0,92,92,0.78582374,0.78582374,0,413,93.22222222,178.2216161,31762.94444,0,0,0,1,0,0,0,0,1,104.875,106.25,103.5,92,0,0,0,0,0,0,4,425,4,414,8192,123,3,20,0.0,0.0,0,0,0.0,0.0,0,0,0
53,197,2,2,88,344,44,44,44.0,0.0,172,172,172.0,0.0,2192893.401,20304.56853,65.66666667,106.8097998,189,4,4,4.0,0.0,4,4,4,4.0,0.0,4,4,0,0,0,0,40,40,10152.28426,10152.28426,44,172,95.2,70.10848736,4915.2,0,0,0,0,0,0,0,0,1,119.0,44.0,172.0,40,0,0,0,0,0,0,2,88,2,344,-1,-1,1,20,0.0,0.0,0,0,0.0,0.0,0,0,0
50652,23,1,1,6,6,6,6,6.0,0.0,6,6,6.0,0.0,521739.130434783,86956.5217391304,23.0,0.0,23,23,0,0.0,0.0,0,0,0,0.0,0.0,0,0,0,0,0,0,20,20,43478.2608695652,43478.2608695652,6,6,6.0,0.0,0.0,0,0,0,0,1,1,0,0,1,9.0,6.0,6.0,20,0,0,0,0,0,0,1,6,1,6,8190,63427,0,20,0.0,0.0,0,0,0.0,0.0,0,0,0
80,63086069,7,0,0,0,0,0,0.0,0.0,0,0,0.0,0.0,0.0,0.110959521,10500000.0,11900000.0,32000000,998461,63100000,10500000.0,11900000.0,32000000,998461,0,0.0,0.0,0,0,0,0,0,0,280,0,0.110959521,0.0,0,0,0.0,0.0,0.0,0,0,0,1,0,0,0,0,0,0.0,0.0,0.0,280,0,0,0,0,0,0,7,0,0,0,29200,-1,0,40,7006413.0,0.0,7006413,7006413,18700000.0,12200000.0,32000000,8015903,1
6689,78,1,1,2,6,2,2,2.0,0.0,6,6,6.0,0.0,102564.1026,25641.02564,78.0,0.0,78,78,0,0.0,0.0,0,0,0,0.0,0.0,0,0,0,0,0,0,24,20,12820.51282,12820.51282,2,6,3.333333333,2.309401077,5.333333333,0,0,0,1,0,0,0,0,1,5.0,2.0,6.0,24,0,0,0,0,0,0,1,2,1,6,1024,0,0,24,0.0,0.0,0,0,0.0,0.0,0,0,1
80,11919006,7,5,467,11632,467,0,66.71428571,176.5094089,7288,0,2326.4,3351.290617,1015.101427,1.006795365,1083546.0,2446199.408,6915223,1,6925678,1154279.667,2826521.28,6923892,1,11900000,2979734.5,3527647.315,6915223,161,0,0,0,0,232,168,0.587297296,0.419498069,0,7288,930.6923077,2253.569812,5078576.897,0,0,0,1,0,0,0,0,0,1008.25,66.71428571,2326.4,232,0,0,0,0,0,0,7,467,5,11632,29200,235,1,32,838.0,0.0,838,838,6915223.0,0.0,6915223,6915223,1
53,62087,1,1,51,179,51,51,51.0,0.0,179,179,179.0,0.0,3704.479199,32.2128626,62087.0,0.0,62087,62087,0,0.0,0.0,0,0,0,0.0,0.0,0,0,0,0,0,0,32,32,16.1064313,16.1064313,51,179,93.66666667,73.90083446,5461.333333,0,0,0,0,0,0,0,0,1,140.5,51.0,179.0,32,0,0,0,0,0,0,1,51,1,179,-1,-1,0,32,0.0,0.0,0,0,0.0,0.0,0,0,0
80,12047734,4,0,24,0,6,6,6.0,0.0,0,0,0.0,0.0,1.992075854,0.332012642,4015911.333,6954893.862,12000000,4,12000000,4015911.333,6954893.862,12000000,4,0,0.0,0.0,0,0,0,0,0,0,80,0,0.332012642,0.0,6,6,6.0,0.0,0.0,0,0,0,0,1,0,0,0,0,7.5,6.0,0.0,80,0,0,0,0,0,0,4,24,0,0,256,-1,3,20,1003.0,0.0,1003,1003,12000000.0,0.0,12000000,12000000,1
53,199,2,2,64,204,32,32,32.0,0.0,102,102,102.0,0.0,1346733.668,20100.50251,66.33333333,75.19530127,149,2,2,2.0,0.0,2,2,48,48.0,0.0,48,48,0,0,0,0,64,64,10050.25126,10050.25126,32,102,60.0,38.34057903,1470.0,0,0,0,0,0,0,0,0,1,75.0,32.0,102.0,64,0,0,0,0,0,0,2,64,2,204,-1,-1,1,32,0.0,0.0,0,0,0.0,0.0,0,0,0
53,62750,2,2,80,112,40,40,40.0,0.0,56,56,56.0,0.0,3059.760956,63.74501992,20916.66667,36225.2653,62746,1,1,1.0,0.0,1,1,3,3.0,0.0,3,3,0,0,0,0,40,40,31.87250996,31.87250996,40,56,46.4,8.76356092,76.8,0,0,0,0,0,0,0,0,1,58.0,40.0,56.0,40,0,0,0,0,0,0,2,80,2,112,-1,-1,1,20,0.0,0.0,0,0,0.0,0.0,0,0,0
42493,49,1,1,0,0,0,0,0.0,0.0,0,0,0.0,0.0,0.0,40816.32653,49.0,0.0,49,49,0,0.0,0.0,0,0,0,0.0,0.0,0,0,0,0,0,0,32,32,20408.16327,20408.16327,0,0,0.0,0.0,0.0,0,0,0,0,1,1,0,0,1,0.0,0.0,0.0,32,0,0,0,0,0,0,1,0,1,0,287,253,0,32,0.0,0.0,0,0,0.0,0.0,0,0,0
53,161,2,2,70,134,35,35,35.0,0.0,67,67,67.0,0.0,1267080.745,24844.7205,53.66666667,87.75724092,155,3,3,3.0,0.0,3,3,3,3.0,0.0,3,3,0,0,0,0,40,40,12422.36025,12422.36025,35,67,47.8,17.52712184,307.2,0,0,0,0,0,0,0,0,1,59.75,35.0,67.0,40,0,0,0,0,0,0,2,70,2,134,-1,-1,1,20,0.0,0.0,0,0,0.0,0.0,0,0,0
9968,28,1,1,2,6,2,2,2.0,0.0,6,6,6.0,0.0,285714.2857,71428.57143,28.0,0.0,28,28,0,0.0,0.0,0,0,0,0.0,0.0,0,0,0,0,0,0,24,20,35714.28571,35714.28571,2,6,3.333333333,2.309401077,5.333333333,0,0,0,1,0,0,0,0,1,5.0,2.0,6.0,24,0,0,0,0,0,0,1,2,1,6,1024,0,0,24,0.0,0.0,0,0,0.0,0.0,0,0,1
1069,76,1,1,2,6,2,2,2.0,0.0,6,6,6.0,0.0,105263.1579,26315.78947,76.0,0.0,76,76,0,0.0,0.0,0,0,0,0.0,0.0,0,0,0,0,0,0,24,20,13157.89474,13157.89474,2,6,3.333333333,2.309401077,5.333333333,0,0,0,1,0,0,0,0,1,5.0,2.0,6.0,24,0,0,0,0,0,0,1,2,1,6,1024,0,0,24,0.0,0.0,0,0,0.0,0.0,0,0,1
80,80391243,14,13,864,3540,432,0,61.71428571,156.8749765,1770,0,272.3076923,603.4151949,54.78208615,0.335857476,3091970.885,4669625.62,10000000,35,70800000,5449982.462,5162853.608,10000000,167,80400000,6697301.917,4850789.158,10100000,183,0,0,0,0,456,424,0.174148321,0.161709155,0,1770,157.2857143,430.9270676,185698.1376,0,0,0,1,0,0,0,0,0,163.1111111,61.71428571,272.3076923,456,0,0,0,0,0,0,14,864,13,3540,29200,972,2,32,100956.2857,203530.7987,562498,22968,10000000.0,9549.090405,10000000,9999271,0
58388,4,2,0,31,0,31,0,15.5,21.92031022,0,0,0.0,0.0,7750000.0,500000.0,4.0,0.0,4,4,4,4.0,0.0,4,4,0,0.0,0.0,0,0,1,0,0,0,64,0,500000.0,0.0,0,31,20.66666667,17.89785834,320.3333333,0,1,0,0,1,0,0,0,0,31.0,15.5,0.0,64,0,0,0,0,0,0,2,31,0,0,939,-1,0,32,0.0,0.0,0,0,0.0,0.0,0,0,0
80,99471660,7,6,336,11595,336,0,48.0,126.9960629,5792,0,1932.5,2181.008184,119.9437106,0.13069049,8289305.0,28700000.0,99400000,3,99400000,16600000.0,40600000.0,99400000,3,120339,24067.8,47764.19743,109096,45,0,0,0,0,232,200,0.070371802,0.060318688,0,5792,852.2142857,1667.25127,2779726.797,0,0,0,0,1,0,0,0,0,917.7692308,48.0,1932.5,232,0,0,0,0,0,0,7,336,6,11595,274,235,1,32,988.0,0.0,988,988,99400000.0,0.0,99400000,99400000,1
53,100789,2,2,60,264,30,30,30.0,0.0,132,132,132.0,0.0,3214.636518,39.68687059,33596.33333,58187.09219,100785,1,3,3.0,0.0,3,3,1,1.0,0.0,1,1,0,0,0,0,64,40,19.8434353,19.8434353,30,132,70.8,55.86770087,3121.2,0,0,0,0,0,0,0,0,1,88.5,30.0,132.0,64,0,0,0,0,0,0,2,60,2,264,-1,-1,1,32,0.0,0.0,0,0,0.0,0.0,0,0,0
53,849,1,1,46,96,46,46,46.0,0.0,96,96,96.0,0.0,167255.5948,2355.712603,849.0,0.0,849,849,0,0.0,0.0,0,0,0,0.0,0.0,0,0,0,0,0,0,40,40,1177.856302,1177.856302,46,96,62.66666667,28.86751346,833.3333333,0,0,0,0,0,0,0,0,1,94.0,46.0,96.0,40,0,0,0,0,0,0,1,46,1,96,-1,-1,0,40,0.0,0.0,0,0,0.0,0.0,0,0,0
48514,65,1,1,0,0,0,0,0.0,0.0,0,0,0.0,0.0,0.0,30769.2307692308,65.0,0.0,65,65,0,0.0,0.0,0,0,0,0.0,0.0,0,0,0,0,0,0,32,32,15384.6153846154,15384.6153846154,0,0,0.0,0.0,0.0,0,0,0,0,1,1,0,0,1,0.0,0.0,0.0,32,0,0,0,0,0,0,1,0,1,0,349,316,0,32,0.0,0.0,0,0,0.0,0.0,0,0,0
80,98333907,8,4,318,11595,312,0,39.75,110.0256464,8688,0,2898.75,4095.56617,121.1484458,0.122033186,8939446.091,29600000.0,98300000,1,98300000,14000000.0,37200000.0,98300000,1,26655,8885.0,11579.89771,22030,191,0,0,0,0,252,136,0.081355458,0.040677729,0,8688,916.3846154,2468.340925,6092706.923,0,0,0,0,1,0,0,0,0,992.75,39.75,2898.75,252,0,0,0,0,0,0,8,318,4,11595,274,235,2,20,998.0,0.0,998,998,98300000.0,0.0,98300000,98300000,1
80,986138,3,7,26,11601,20,0,8.666666667,10.26320288,2920,0,1657.285714,1299.172136,11790.43907,10.14056856,109570.8889,326875.9555,981235,38,4366,2183.0,1914.845163,3537,829,986100,164350.0,400193.9252,981235,46,0,0,0,0,72,152,3.042170568,7.098397993,0,2920,1057.0,1306.290856,1706395.8,0,0,0,1,0,0,0,0,2,1162.7,8.666666667,1657.285714,72,0,0,0,0,0,0,3,26,7,11601,8192,229,2,20,0.0,0.0,0,0,0.0,0.0,0,0,1
5952,46,1,1,2,6,2,2,2.0,0.0,6,6,6.0,0.0,173913.0435,43478.26087,46.0,0.0,46,46,0,0.0,0.0,0,0,0,0.0,0.0,0,0,0,0,0,0,24,20,21739.13043,21739.13043,2,6,3.333333333,2.309401077,5.333333333,0,0,0,1,0,0,0,0,1,5.0,2.0,6.0,24,0,0,0,0,0,0,1,2,1,6,1024,0,0,24,0.0,0.0,0,0,0.0,0.0,0,0,1
443,5672150,9,7,710,4686,517,0,78.88888889,172.6567726,1288,0,669.4285714,608.899241,951.3147572,2.820799873,378143.3333,1346133.981,5240922,14,5672150,709018.75,1831988.526,5240922,47,311993,51998.83333,81773.09702,187934,42,0,0,0,0,296,232,1.586699929,1.234099944,0,1288,317.4117647,496.439329,246452.0074,0,0,0,1,0,0,0,0,0,337.25,78.88888889,669.4285714,296,0,0,0,0,0,0,9,710,7,4686,29200,243,3,32,431181.0,0.0,431181,431181,5240922.0,0.0,5240922,5240922,0
443,115494062,29,29,2087,21886,1185,0,71.96551724,238.0500372,2836,0,754.6896552,780.7485467,207.5691129,0.50219032,2026211.614,3986965.475,10000000,1,115000000,4124787.929,4937560.705,10100000,1,111000000,3969902.571,5002129.3,10100000,1,0,0,0,0,936,936,0.25109516,0.25109516,0,2836,406.3220339,664.1196257,441054.8773,0,0,0,1,0,0,0,0,1,413.3275862,71.96551724,754.6896552,936,0,0,0,0,0,0,29,2087,29,21886,29200,189,5,32,79108.72727,96673.11542,370589,49802,10000000.0,9565.767678,10000000,9999416,0
80,98593197,9,5,344,11595,344,0,38.22222222,114.6666667,10147,0,2319.0,4420.67608,121.0935477,0.141997627,7584092.077,27300000.0,98600000,1,98600000,12300000.0,34900000.0,98600000,1,1588,397.0,483.5059462,1100,5,0,0,0,0,296,168,0.091284189,0.050713438,0,10147,795.9333333,2614.164725,6833857.21,0,0,0,0,1,0,0,0,0,852.7857143,38.22222222,2319.0,296,0,0,0,0,0,0,9,344,5,11595,251,235,1,32,997.0,0.0,997,997,98600000.0,0.0,98600000,98600000,1
36710,37,1,1,0,0,0,0,0.0,0.0,0,0,0.0,0.0,0.0,54054.0540540541,37.0,0.0,37,37,0,0.0,0.0,0,0,0,0.0,0.0,0,0,0,0,0,0,32,32,27027.027027027,27027.027027027,0,0,0.0,0.0,0.0,0,0,0,0,1,1,0,0,1,0.0,0.0,0.0,32,0,0,0,0,0,0,1,0,1,0,357,330,0,32,0.0,0.0,0,0,0.0,0.0,0,0,0
80,83773341,8,6,398,11595,398,0,49.75,140.7142495,5792,0,1932.5,2179.547086,143.1601015,0.167117604,6444103.154,23200000.0,83600000,1,83600000,11900000.0,31600000.0,83600000,1,148667,29733.4,59728.26455,136182,92,0,0,0,0,264,200,0.095495774,0.07162183,0,5792,799.5333333,1619.723648,2623504.695,0,0,0,0,1,0,0,0,0,856.6428571,49.75,1932.5,264,0,0,0,0,0,0,8,398,6,11595,274,235,1,32,1011.0,0.0,1011,1011,83600000.0,0.0,83600000,83600000,1
53,26306,1,1,52,98,52,52,52.0,0.0,98,98,98.0,0.0,5702.1211890823,76.0282825211,26306.0,0.0,26306,26306,0,0.0,0.0,0,0,0,0.0,0.0,0,0,0,0,0,0,20,20,38.0141412605,38.0141412605,52,98,67.3333333333,26.5581123827,705.3333333333,0,0,0,0,0,0,0,0,1,101.0,52.0,98.0,20,0,0,0,0,0,0,1,52,1,98,-1,-1,0,20,0.0,0.0,0,0,0.0,0.0,0,0,0
80,1,2,0,0,0,0,0,0.0,0.0,0,0,0.0,0.0,0.0,2000000.0,1.0,0.0,1,1,1,1.0,0.0,1,1,0,0.0,0.0,0,0,0,0,0,0,64,0,2000000.0,0.0,0,0,0.0,0.0,0.0,0,0,0,0,1,0,0,0,0,0.0,0.0,0.0,64,0,0,0,0,0,0,2,0,0,0,251,-1,0,32,0.0,0.0,0,0,0.0,0.0,0,0,1
80,98776701,7,6,351,11595,351,0,50.14285714,132.66553,5792,0,1932.5,2181.008184,120.9394511,0.131609984,8231391.75,28500000.0,98600000,3,98600000,16400000.0,40300000.0,98600000,3,147461,29492.2,59822.9352,136173,47,0,0,0,0,232,200,0.070866914,0.060743069,0,5792,853.2857143,1666.898798,2778551.604,0,0,0,0,1,0,0,0,0,918.9230769,50.14285714,1932.5,232,0,0,0,0,0,0,7,351,6,11595,251,235,1,32,996.0,0.0,996,996,98600000.0,0.0,98600000,98600000,1
80,1263,3,6,339,11595,339,0,113.0,195.7217413,5792,0,1932.5,2537.820147,9448931.116,7125.890736,157.875,294.5672067,877,2,944,472.0,661.8519472,940,4,1200,240.0,395.5344486,940,2,0,0,0,0,104,200,2375.296912,4750.593824,0,5792,1193.4,2120.871896,4498097.6,0,0,0,1,0,0,0,0,2,1326.0,113.0,1932.5,104,0,0,0,0,0,0,3,339,6,11595,29200,235,1,32,0.0,0.0,0,0,0.0,0.0,0,0,1
53,30324,1,1,56,84,56,56,56.0,0.0,84,84,84.0,0.0,4616.805171,65.95435958,30324.0,0.0,30324,30324,0,0.0,0.0,0,0,0,0.0,0.0,0,0,0,0,0,0,32,40,32.97717979,32.97717979,56,84,65.33333333,16.16580754,261.3333333,0,0,0,0,0,0,0,0,1,98.0,56.0,84.0,32,0,0,0,0,0,0,1,56,1,84,-1,-1,0,32,0.0,0.0,0,0,0.0,0.0,0,0,0
21,274,2,1,14,0,14,0,7.0,9.899494937,0,0,0.0,0.0,51094.89051,10948.90511,137.0,147.0782105,241,33,274,274.0,0.0,274,274,0,0.0,0.0,0,0,1,0,0,0,64,20,7299.270073,3649.635036,0,14,7.0,8.082903769,65.33333333,0,1,0,0,1,0,0,0,0,9.333333333,7.0,0.0,64,0,0,0,0,0,0,2,14,1,0,229,0,0,32,0.0,0.0,0,0,0.0,0.0,0,0,1
443,116739911,33,35,913,39418,549,0,27.66666667,102.4431753,4344,0,1126.228571,1116.67769,345.477392,0.58249145,1742386.731,3749154.746,10000000,1,117000000,3648122.219,4829929.571,10100000,42,112000000,3281023.471,4792244.869,10100000,48,0,0,0,0,1064,1128,0.282679674,0.299811776,0,4344,584.5072464,966.938401,934969.8713,0,0,0,1,0,0,0,0,1,593.1029412,27.66666667,1126.228571,1064,0,0,0,0,0,0,33,913,35,39418,29200,114,4,32,115905.9167,106539.1669,454213,84979,9612416.5,1421135.102,10000000,5099801,0
80,99412708,7,6,352,11595,346,0,50.28571429,130.4169139,5792,0,1932.5,2181.008184,120.1757828,0.13076799,8284392.333,28700000.0,99400000,0,99400000,16600000.0,40600000.0,99400000,0,28460,5692.0,8173.220112,18109,49,0,0,0,0,220,200,0.070413533,0.060354457,0,5792,853.3571429,1666.779834,2778155.016,0,0,0,0,1,0,0,0,0,919.0,50.28571429,1932.5,220,0,0,0,0,0,0,7,352,6,11595,251,235,2,20,2.0,0.0,2,2,99400000.0,0.0,99400000,99400000,1
53,53747,4,4,204,316,51,51,51.0,0.0,79,79,79.0,0.0,9674.958602,148.845517,7678.142857,18751.17509,50108,3,53551,17850.33333,30911.62209,53544,3,3636,1212.0,2015.241177,3539,48,0,0,0,0,80,80,74.42275848,74.42275848,51,79,63.44444444,14.75729575,217.7777778,0,0,0,0,0,0,0,0,1,71.375,51.0,79.0,80,0,0,0,0,0,0,4,204,4,316,-1,-1,3,20,0.0,0.0,0,0,0.0,0.0,0,0,0
443,9877353,16,12,2317,5899,977,0,144.8125,274.3142282736,2266,0,491.5833333333,776.0876776069,831.8017995307,2.8347675739,365827.888888889,1862620.41357701,9685604,1,9877353,658490.2,2497360.21913497,9685604,1,118141,10740.0909090909,17958.0607497277,51677,3,0,0,0,0,332,248,1.6198671851,1.2149003888,0,2266,283.3103448276,556.1943457518,309352.150246305,0,0,0,1,0,0,0,0,0,293.4285714286,144.8125,491.5833333333,332,0,0,0,0,0,0,16,2317,12,5899,8192,8192,15,20,0.0,0.0,0,0,0.0,0.0,0,0,0
80,3003589,3,0,0,0,0,0,0.0,0.0,0,0,0.0,0.0,0.0,0.998805096,1501794.5,710200.3734,2003982,999607,3003589,1501794.5,710200.3734,2003982,999607,0,0.0,0.0,0,0,0,0,0,0,120,0,0.998805096,0.0,0,0,0.0,0.0,0.0,0,0,0,1,0,0,0,0,0,0.0,0.0,0.0,120,0,0,0,0,0,0,3,0,0,0,29200,-1,0,40,0.0,0.0,0,0,0.0,0.0,0,0,1
53,23939,1,1,51,67,51,51,51.0,0.0,67,67,67.0,0.0,4929.195037,83.5456786,23939.0,0.0,23939,23939,0,0.0,0.0,0,0,0,0.0,0.0,0,0,0,0,0,0,32,32,41.7728393,41.7728393,51,67,56.33333333,9.237604307,85.33333333,0,0,0,0,0,0,0,0,1,84.5,51.0,67.0,32,0,0,0,0,0,0,1,51,1,67,-1,-1,0,32,0.0,0.0,0,0,0.0,0.0,0,0,0
53,241,2,2,64,532,32,32,32.0,0.0,266,266,266.0,0.0,2473029.04564315,16597.510373444,80.3333333333,96.6453999595,189,4,4,4.0,0.0,4,4,48,48.0,0.0,48,48,0,0,0,0,64,64,8298.755186722,8298.755186722,32,266,125.6,128.1670784562,16426.8,0,0,0,0,0,0,0,0,1,157.0,32.0,266.0,64,0,0,0,0,0,0,2,64,2,532,-1,-1,1,32,0.0,0.0,0,0,0.0,0.0,0,0,0
9001,87,1,1,0,6,0,0,0.0,0.0,6,6,6.0,0.0,68965.51724,22988.50575,87.0,0.0,87,87,0,0.0,0.0,0,0,0,0.0,0.0,0,0,0,0,0,0,40,20,11494.25287,11494.25287,0,6,2.0,3.464101615,12.0,0,0,0,1,0,0,0,0,1,3.0,0.0,6.0,40,0,0,0,0,0,0,1,0,1,6,29200,0,0,40,0.0,0.0,0,0,0.0,0.0,0,0,1
80,22406,2,0,0,0,0,0,0.0,0.0,0,0,0.0,0.0,0.0,89.26180487,22406.0,0.0,22406,22406,22406,22406.0,0.0,22406,22406,0,0.0,0.0,0,0,0,0,0,0,64,0,89.26180487,0.0,0,0,0.0,0.0,0.0,0,0,0,0,1,0,0,0,0,0.0,0.0,0.0,64,0,0,0,0,0,0,2,0,0,0,264,-1,0,32,0.0,0.0,0,0,0.0,0.0,0,0,0
80,5068034,4,3,732,1039,720,0,183.0,358.011173,1033,0,346.3333333,594.6783444,349.4451695,1.381206203,844672.3333,2035624.105,4999733,3,68301,22767.0,19654.94719,34980,94,5034836,2517418.0,3510527.782,4999736,35100,0,0,0,0,100,68,0.789260688,0.591945516,0,1033,221.375,412.9237001,170505.9821,0,0,0,1,0,0,0,0,0,253.0,183.0,346.3333333,100,0,0,0,0,0,0,4,732,3,1039,29200,11,3,20,0.0,0.0,0,0,0.0,0.0,0,0,0
80,1288097,3,7,26,11607,20,0,8.666666667,10.26320288,4295,0,1658.142857,1750.496732,9031.152157,7.76339049,143121.8889,429019.1965,1287173,2,614,307.0,364.8670991,565,49,1288048,214674.6667,525414.7832,1287173,2,0,0,0,0,72,152,2.329017147,5.434373343,0,4295,1057.545455,1591.524638,2532950.673,0,0,0,1,0,0,0,0,2,1163.3,8.666666667,1658.142857,72,0,0,0,0,0,0,3,26,7,11607,8192,229,2,20,0.0,0.0,0,0,0.0,0.0,0,0,1
53,30277,1,1,46,90,46,46,46.0,0.0,90,90,90.0,0.0,4491.858506,66.05674274,30277.0,0.0,30277,30277,0,0.0,0.0,0,0,0,0.0,0.0,0,0,0,0,0,0,32,20,33.02837137,33.02837137,46,90,60.66666667,25.40341184,645.3333333,0,0,0,0,0,0,0,0,1,91.0,46.0,90.0,32,0,0,0,0,0,0,1,46,1,90,-1,-1,0,32,0.0,0.0,0,0,0.0,0.0,0,0,0
6009,44,1,1,2,6,2,2,2.0,0.0,6,6,6.0,0.0,181818.1818,45454.54545,44.0,0.0,44,44,0,0.0,0.0,0,0,0,0.0,0.0,0,0,0,0,0,0,24,20,22727.27273,22727.27273,2,6,3.333333333,2.309401077,5.333333333,0,0,0,1,0,0,0,0,1,5.0,2.0,6.0,24,0,0,0,0,0,0,1,2,1,6,1024,0,0,24,0.0,0.0,0,0,0.0,0.0,0,0,1
80,99735645,6,6,366,11595,366,0,61.0,149.4188743,4344,0,1932.5,1754.831473,119.9270331,0.120318067,9066876.818,30000000.0,99600000,1,99600000,19900000.0,44500000.0,99600000,1,148421,29684.2,60240.98751,137114,48,0,0,0,0,200,200,0.060159033,0.060159033,0,4344,920.0769231,1498.14944,2244451.744,0,0,0,0,1,0,0,0,1,996.75,61.0,1932.5,200,0,0,0,0,0,0,6,366,6,11595,251,235,1,32,4.0,0.0,4,4,99600000.0,0.0,99600000,99600000,1
1071,4,2,0,4,0,2,2,2.0,0.0,0,0,0.0,0.0,1000000.0,500000.0,4.0,0.0,4,4,4,4.0,0.0,4,4,0,0.0,0.0,0,0,0,0,0,0,48,0,500000.0,0.0,2,2,2.0,0.0,0.0,0,0,0,1,0,0,0,0,0,3.0,2.0,0.0,48,0,0,0,0,0,0,2,4,0,0,1024,-1,1,24,0.0,0.0,0,0,0.0,0.0,0,0,0
32773,46,1,1,2,6,2,2,2.0,0.0,6,6,6.0,0.0,173913.0435,43478.26087,46.0,0.0,46,46,0,0.0,0.0,0,0,0,0.0,0.0,0,0,0,0,0,0,24,20,21739.13043,21739.13043,2,6,3.333333333,2.309401077,5.333333333,0,0,0,1,0,0,0,0,1,5.0,2.0,6.0,24,0,0,0,0,0,0,1,2,1,6,1024,0,0,24,0.0,0.0,0,0,0.0,0.0,0,0,1
53,303,2,2,60,168,30,30,30.0,0.0,84,84,84.0,0.0,752475.247524753,13201.3201320132,101.0,170.6135985202,298,1,1,1.0,0.0,1,1,4,4.0,0.0,4,4,0,0,0,0,40,40,6600.6600660066,6600.6600660066,30,84,51.6,29.5770181053,874.8,0,0,0,0,0,0,0,0,1,64.5,30.0,84.0,40,0,0,0,0,0,0,2,60,2,168,-1,-1,1,20,0.0,0.0,0,0,0.0,0.0,0,0,0
5679,44,1,1,2,6,2,2,2.0,0.0,6,6,6.0,0.0,181818.1818,45454.54545,44.0,0.0,44,44,0,0.0,0.0,0,0,0,0.0,0.0,0,0,0,0,0,0,24,20,22727.27273,22727.27273,2,6,3.333333333,2.309401077,5.333333333,0,0,0,1,0,0,0,0,1,5.0,2.0,6.0,24,0,0,0,0,0,0,1,2,1,6,1024,0,0,24,0.0,0.0,0,0,0.0,0.0,0,0,1
80,1178728,3,5,26,11601,20,0,8.666666667,10.26320288,5840,0,2320.2,2634.749552,9864.022913,6.786977148,168389.7143,431314.4518,1146148,3,32017,16008.5,22635.19517,32014,3,1178702,294675.5,567850.9856,1146148,57,0,0,0,0,72,112,2.545116431,4.241860718,0,5840,1291.888889,2226.654017,4957988.111,0,0,0,1,0,0,0,0,1,1453.375,8.666666667,2320.2,72,0,0,0,0,0,0,3,26,5,11601,8192,229,2,20,0.0,0.0,0,0,0.0,0.0,0,0,1
57026,49,1,1,0,0,0,0,0.0,0.0,0,0,0.0,0.0,0.0,40816.3265306122,49.0,0.0,49,49,0,0.0,0.0,0,0,0,0.0,0.0,0,0,0,0,0,0,32,32,20408.1632653061,20408.1632653061,0,0,0.0,0.0,0.0,0,0,0,0,1,0,0,0,1,0.0,0.0,0.0,32,0,0,0,0,0,0,1,0,1,0,6235,43440,0,32,0.0,0.0,0,0,0.0,0.0,0,0,0
53,160,2,2,82,236,41,41,41.0,0.0,118,118,118.0,0.0,1987500.0,25000.0,53.33333333,87.17989065,154,3,3,3.0,0.0,3,3,3,3.0,0.0,3,3,0,0,0,0,64,64,12500.0,12500.0,41,118,71.8,42.17463693,1778.7,0,0,0,0,0,0,0,0,1,89.75,41.0,118.0,64,0,0,0,0,0,0,2,82,2,236,-1,-1,1,32,0.0,0.0,0,0,0.0,0.0,0,0,0
80,99819737,9,6,321,11595,321,0,35.66666667,107.0,7240,0,1932.5,2695.639126,119.3751893,0.150270883,7129981.214,26600000.0,99700000,0,99700000,12500000.0,35200000.0,99700000,0,149421,29884.2,60204.52442,137196,72,0,0,0,0,296,200,0.09016253,0.060108353,0,7240,744.75,1825.162806,3331219.267,0,0,0,0,1,0,0,0,0,794.4,35.66666667,1932.5,296,0,0,0,0,0,0,9,321,6,11595,251,235,1,32,1991.0,0.0,1991,1991,99700000.0,0.0,99700000,99700000,1
80,1028,2,0,0,0,0,0,0.0,0.0,0,0,0.0,0.0,0.0,1945.525292,1028.0,0.0,1028,1028,1028,1028.0,0.0,1028,1028,0,0.0,0.0,0,0,0,0,0,0,64,0,1945.525292,0.0,0,0,0.0,0.0,0.0,0,0,0,0,1,0,0,0,0,0.0,0.0,0.0,64,0,0,0,0,0,0,2,0,0,0,251,-1,0,32,0.0,0.0,0,0,0.0,0.0,0,0,1
53250,54,1,1,0,0,0,0,0.0,0.0,0,0,0.0,0.0,0.0,37037.03704,54.0,0.0,54,54,0,0.0,0.0,0,0,0,0.0,0.0,0,0,0,0,0,0,32,32,18518.51852,18518.51852,0,0,0.0,0.0,0.0,0,0,0,0,1,1,0,0,1,0.0,0.0,0.0,32,0,0,0,0,0,0,1,0,1,0,357,341,0,32,0.0,0.0,0,0,0.0,0.0,0,0,0
1117,28,1,1,2,6,2,2,2.0,0.0,6,6,6.0,0.0,285714.2857,71428.57143,28.0,0.0,28,28,0,0.0,0.0,0,0,0,0.0,0.0,0,0,0,0,0,0,24,20,35714.28571,35714.28571,2,6,3.333333333,2.309401077,5.333333333,0,0,0,1,0,0,0,0,1,5.0,2.0,6.0,24,0,0,0,0,0,0,1,2,1,6,1024,0,0,24,0.0,0.0,0,0,0.0,0.0,0,0,1
53,60411,1,1,49,111,49,49,49.0,0.0,111,111,111.0,0.0,2648.524275,33.10655344,60411.0,0.0,60411,60411,0,0.0,0.0,0,0,0,0.0,0.0,0,0,0,0,0,0,32,32,16.55327672,16.55327672,49,111,69.66666667,35.79571669,1281.333333,0,0,0,0,0,0,0,0,1,104.5,49.0,111.0,32,0,0,0,0,0,0,1,49,1,111,-1,-1,0,32,0.0,0.0,0,0,0.0,0.0,0,0,0
2161,44,1,1,0,6,0,0,0.0,0.0,6,6,6.0,0.0,136363.6364,45454.54545,44.0,0.0,44,44,0,0.0,0.0,0,0,0,0.0,0.0,0,0,0,0,0,0,40,20,22727.27273,22727.27273,0,6,2.0,3.464101615,12.0,0,0,0,1,0,0,0,0,1,3.0,0.0,6.0,40,0,0,0,0,0,0,1,0,1,6,29200,0,0,40,0.0,0.0,0,0,0.0,0.0,0,0,1
80,4,2,0,0,0,0,0,0.0,0.0,0,0,0.0,0.0,0.0,500000.0,4.0,0.0,4,4,4,4.0,0.0,4,4,0,0.0,0.0,0,0,0,0,0,0,64,0,500000.0,0.0,0,0,0.0,0.0,0.0,0,0,0,0,1,0,0,0,0,0.0,0.0,0.0,64,0,0,0,0,0,0,2,0,0,0,274,-1,0,32,0.0,0.0,0,0,0.0,0.0,0,0,1
80,20998948,2,1,13,0,13,0,6.5,9.192388155,0,0,0.0,0.0,0.619078632,0.1428643,10500000.0,14800000.0,21000000,60,21000000,21000000.0,0.0,21000000,21000000,0,0.0,0.0,0,0,1,0,0,0,64,32,0.095242866,0.047621433,0,13,6.5,7.505553499,56.33333333,0,1,0,0,1,0,0,0,0,8.666666667,6.5,0.0,64,0,0,0,0,0,0,2,13,1,0,229,235,0,32,0.0,0.0,0,0,0.0,0.0,0,0,1
53,198,2,2,84,116,42,42,42.0,0.0,58,58,58.0,0.0,1010101.01,20202.0202,66.0,73.66817495,147,3,3,3.0,0.0,3,3,48,48.0,0.0,48,48,0,0,0,0,40,40,10101.0101,10101.0101,42,58,48.4,8.76356092,76.8,0,0,0,0,0,0,0,0,1,60.5,42.0,58.0,40,0,0,0,0,0,0,2,84,2,116,-1,-1,1,20,0.0,0.0,0,0,0.0,0.0,0,0,0
443,20881476,107,152,3866,273198,449,0,36.1308411215,110.8526205095,4344,0,1797.3552631579,822.1796858754,13268.4107196254,12.4033377717,80935.9534883721,766373.294692716,10006991,1,20881476,196995.056603774,1197942.43015906,10006991,1,13544613,89699.4238410596,829691.770272531,10156814,1,0,0,0,0,3432,4872,5.1241588478,7.2791789239,0,4344,1065.6307692308,1074.9895870087,1155602.61217701,0,0,0,1,0,0,0,0,1,1069.7451737452,36.1308411215,1797.3552631579,3432,0,0,0,0,0,0,107,3866,152,273198,29200,160,11,32,3538729.0,0.0,3538729,3538729,10006991.0,0.0,10006991,10006991,0
53,60872,1,1,44,210,44,44,44.0,0.0,210,210,210.0,0.0,4172.690235,32.85582862,60872.0,0.0,60872,60872,0,0.0,0.0,0,0,0,0.0,0.0,0,0,0,0,0,0,20,20,16.42791431,16.42791431,44,210,99.33333333,95.84014469,9185.333333,0,0,0,0,0,0,0,0,1,149.0,44.0,210.0,20,0,0,0,0,0,0,1,44,1,210,-1,-1,0,20,0.0,0.0,0,0,0.0,0.0,0,0,0
80,137529,3,6,299,11595,299,0,99.66666667,172.6277305,5792,0,1932.5,2181.008184,86483.57801,65.44074341,17191.125,43046.03111,123048,45,14193,7096.5,9765.851755,14002,191,137460,27492.0,53804.78758,123133,45,0,0,0,0,104,200,21.81358114,43.62716227,0,5792,1189.4,1889.561925,3570444.267,0,0,0,1,0,0,0,0,2,1321.555556,99.66666667,1932.5,104,0,0,0,0,0,0,3,299,6,11595,29200,235,1,32,0.0,0.0,0,0,0.0,0.0,0,0,1
80,1160307,3,5,26,11601,20,0,8.666666667,10.26320288,7300,0,2320.2,3022.508098,10020.62385,6.894726999,165758.1429,429902.124,1140560,4,19026,9513.0,13447.75676,19022,4,1159937,289984.25,567120.2453,1140560,159,0,0,0,0,72,112,2.585522625,4.309204374,0,7300,1291.888889,2460.652985,6054813.111,0,0,0,1,0,0,0,0,1,1453.375,8.666666667,2320.2,72,0,0,0,0,0,0,3,26,5,11601,8192,229,2,20,0.0,0.0,0,0,0.0,0.0,0,0,1
80,17514195,8,6,319,11632,319,0,39.875,112.7835316,5792,0,1938.666667,2544.918912,682.3607936,0.799351612,1347245.769,3627926.524,12500000,14,12500000,1787831.143,4729149.887,12500000,222,17500000,3502835.2,5481908.064,12500000,14,0,0,0,0,264,200,0.45677235,0.342579262,0,5792,796.7333333,1803.045696,3250973.781,0,0,0,1,0,0,0,0,0,853.6428571,39.875,1938.666667,264,0,0,0,0,0,0,8,319,6,11632,29200,235,1,32,1344.0,0.0,1344,1344,12500000.0,0.0,12500000,12500000,1
22,115,2,1,12,6,6,6,6.0,0.0,6,6,6.0,0.0,156521.7391,26086.95652,57.5,78.48885271,113,2,113,113.0,0.0,113,113,0,0.0,0.0,0,0,0,0,0,0,40,20,17391.30435,8695.652174,6,6,6.0,0.0,0.0,0,0,0,0,1,1,0,0,0,8.0,6.0,6.0,40,0,0,0,0,0,0,2,12,1,6,16062,245,1,20,0.0,0.0,0,0,0.0,0.0,0,0,0
80,6012835,5,0,30,0,6,6,6.0,0.0,0,0,0.0,0.0,4.989326998,0.8315545,1503208.75,3004377.845,6009775,0,6012835,1503208.75,3004377.845,6009775,0,0,0.0,0.0,0,0,0,0,0,0,100,0,0.8315545,0.0,6,6,6.0,0.0,0.0,0,0,0,0,1,0,0,0,0,7.2,6.0,0.0,100,0,0,0,0,0,0,5,30,0,0,256,-1,4,20,3060.0,0.0,3060,3060,6009775.0,0.0,6009775,6009775,1
1287,42,1,1,0,6,0,0,0.0,0.0,6,6,6.0,0.0,142857.1429,47619.04762,42.0,0.0,42,42,0,0.0,0.0,0,0,0,0.0,0.0,0,0,0,0,0,0,40,20,23809.52381,23809.52381,0,6,2.0,3.464101615,12.0,0,0,0,1,0,0,0,0,1,3.0,0.0,6.0,40,0,0,0,0,0,0,1,0,1,6,29200,0,0,40,0.0,0.0,0,0,0.0,0.0,0,0,1
80,98701789,5,7,309,11595,297,0,61.8,131.5150182,4344,0,1656.428571,1947.638216,120.6057167,0.121578343,8972889.909,29700000.0,98600000,27,98700000,24700000.0,49300000.0,98600000,48,98700000,16500000.0,40300000.0,98600000,69,0,0,0,0,144,232,0.050657643,0.0709207,0,4344,916.1538462,1610.97749,2595248.474,1,0,0,0,0,0,0,0,1,992.5,61.8,1656.428571,144,0,0,0,0,0,0,5,309,7,11595,0,235,2,20,10975.0,0.0,10975,10975,98600000.0,0.0,98600000,98600000,1
57402,46,1,1,0,0,0,0,0.0,0.0,0,0,0.0,0.0,0.0,43478.2608695652,46.0,0.0,46,46,0,0.0,0.0,0,0,0,0.0,0.0,0,0,0,0,0,0,32,32,21739.1304347826,21739.1304347826,0,0,0.0,0.0,0.0,0,0,0,0,1,0,0,0,1,0.0,0.0,0.0,32,0,0,0,0,0,0,1,0,1,0,63,33304,0,32,0.0,0.0,0,0,0.0,0.0,0,0,0
443,3,2,0,12,0,6,6,6.0,0.0,0,0,0.0,0.0,4000000.0,666666.666666667,3.0,0.0,3,3,3,3.0,0.0,3,3,0,0.0,0.0,0,0,0,0,0,0,40,0,666666.666666667,0.0,6,6,6.0,0.0,0.0,1,0,0,0,0,0,0,0,0,9.0,6.0,0.0,40,0,0,0,0,0,0,2,12,0,0,0,-1,1,20,0.0,0.0,0,0,0.0,0.0,0,0,0
80,1249638,3,6,26,11607,20,0,8.666666667,10.26320288,5840,0,1934.5,2538.919278,9309.095914,7.202085724,156204.75,441421.8897,1248668,2,890,445.0,533.158513,822,68,1249591,249918.2,558318.2287,1248668,2,0,0,0,0,72,132,2.400695241,4.801390483,0,5840,1163.3,2138.329153,4572451.567,0,0,0,1,0,0,0,0,2,1292.555556,8.666666667,1934.5,72,0,0,0,0,0,0,3,26,6,11607,8192,229,2,20,0.0,0.0,0,0,0.0,0.0,0,0,1
58478,3,2,0,12,0,6,6,6.0,0.0,0,0,0.0,0.0,4000000.0,666666.666666667,3.0,0.0,3,3,3,3.0,0.0,3,3,0,0.0,0.0,0,0,0,0,0,0,40,0,666666.666666667,0.0,6,6,6.0,0.0,0.0,0,0,0,0,1,0,0,0,0,9.0,6.0,0.0,40,0,0,0,0,0,0,2,12,0,0,5512,-1,1,20,0.0,0.0,0,0,0.0,0.0,0,0,0
80,101436733,6,8,390,11595,372,0,65.0,150.4273911,4344,0,1449.375,1729.380148,118.1524646,0.138017063,7802825.615,28100000.0,101000000,0,101000000,20300000.0,45300000.0,101000000,4,101000000,14500000.0,38300000.0,101000000,2,0,0,0,0,164,264,0.05915017,0.078866893,0,4344,799.4,1421.611651,2020979.686,1,0,0,0,0,0,0,0,1,856.5,65.0,1449.375,164,0,0,0,0,0,0,6,390,8,11595,0,235,3,20,11984.0,0.0,11984,11984,101000000.0,0.0,101000000,101000000,1
80,4,2,0,0,0,0,0,0.0,0.0,0,0,0.0,0.0,0.0,500000.0,4.0,0.0,4,4,4,4.0,0.0,4,4,0,0.0,0.0,0,0,0,0,0,0,64,0,500000.0,0.0,0,0,0.0,0.0,0.0,0,0,0,0,1,0,0,0,0,0.0,0.0,0.0,64,0,0,0,0,0,0,2,0,0,0,251,-1,0,32,0.0,0.0,0,0,0.0,0.0,0,0,1
443,5609142,10,7,674,4051,342,0,67.4,121.8425213134,1460,0,578.7142857143,708.8090279442,842.3748231013,3.0307665593,350571.375,1366050.30911393,5472995,3,5609142,623238.0,1818809.54069826,5472995,4,67386,11231.0,16708.9857501884,36285,3,0,0,0,0,220,152,1.7828038584,1.2479627009,0,1460,262.5,502.7897759735,252797.558823529,0,0,0,1,0,0,0,0,0,277.9411764706,67.4,578.7142857143,220,0,0,0,0,0,0,10,674,7,4051,29200,4359,9,20,136143.0,0.0,136143,136143,5472995.0,0.0,5472995,5472995,0
49160,19,1,1,2,6,2,2,2.0,0.0,6,6,6.0,0.0,421052.6316,105263.1579,19.0,0.0,19,19,0,0.0,0.0,0,0,0,0.0,0.0,0,0,0,0,0,0,24,20,52631.57895,52631.57895,2,6,3.333333333,2.309401077,5.333333333,0,0,0,1,0,0,0,0,1,5.0,2.0,6.0,24,0,0,0,0,0,0,1,2,1,6,1024,0,0,24,0.0,0.0,0,0,0.0,0.0,0,0,1
80,1770785,3,5,26,11607,20,0,8.666666667,10.26320288,7300,0,2321.4,3346.363967,6569.402835,4.517770367,252969.2857,668920.3545,1769938,11,622,311.0,346.4823228,556,66,1770773,442693.25,884829.8724,1769938,11,0,0,0,0,72,112,1.694163888,2.82360648,0,7300,1292.555556,2662.264877,7087654.278,0,0,0,1,0,0,0,0,1,1454.125,8.666666667,2321.4,72,0,0,0,0,0,0,3,26,5,11607,8192,229,2,20,0.0,0.0,0,0,0.0,0.0,0,0,1
53,147,2,2,132,164,66,66,66.0,0.0,82,82,82.0,0.0,2013605.442,27210.88435,49.0,79.67433715,141,3,3,3.0,0.0,3,3,3,3.0,0.0,3,3,0,0,0,0,40,40,13605.44218,13605.44218,66,82,72.4,8.76356092,76.8,0,0,0,0,0,0,0,0,1,90.5,66.0,82.0,40,0,0,0,0,0,0,2,132,2,164,-1,-1,1,20,0.0,0.0,0,0,0.0,0.0,0,0,0
443,64044678,2,0,74,0,37,37,37.0,0.0,0,0,0.0,0.0,1.1554433922,0.0312281998,64044678.0,0.0,64044678,64044678,64044678,64044678.0,0.0,64044678,64044678,0,0.0,0.0,0,0,1,0,0,0,64,0,0.0312281998,0.0,37,37,37.0,0.0,0.0,0,1,0,0,1,1,0,0,0,55.5,37.0,0.0,64,0,0,0,0,0,0,2,74,0,0,33304,-1,1,32,0.0,0.0,0,0,0.0,0.0,0,0,0
80,67845814,6,6,304,11595,304,0,50.66666667,124.1074803,4344,0,1932.5,1754.831473,175.3829647,0.176871634,6167801.273,20400000.0,67700000,1,67700000,13500000.0,30300000.0,67700000,1,154598,30919.6,61458.88145,140330,16,0,0,0,0,200,200,0.088435817,0.088435817,0,4344,915.3076923,1500.157624,2250472.897,0,0,0,0,1,0,0,0,1,991.5833333,50.66666667,1932.5,200,0,0,0,0,0,0,6,304,6,11595,251,235,1,32,2.0,0.0,2,2,67700000.0,0.0,67700000,67700000,1
389,178,2,2,158,326,79,79,79.0,0.0,163,163,163.0,0.0,2719101.124,22471.91011,59.33333333,95.84014469,170,4,4,4.0,0.0,4,4,4,4.0,0.0,4,4,0,0,0,0,64,64,11235.95506,11235.95506,79,163,112.6,46.00869483,2116.8,0,0,0,0,0,0,0,0,1,140.75,79.0,163.0,64,0,0,0,0,0,0,2,158,2,326,-1,-1,1,32,0.0,0.0,0,0,0.0,0.0,0,0,0
443,118223736,34,30,4574,13306,709,0,134.5294117647,252.0762553329,1460,0,443.5333333333,587.7192464465,151.2386649666,0.5413464518,1876567.23809524,3745072.32003367,10000134,1,118223736,3582537.45454545,4638514.26285546,10131060,3,118037947,4070274.03448276,4740952.67534964,10131215,1,0,0,0,0,692,612,0.2875903025,0.2537561493,0,1460,275.0769230769,462.880259479,214258.134615385,0,0,0,1,0,0,0,0,0,279.375,134.5294117647,443.5333333333,692,0,0,0,0,0,0,34,4574,30,13306,8192,1026,33,20,371219.0,625985.33134513,2283181,130811,9465251.25,1050466.09538763,10000134,7238531,0
80,4,2,0,0,0,0,0,0.0,0.0,0,0,0.0,0.0,0.0,500000.0,4.0,0.0,4,4,4,4.0,0.0,4,4,0,0.0,0.0,0,0,0,0,0,0,64,0,500000.0,0.0,0,0,0.0,0.0,0.0,0,0,0,0,1,0,0,0,0,0.0,0.0,0.0,64,0,0,0,0,0,0,2,0,0,0,274,-1,0,32,0.0,0.0,0,0,0.0,0.0,0,0,1
80,100119571,6,5,331,11595,331,0,55.16666667,135.1301841,7240,0,2319.0,3331.638186,119.1175699,0.109868629,10000000.0,31600000.0,100000000,1,100000000,20000000.0,44700000.0,100000000,1,62302,15575.5,24255.52284,51141,50,0,0,0,0,200,168,0.059928343,0.049940286,0,7240,993.8333333,2326.627713,5413196.515,0,0,0,0,1,0,0,0,0,1084.181818,55.16666667,2319.0,200,0,0,0,0,0,0,6,331,5,11595,274,235,1,32,2.0,0.0,2,2,100000000.0,0.0,100000000,100000000,1
80,753684,3,5,26,11607,20,0,8.666666667,10.26320288,7215,0,2321.4,3327.769794,15434.85068,10.6145281,107669.1429,284540.8188,752947,4,495,247.5,307.5914498,465,30,753610,188402.5,376363.0567,752947,4,0,0,0,0,72,112,3.980448039,6.634080065,0,7215,1292.555556,2650.585648,7025604.278,0,0,0,1,0,0,0,0,1,1454.125,8.666666667,2321.4,72,0,0,0,0,0,0,3,26,5,11607,8192,229,2,20,0.0,0.0,0,0,0.0,0.0,0,0,1
80,9198782,5,0,30,0,6,6,6.0,0.0,0,0,0.0,0.0,3.261301333,0.543550222,2299695.5,4598057.024,9196781,4,9198782,2299695.5,4598057.024,9196781,4,0,0.0,0.0,0,0,0,0,0,0,100,0,0.543550222,0.0,6,6,6.0,0.0,0.0,0,0,0,0,1,0,0,0,0,7.2,6.0,0.0,100,0,0,0,0,0,0,5,30,0,0,256,-1,4,20,2001.0,0.0,2001,2001,9196781.0,0.0,9196781,9196781,1
53,31469,2,2,90,170,45,45,45.0,0.0,85,85,85.0,0.0,8262.099209,127.1092186,10489.66667,18121.88484,31415,4,50,50.0,0.0,50,50,4,4.0,0.0,4,4,0,0,0,0,40,40,63.5546093,63.5546093,45,85,61.0,21.9089023,480.0,0,0,0,0,0,0,0,0,1,76.25,45.0,85.0,40,0,0,0,0,0,0,2,90,2,170,-1,-1,1,20,0.0,0.0,0,0,0.0,0.0,0,0,0
555,3,2,0,4,0,2,2,2.0,0.0,0,0,0.0,0.0,1333333.333,666666.6667,3.0,0.0,3,3,3,3.0,0.0,3,3,0,0.0,0.0,0,0,0,0,0,0,48,0,666666.6667,0.0,2,2,2.0,0.0,0.0,0,0,0,1,0,0,0,0,0,3.0,2.0,0.0,48,0,0,0,0,0,0,2,4,0,0,1024,-1,1,24,0.0,0.0,0,0,0.0,0.0,0,0,0
53,202,2,2,72,232,36,36,36.0,0.0,116,116,116.0,0.0,1504950.495,19801.9802,67.33333333,74.21814693,149,4,4,4.0,0.0,4,4,49,49.0,0.0,49,49,0,0,0,0,64,64,9900.990099,9900.990099,36,116,68.0,43.8178046,1920.0,0,0,0,0,0,0,0,0,1,85.0,36.0,116.0,64,0,0,0,0,0,0,2,72,2,232,-1,-1,1,32,0.0,0.0,0,0,0.0,0.0,0,0,0
80,3,2,0,0,0,0,0,0.0,0.0,0,0,0.0,0.0,0.0,666666.6667,3.0,0.0,3,3,3,3.0,0.0,3,3,0,0.0,0.0,0,0,0,0,0,0,64,0,666666.6667,0.0,0,0,0.0,0.0,0.0,0,0,0,0,1,0,0,0,0,0.0,0.0,0.0,64,0,0,0,0,0,0,2,0,0,0,274,-1,0,32,0.0,0.0,0,0,0.0,0.0,0,0,1
80,98946296,7,6,302,11595,296,0,43.14285714,111.5219389,4344,0,1932.5,1977.812908,120.2369415,0.131384403,8245524.667,28500000.0,98900000,1,98900000,16500000.0,40400000.0,98900000,1,54063,10812.6,18021.7527,41699,54,0,0,0,0,220,200,0.070745448,0.060638955,0,4344,849.7857143,1567.550965,2457216.027,0,0,0,0,1,0,0,0,0,915.1538462,43.14285714,1932.5,220,0,0,0,0,0,0,7,302,6,11595,251,235,2,20,6.0,0.0,6,6,98900000.0,0.0,98900000,98900000,1
53,95852,4,4,212,540,53,53,53.0,0.0,135,135,135.0,0.0,7845.428369,83.46200392,13693.14286,24377.78142,60232,3,95691,31897.0,55202.19608,95639,3,35571,11857.0,20453.78799,35475,48,0,0,0,0,80,80,41.73100196,41.73100196,53,135,89.44444444,43.21779469,1867.777778,0,0,0,0,0,0,0,0,1,100.625,53.0,135.0,80,0,0,0,0,0,0,4,212,4,540,-1,-1,3,20,0.0,0.0,0,0,0.0,0.0,0,0,0
443,10676295,3,1,12,0,6,0,4.0,3.4641016151,0,0,0.0,0.0,1.1239854275,0.3746618092,3558765.0,6120070.84605489,10625554,130,10676295,5338147.5,7477521.98207966,10625554,50741,0,0.0,0.0,0,0,0,0,0,0,72,32,0.2809963569,0.0936654523,0,6,2.4,3.286335345,10.8,0,0,0,1,0,0,0,0,0,3.0,4.0,0.0,72,0,0,0,0,0,0,3,12,1,0,8192,26883,2,20,0.0,0.0,0,0,0.0,0.0,0,0,0
443,509207,19,23,642,36953,405,0,33.78947368,96.15587978,4194,0,1606.652174,1182.622264,73830.48544,82.48119134,12419.68293,33125.43645,100926,0,509207,28289.27778,46319.91312,101502,4,407187,18508.5,39592.13017,101151,48,0,0,0,0,620,744,37.31291989,45.16827145,0,4194,874.3023256,1169.640167,1368058.121,0,0,0,1,0,0,0,0,1,895.1190476,33.78947368,1606.652174,620,0,0,0,0,0,0,19,642,23,36953,65535,11,5,32,0.0,0.0,0,0,0.0,0.0,0,0,0
80,100688728,8,6,756,11595,375,0,94.5,173.1407355,4344,0,1932.5,1754.831473,122.6651706,0.139042376,7745286.769,27800000.0,100000000,1,100000000,14400000.0,37900000.0,100000000,1,480437,96087.4,131469.003,242982,22,0,0,0,0,252,200,0.079452786,0.05958959,0,4344,823.4,1412.090082,1993998.4,0,0,0,0,1,0,0,0,0,882.2142857,94.5,1932.5,252,0,0,0,0,0,0,8,756,6,11595,251,235,3,20,1995.0,0.0,1995,1995,100000000.0,0.0,100000000,100000000,1
32780,45,1,1,0,6,0,0,0.0,0.0,6,6,6.0,0.0,133333.3333,44444.44444,45.0,0.0,45,45,0,0.0,0.0,0,0,0,0.0,0.0,0,0,0,0,0,0,40,20,22222.22222,22222.22222,0,6,2.0,3.464101615,12.0,0,0,0,1,0,0,0,0,1,3.0,0.0,6.0,40,0,0,0,0,0,0,1,0,1,6,29200,0,0,40,0.0,0.0,0,0,0.0,0.0,0,0,1
53,66277,1,1,48,85,48,48,48.0,0.0,85,85,85.0,0.0,2006.7293329511,30.1763809466,66277.0,0.0,66277,66277,0,0.0,0.0,0,0,0,0.0,0.0,0,0,0,0,0,0,20,20,15.0881904733,15.0881904733,48,85,60.3333333333,21.36195996,456.3333333333,0,0,0,0,0,0,0,0,1,90.5,48.0,85.0,20,0,0,0,0,0,0,1,48,1,85,-1,-1,0,20,0.0,0.0,0,0,0.0,0.0,0,0,0
80,70124,3,5,26,11601,20,0,8.666666667,10.26320288,8675,0,2320.2,3626.369424,165806.286,114.0836233,10017.71429,19206.29812,50588,4,19009,9504.5,13435.73595,19005,4,70000,17500.0,23815.94777,50588,50,0,0,0,0,72,112,42.78135874,71.30226456,0,8675,1291.888889,2839.421263,8062313.111,0,0,0,1,0,0,0,0,1,1453.375,8.666666667,2320.2,72,0,0,0,0,0,0,3,26,5,11601,8192,229,2,20,0.0,0.0,0,0,0.0,0.0,0,0,1
80,43641,3,6,26,11601,20,0,8.666666667,10.26320288,5755,0,1933.5,2166.985348,266423.7758,206.2280883,5455.125,15168.61801,42995,2,43024,21512.0,30419.73373,43022,2,43614,8722.8,19209.23242,43085,50,0,0,0,0,72,132,68.74269609,137.4853922,0,5755,1162.7,1897.114303,3599042.678,0,0,0,1,0,0,0,0,2,1291.888889,8.666666667,1933.5,72,0,0,0,0,0,0,3,26,6,11601,8192,229,2,20,0.0,0.0,0,0,0.0,0.0,0,0,1
80,63158734,7,0,0,0,0,0,0.0,0.0,0,0,0.0,0.0,0.0,0.110831861,10500000.0,11900000.0,32100000,999588,63200000,10500000.0,11900000.0,32100000,999588,0,0.0,0.0,0,0,0,0,0,0,280,0,0.110831861,0.0,0,0,0.0,0.0,0.0,0,0,0,1,0,0,0,0,0,0.0,0.0,0.0,280,0,0,0,0,0,0,7,0,0,0,29200,-1,0,40,7015265.0,0.0,7015265,7015265,18700000.0,12300000.0,32100000,8016187,1
53,30853,2,2,82,218,41,41,41.0,0.0,109,109,109.0,0.0,9723.527696,129.6470359,10284.33333,17806.92568,30846,3,4,4.0,0.0,4,4,3,3.0,0.0,3,3,0,0,0,0,40,40,64.82351797,64.82351797,41,109,68.2,37.24513391,1387.2,0,0,0,0,0,0,0,0,1,85.25,41.0,109.0,40,0,0,0,0,0,0,2,82,2,218,-1,-1,1,20,0.0,0.0,0,0,0.0,0.0,0,0,0
80,48916980,8,8,447,1779,411,0,55.875,143.5075284237,1767,0,222.375,624.1286354362,45.5056710369,0.3270847873,3261132.0,4762291.44907114,10000506,43,40116277,5730896.71428571,5345881.33359747,10023539,206,48893776,6984825.14285714,4784828.49780928,10023678,811,0,0,0,0,172,220,0.1635423937,0.1635423937,0,1767,130.9411764706,433.0143575259,187501.433823529,0,0,0,1,0,0,0,0,1,139.125,55.875,222.375,172,0,0,0,0,0,0,8,447,8,1779,8192,946,7,20,29237.75,12352.4319973842,47766,22980,9999831.5,489.0034083046,10000506,9999379,0
80,3001275,3,0,0,0,0,0,0.0,0.0,0,0,0.0,0.0,0.0,0.999575181,1500637.5,711863.4885,2004001,997274,3001275,1500637.5,711863.4885,2004001,997274,0,0.0,0.0,0,0,0,0,0,0,120,0,0.999575181,0.0,0,0,0.0,0.0,0.0,0,0,0,1,0,0,0,0,0,0.0,0.0,0.0,120,0,0,0,0,0,0,3,0,0,0,29200,-1,0,40,0.0,0.0,0,0,0.0,0.0,0,0,1
1092,15,1,1,2,6,2,2,2.0,0.0,6,6,6.0,0.0,533333.3333,133333.3333,15.0,0.0,15,15,0,0.0,0.0,0,0,0,0.0,0.0,0,0,0,0,0,0,24,20,66666.66667,66666.66667,2,6,3.333333333,2.309401077,5.333333333,0,0,0,1,0,0,0,0,1,5.0,2.0,6.0,24,0,0,0,0,0,0,1,2,1,6,1024,0,0,24,0.0,0.0,0,0,0.0,0.0,0,0,1
1114,44,1,1,2,6,2,2,2.0,0.0,6,6,6.0,0.0,181818.1818,45454.54545,44.0,0.0,44,44,0,0.0,0.0,0,0,0,0.0,0.0,0,0,0,0,0,0,24,20,22727.27273,22727.27273,2,6,3.333333333,2.309401077,5.333333333,0,0,0,1,0,0,0,0,1,5.0,2.0,6.0,24,0,0,0,0,0,0,1,2,1,6,1024,0,0,24,0.0,0.0,0,0,0.0,0.0,0,0,1
443,4,2,0,12,0,6,6,6.0,0.0,0,0,0.0,0.0,3000000.0,500000.0,4.0,0.0,4,4,4,4.0,0.0,4,4,0,0.0,0.0,0,0,0,0,0,0,40,0,500000.0,0.0,6,6,6.0,0.0,0.0,1,0,0,0,0,0,0,0,0,9.0,6.0,0.0,40,0,0,0,0,0,0,2,12,0,0,0,-1,1,20,0.0,0.0,0,0,0.0,0.0,0,0,0
80,83311,3,5,26,11607,20,0,8.666666667,10.26320288,5840,0,2321.4,3173.373883,139633.4218,96.0257349,11901.57143,31041.28273,82294,2,869,434.5,484.3681451,777,92,83293,20823.25,40982.81909,82294,2,0,0,0,0,72,112,36.00965059,60.01608431,0,5840,1292.555556,2554.159212,6523729.278,0,0,0,1,0,0,0,0,1,1454.125,8.666666667,2321.4,72,0,0,0,0,0,0,3,26,5,11607,8192,229,2,20,0.0,0.0,0,0,0.0,0.0,0,0,1
80,115348187,16,14,518,752,434,0,32.375,107.110457,746,0,53.71428571,199.2599495,11.01014271,0.260082111,3977523.69,4871504.862,10000000,24,115000000,7689879.133,4173893.748,10000000,167,111000000,8503735.462,3761261.988,10100000,20806,0,0,0,0,332,424,0.138710459,0.121371652,0,746,40.96774194,152.0288314,23112.76559,0,0,0,1,0,0,0,0,0,42.33333333,32.375,53.71428571,332,0,0,0,0,0,0,16,518,14,752,8192,343,15,20,47264.18182,36246.15448,156550,36259,10000000.0,17042.65561,10000000,9953236,0
80,28450,3,4,26,11607,20,0,8.666666667,10.26320288,11595,0,2901.75,5795.50069,408892.7944,246.0456942,4741.666667,11291.03082,27787,4,598,299.0,417.1930009,594,4,28294,9431.333333,15898.43151,27787,4,0,0,0,0,72,92,105.4481547,140.5975395,0,11595,1454.125,4097.537534,16800000.0,0,0,0,1,0,0,0,0,1,1661.857143,8.666666667,2901.75,72,0,0,0,0,0,0,3,26,4,11607,8192,229,2,20,0.0,0.0,0,0,0.0,0.0,0,0,1
80,100024645,6,6,328,11595,310,0,54.66666667,125.1218073,7240,0,1932.5,3126.682571,119.200623,0.119970433,9093149.545,30100000.0,99900000,1,99900000,20000000.0,44700000.0,99900000,1,100000000,20000000.0,44600000.0,99900000,84,0,0,0,0,164,200,0.059985217,0.059985217,0,7240,917.6153846,2244.21603,5036505.59,1,0,0,0,0,0,0,0,1,994.0833333,54.66666667,1932.5,164,0,0,0,0,0,0,6,328,6,11595,0,235,3,20,12987.0,0.0,12987,12987,99900000.0,0.0,99900000,99900000,1
2107,48,1,1,0,6,0,0,0.0,0.0,6,6,6.0,0.0,125000.0,41666.66667,48.0,0.0,48,48,0,0.0,0.0,0,0,0,0.0,0.0,0,0,0,0,0,0,40,20,20833.33333,20833.33333,0,6,2.0,3.464101615,12.0,0,0,0,1,0,0,0,0,1,3.0,0.0,6.0,40,0,0,0,0,0,0,1,0,1,6,29200,0,0,40,0.0,0.0,0,0,0.0,0.0,0,0,1
80,490029,3,4,26,11601,20,0,8.666666667,10.26320288,8760,0,2900.25,4128.319301,23727.16717,14.28486885,81671.5,194914.1638,479452,18,10345,5172.5,7187.740431,10255,90,490011,163337.0,273811.1302,479452,179,0,0,0,0,72,92,6.122086652,8.162782203,0,8760,1453.375,3113.952607,9696700.839,0,0,0,1,0,0,0,0,1,1661.0,8.666666667,2900.25,72,0,0,0,0,0,0,3,26,4,11601,8192,229,2,20,0.0,0.0,0,0,0.0,0.0,0,0,1
53,100594,2,2,58,506,29,29,29.0,0.0,253,253,253.0,0.0,5606.696224,39.76380301,33531.33333,58072.77683,100588,3,3,3.0,0.0,3,3,3,3.0,0.0,3,3,0,0,0,0,40,40,19.88190151,19.88190151,29,253,118.6,122.6898529,15052.8,0,0,0,0,0,0,0,0,1,148.25,29.0,253.0,40,0,0,0,0,0,0,2,58,2,506,-1,-1,1,20,0.0,0.0,0,0,0.0,0.0,0,0,0
3945,44,1,1,0,6,0,0,0.0,0.0,6,6,6.0,0.0,136363.6364,45454.54545,44.0,0.0,44,44,0,0.0,0.0,0,0,0,0.0,0.0,0,0,0,0,0,0,40,20,22727.27273,22727.27273,0,6,2.0,3.464101615,12.0,0,0,0,1,0,0,0,0,1,3.0,0.0,6.0,40,0,0,0,0,0,0,1,0,1,6,29200,0,0,40,0.0,0.0,0,0,0.0,0.0,0,0,1
53,190,2,2,90,122,45,45,45.0,0.0,61,61,61.0,0.0,1115789.474,21052.63158,63.33333333,102.7683479,182,4,4,4.0,0.0,4,4,4,4.0,0.0,4,4,0,0,0,0,40,40,10526.31579,10526.31579,45,61,51.4,8.76356092,76.8,0,0,0,0,0,0,0,0,1,64.25,45.0,61.0,40,0,0,0,0,0,0,2,90,2,122,-1,-1,1,20,0.0,0.0,0,0,0.0,0.0,0,0,0
53,906,1,1,56,116,56,56,56.0,0.0,116,116,116.0,0.0,189845.474613687,2207.5055187638,906.0,0.0,906,906,0,0.0,0.0,0,0,0,0.0,0.0,0,0,0,0,0,0,20,20,1103.7527593819,1103.7527593819,56,116,76.0,34.6410161514,1200.0,0,0,0,0,0,0,0,0,1,114.0,56.0,116.0,20,0,0,0,0,0,0,1,56,1,116,-1,-1,0,20,0.0,0.0,0,0,0.0,0.0,0,0,0
443,10915744,68,127,6257,152411,517,0,92.01470588,160.0818347,4022,0,1200.086614,855.7421732,14535.70183,17.86410528,56266.72165,717918.9237,10000000,1,10900000,162921.5522,1220619.772,10000000,187,10900000,86474.92857,890599.1701,10000000,1,0,0,0,0,1372,2552,6.229534148,11.63457113,0,4022,809.5306122,874.1930105,764213.4196,0,0,0,1,0,0,0,0,1,813.6820513,92.01470588,1200.086614,1372,0,0,0,0,0,0,68,6257,127,152411,8192,33,18,20,915587.0,0.0,915587,915587,10000000.0,0.0,10000000,10000000,0
32782,207,2,1,31,0,31,0,15.5,21.92031022,0,0,0.0,0.0,149758.4541,14492.75362,103.5,51.61879503,140,67,207,207.0,0.0,207,207,0,0.0,0.0,0,0,1,0,0,0,64,20,9661.835749,4830.917874,0,31,15.5,17.89785834,320.3333333,0,1,0,0,1,0,0,0,0,20.66666667,15.5,0.0,64,0,0,0,0,0,0,2,31,1,0,61,0,0,32,0.0,0.0,0,0,0.0,0.0,0,0,0
2602,43,1,1,0,6,0,0,0.0,0.0,6,6,6.0,0.0,139534.8837,46511.62791,43.0,0.0,43,43,0,0.0,0.0,0,0,0,0.0,0.0,0,0,0,0,0,0,40,20,23255.81395,23255.81395,0,6,2.0,3.464101615,12.0,0,0,0,1,0,0,0,0,1,3.0,0.0,6.0,40,0,0,0,0,0,0,1,0,1,6,29200,0,0,40,0.0,0.0,0,0,0.0,0.0,0,0,1
10621,49,2,0,4,0,2,2,2.0,0.0,0,0,0.0,0.0,81632.65306,40816.32653,49.0,0.0,49,49,49,49.0,0.0,49,49,0,0.0,0.0,0,0,0,0,0,0,48,0,40816.32653,0.0,2,2,2.0,0.0,0.0,0,0,0,1,0,0,0,0,0,3.0,2.0,0.0,48,0,0,0,0,0,0,2,4,0,0,1024,-1,1,24,0.0,0.0,0,0,0.0,0.0,0,0,0
20005,79,1,1,0,6,0,0,0.0,0.0,6,6,6.0,0.0,75949.36709,25316.4557,79.0,0.0,79,79,0,0.0,0.0,0,0,0,0.0,0.0,0,0,0,0,0,0,40,20,12658.22785,12658.22785,0,6,2.0,3.464101615,12.0,0,0,0,1,0,0,0,0,1,3.0,0.0,6.0,40,0,0,0,0,0,0,1,0,1,6,29200,0,0,40,0.0,0.0,0,0,0.0,0.0,0,0,1
1054,3,2,0,4,0,2,2,2.0,0.0,0,0,0.0,0.0,1333333.333,666666.6667,3.0,0.0,3,3,3,3.0,0.0,3,3,0,0.0,0.0,0,0,0,0,0,0,48,0,666666.6667,0.0,2,2,2.0,0.0,0.0,0,0,0,1,0,0,0,0,0,3.0,2.0,0.0,48,0,0,0,0,0,0,2,4,0,0,1024,-1,1,24,0.0,0.0,0,0,0.0,0.0,0,0,0
51563,168,1,1,0,0,0,0,0.0,0.0,0,0,0.0,0.0,0.0,11904.7619,168.0,0.0,168,168,0,0.0,0.0,0,0,0,0.0,0.0,0,0,0,0,0,0,32,32,5952.380952,5952.380952,0,0,0.0,0.0,0.0,0,0,0,0,1,0,0,0,1,0.0,0.0,0.0,32,0,0,0,0,0,0,1,0,1,0,122,33304,0,32,0.0,0.0,0,0,0.0,0.0,0,0,0
53,167,2,2,46,46,23,23,23.0,0.0,23,23,23.0,0.0,550898.2036,23952.09581,55.66666667,90.35670054,160,3,3,3.0,0.0,3,3,4,4.0,0.0,4,4,0,0,0,0,64,64,11976.0479,11976.0479,23,23,23.0,0.0,0.0,0,0,0,0,0,0,0,0,1,28.75,23.0,23.0,64,0,0,0,0,0,0,2,46,2,46,-1,-1,1,32,0.0,0.0,0,0,0.0,0.0,0,0,0
1600,44,1,1,0,6,0,0,0.0,0.0,6,6,6.0,0.0,136363.6364,45454.54545,44.0,0.0,44,44,0,0.0,0.0,0,0,0,0.0,0.0,0,0,0,0,0,0,40,20,22727.27273,22727.27273,0,6,2.0,3.464101615,12.0,0,0,0,1,0,0,0,0,1,3.0,0.0,6.0,40,0,0,0,0,0,0,1,0,1,6,29200,0,0,40,0.0,0.0,0,0,0.0,0.0,0,0,1
53,42312623,8,6,324,1070,44,37,40.5,3.741657387,220,95,178.3333333,64.54972244,32.94525135,0.33087053,3254817.154,11700000.0,42200000,3,42300000,6044632.286,16000000.0,42200000,3,42300000,8456417.0,18900000.0,42300000,4,0,0,0,0,160,144,0.189068874,0.141801656,37,220,95.4,80.05426731,6408.685714,0,0,0,0,0,0,0,0,0,102.2142857,40.5,178.3333333,160,0,0,0,0,0,0,8,324,6,1070,-1,-1,7,20,30586.0,0.0,30586,30586,42200000.0,0.0,42200000,42200000,0
50082,48,1,1,0,0,0,0,0.0,0.0,0,0,0.0,0.0,0.0,41666.66667,48.0,0.0,48,48,0,0.0,0.0,0,0,0,0.0,0.0,0,0,0,0,0,0,32,32,20833.33333,20833.33333,0,0,0.0,0.0,0.0,0,0,0,0,1,1,0,0,1,0.0,0.0,0.0,32,0,0,0,0,0,0,1,0,1,0,349,32832,0,32,0.0,0.0,0,0,0.0,0.0,0,0,0
80,961,2,0,0,0,0,0,0.0,0.0,0,0,0.0,0.0,0.0,2081.165453,961.0,0.0,961,961,961,961.0,0.0,961,961,0,0.0,0.0,0,0,0,0,0,0,64,0,2081.165453,0.0,0,0,0.0,0.0,0.0,0,0,0,0,1,0,0,0,0,0.0,0.0,0.0,64,0,0,0,0,0,0,2,0,0,0,251,-1,0,32,0.0,0.0,0,0,0.0,0.0,0,0,1
443,61138935,17,13,3716,3219,2896,0,218.5882353,701.3574391,1533,0,247.6153846,553.5956013,113.4301734,0.490685682,2108239.138,4134519.338,10200000,50,61100000,3821183.438,5049809.273,10300000,64,61100000,5087801.75,5270417.545,10300000,234,0,0,0,0,552,424,0.27805522,0.212630462,0,2896,223.7096774,621.98538,386865.8129,0,0,0,1,0,0,0,0,0,231.1666667,218.5882353,247.6153846,552,0,0,0,0,0,0,17,3716,13,3219,29200,136,4,32,128956.5,106906.07,347151,83889,10100000.0,188552.666,10200000,9698421,0
443,117996220,15,17,968,4524,287,0,64.53333333,94.4577507,1418,0,266.1176471,470.8585088,46.54386386,0.271195128,3806329.677,14700000.0,58900000,1,118000000,8428301.429,21400000.0,58900000,21,118000000,7372487.188,20100000.0,59000000,1,0,0,0,0,488,552,0.127122716,0.144072412,0,1418,166.4242424,354.6396966,125769.3144,0,0,0,1,0,0,0,0,1,171.625,64.53333333,266.1176471,488,0,0,0,0,0,0,15,968,17,4524,29200,357,8,32,174507.0,133358.9247,268806,80208,58800000.0,171618.3513,58900000,58700000,0
3689,26,1,1,0,6,0,0,0.0,0.0,6,6,6.0,0.0,230769.2308,76923.07692,26.0,0.0,26,26,0,0.0,0.0,0,0,0,0.0,0.0,0,0,0,0,0,0,40,20,38461.53846,38461.53846,0,6,2.0,3.464101615,12.0,0,0,0,1,0,0,0,0,1,3.0,0.0,6.0,40,0,0,0,0,0,0,1,0,1,6,29200,0,0,40,0.0,0.0,0,0,0.0,0.0,0,0,1
80,98274753,8,6,355,11595,355,0,44.375,125.5114537,5792,0,1932.5,2179.547086,121.5978635,0.142457748,7559596.385,27300000.0,98300000,2,98300000,14000000.0,37100000.0,98300000,2,16511,3302.2,4585.437133,10014,53,0,0,0,0,264,200,0.081404427,0.061053321,0,5792,796.6666667,1620.522917,2626094.524,0,0,0,0,1,0,0,0,0,853.5714286,44.375,1932.5,264,0,0,0,0,0,0,8,355,6,11595,274,235,1,32,2003.0,0.0,2003,2003,98300000.0,0.0,98300000,98300000,1
1076,74,1,1,0,6,0,0,0.0,0.0,6,6,6.0,0.0,81081.08108,27027.02703,74.0,0.0,74,74,0,0.0,0.0,0,0,0,0.0,0.0,0,0,0,0,0,0,40,20,13513.51351,13513.51351,0,6,2.0,3.464101615,12.0,0,0,0,1,0,0,0,0,1,3.0,0.0,6.0,40,0,0,0,0,0,0,1,0,1,6,29200,0,0,40,0.0,0.0,0,0,0.0,0.0,0,0,1
50073,35417,7,1,571,6,242,6,81.5714285714,87.893604513,6,6,6.0,0.0,16291.6113730694,225.8802270096,5059.5714285714,10448.4484949863,27922,1,35417,5902.8333333333,11230.0624827588,28019,1,0,0.0,0.0,0,0,1,0,0,0,140,20,197.6451986334,28.2350283762,6,242,91.0,98.1070843517,9625.0,0,1,0,0,1,0,0,0,0,102.375,81.5714285714,6.0,140,0,0,0,0,0,0,7,571,1,6,119,0,6,20,0.0,0.0,0,0,0.0,0.0,0,0,0
85,64,1,1,0,6,0,0,0.0,0.0,6,6,6.0,0.0,93750.0,31250.0,64.0,0.0,64,64,0,0.0,0.0,0,0,0,0.0,0.0,0,0,0,0,0,0,40,20,15625.0,15625.0,0,6,2.0,3.464101615,12.0,0,0,0,1,0,0,0,0,1,3.0,0.0,6.0,40,0,0,0,0,0,0,1,0,1,6,29200,0,0,40,0.0,0.0,0,0,0.0,0.0,0,0,1
53,50512,1,1,50,78,50,50,50.0,0.0,78,78,78.0,0.0,2534.051315,39.59455179,50512.0,0.0,50512,50512,0,0.0,0.0,0,0,0,0.0,0.0,0,0,0,0,0,0,32,32,19.79727589,19.79727589,50,78,59.33333333,16.16580754,261.3333333,0,0,0,0,0,0,0,0,1,89.0,50.0,78.0,32,0,0,0,0,0,0,1,50,1,78,-1,-1,0,32,0.0,0.0,0,0,0.0,0.0,0,0,0
53,13501237,2,2,100,181,52,48,50.0,2.8284271247,113,68,90.5,31.8198051534,20.8129077358,0.2962691493,4500412.33333333,7714241.856245,13408011,23334,13477903,13477903.0,0.0,13477903,13477903,13431345,13431345.0,0.0,13431345,13431345,0,0,0,0,64,64,0.1481345746,0.1481345746,48,113,65.8,27.6441675585,764.2,0,0,0,0,0,0,0,0,1,82.25,50.0,90.5,64,0,0,0,0,0,0,2,100,2,181,-1,-1,1,32,69892.0,0.0,69892,69892,13408011.0,0.0,13408011,13408011,0
80,1281001,6,0,36,0,6,6,6.0,0.0,0,0,0.0,0.0,28.10302256,4.683837093,256200.2,571754.8636,1278986,2,1281001,256200.2,571754.8636,1278986,2,0,0.0,0.0,0,0,0,0,0,0,120,0,4.683837093,0.0,6,6,6.0,0.0,0.0,0,0,0,0,1,0,0,0,0,7.0,6.0,0.0,120,0,0,0,0,0,0,6,36,0,0,256,-1,5,20,0.0,0.0,0,0,0.0,0.0,0,0,1
46813,137,1,1,0,0,0,0,0.0,0.0,0,0,0.0,0.0,0.0,14598.54015,137.0,0.0,137,137,0,0.0,0.0,0,0,0,0.0,0.0,0,0,0,0,0,0,32,32,7299.270073,7299.270073,0,0,0.0,0.0,0.0,0,0,0,0,1,1,0,0,1,0.0,0.0,0.0,32,0,0,0,0,0,0,1,0,1,0,283,229,0,32,0.0,0.0,0,0,0.0,0.0,0,0,0
80,91646331,8,6,56,11607,20,0,7.0,5.656854249,5840,0,1934.5,2538.919278,127.2609593,0.152761162,7049717.769,23700000.0,85900000,1,90000000,12900000.0,32200000.0,85900000,1,1667464,333492.8,744712.6674,1665675,47,0,0,0,0,172,132,0.087292092,0.065469069,0,5840,777.9333333,1804.898987,3257660.352,0,0,0,0,1,0,0,0,0,833.5,7.0,1934.5,172,0,0,0,0,0,0,8,56,6,11607,256,229,6,20,4077906.0,0.0,4077906,4077906,85900000.0,0.0,85900000,85900000,1
80,995,2,0,0,0,0,0,0.0,0.0,0,0,0.0,0.0,0.0,2010.050251,995.0,0.0,995,995,995,995.0,0.0,995,995,0,0.0,0.0,0,0,0,0,0,0,64,0,2010.050251,0.0,0,0,0.0,0.0,0.0,0,0,0,0,1,0,0,0,0,0.0,0.0,0.0,64,0,0,0,0,0,0,2,0,0,0,251,-1,0,32,0.0,0.0,0,0,0.0,0.0,0,0,1
443,116075016,38,45,900,58814,361,0,23.6842105263,66.3924064622,2920,0,1306.9777777778,1067.4010596876,514.4431769882,0.7150548228,1415548.97560976,3446000.05992763,10007824,0,116075016,3137162.59459459,4616079.66592681,10031667,49,110582947,2513248.79545455,4376548.84442133,10031712,48,0,0,0,0,784,1044,0.3273744972,0.3876803256,0,2920,710.880952381,1010.3955852383,1020899.23866896,0,0,0,1,0,0,0,0,1,719.4457831325,23.6842105263,1306.9777777778,784,0,0,0,0,0,0,38,900,45,58814,8192,980,36,20,66668.4166666667,147950.137765433,536473,23843,9606245.5,1305105.829457,10007824,5467957,0
53,32196,2,2,76,196,38,38,38.0,0.0,98,98,98.0,0.0,8448.254442,124.2390359,10732.0,18584.0392,32191,1,1,1.0,0.0,1,1,4,4.0,0.0,4,4,0,0,0,0,64,64,62.11951795,62.11951795,38,98,62.0,32.86335345,1080.0,0,0,0,0,0,0,0,0,1,77.5,38.0,98.0,64,0,0,0,0,0,0,2,76,2,196,-1,-1,1,32,0.0,0.0,0,0,0.0,0.0,0,0,0
53,23811,2,2,70,254,35,35,35.0,0.0,127,127,127.0,0.0,13607.15636,167.9895846,7937.0,13741.22509,23804,3,3,3.0,0.0,3,3,4,4.0,0.0,4,4,0,0,0,0,64,40,83.99479232,83.99479232,35,127,71.8,50.39047529,2539.2,0,0,0,0,0,0,0,0,1,89.75,35.0,127.0,64,0,0,0,0,0,0,2,70,2,254,-1,-1,1,32,0.0,0.0,0,0,0.0,0.0,0,0,0
80,68345539,7,7,1113,11595,367,0,159.0,194.5816024,4344,0,1656.428571,1760.597234,185.9375196,0.20484146,5257349.154,18800000.0,67800000,1,68200000,11400000.0,27600000.0,67800000,1,68300000,11400000.0,27600000.0,67800000,17,0,0,0,0,208,232,0.10242073,0.10242073,0,4344,847.6,1399.803394,1959449.543,1,0,0,0,0,0,0,0,1,908.1428571,159.0,1656.428571,208,0,0,0,0,0,0,7,1113,7,11595,0,235,4,20,9013.0,0.0,9013,9013,67800000.0,0.0,67800000,67800000,1
80,7965801,6,0,36,0,6,6,6.0,0.0,0,0,0.0,0.0,4.519319526,0.753219921,1593160.2,3560721.27,7962772,4,7965801,1593160.2,3560721.27,7962772,4,0,0.0,0.0,0,0,0,0,0,0,120,0,0.753219921,0.0,6,6,6.0,0.0,0.0,0,0,0,0,1,0,0,0,0,7.0,6.0,0.0,120,0,0,0,0,0,0,6,36,0,0,256,-1,5,20,3029.0,0.0,3029,3029,7962772.0,0.0,7962772,7962772,1
443,1036676,49,66,633,134281,317,0,12.91836735,54.82693861,4344,0,2034.560606,982.0283582,130140.9505,110.9314771,9093.649123,31867.58143,237212,1,1035919,21581.64583,48549.31928,237212,45,940216,14464.86154,54656.07891,379270,2,0,0,0,0,1576,2120,47.26645548,63.66502167,0,4344,1163.051724,1248.052457,1557634.936,0,0,0,1,0,0,0,0,1,1173.165217,12.91836735,2034.560606,1576,0,0,0,0,0,0,49,633,66,134281,29200,61,3,32,0.0,0.0,0,0,0.0,0.0,0,0,0
53,49595,2,2,70,102,35,35,35.0,0.0,51,51,51.0,0.0,3468.091541,80.65329166,16531.66667,28590.39379,49545,3,3,3.0,0.0,3,3,47,47.0,0.0,47,47,0,0,0,0,64,64,40.32664583,40.32664583,35,51,41.4,8.76356092,76.8,0,0,0,0,0,0,0,0,1,51.75,35.0,51.0,64,0,0,0,0,0,0,2,70,2,102,-1,-1,1,32,0.0,0.0,0,0,0.0,0.0,0,0,0
80,493278,3,5,26,11601,20,0,8.666666667,10.26320288,5840,0,2320.2,2436.833027,23570.887,16.21803527,70468.28571,182119.4445,483425,95,8884,4442.0,5556.445087,8371,513,492957,123239.25,240155.1857,483425,195,0,0,0,0,72,112,6.081763225,10.13627204,0,5840,1291.888889,2110.95076,4456113.111,0,0,0,1,0,0,0,0,1,1453.375,8.666666667,2320.2,72,0,0,0,0,0,0,3,26,5,11601,8192,229,2,20,0.0,0.0,0,0,0.0,0.0,0,0,1
2006,55,1,1,0,6,0,0,0.0,0.0,6,6,6.0,0.0,109090.9091,36363.63636,55.0,0.0,55,55,0,0.0,0.0,0,0,0,0.0,0.0,0,0,0,0,0,0,40,20,18181.81818,18181.81818,0,6,2.0,3.464101615,12.0,0,0,0,1,0,0,0,0,1,3.0,0.0,6.0,40,0,0,0,0,0,0,1,0,1,6,29200,0,0,40,0.0,0.0,0,0,0.0,0.0,0,0,1
21,191,2,2,14,0,14,0,7.0,9.899494937,0,0,0.0,0.0,73298.42932,20942.40838,63.66666667,46.30694692,98,11,191,191.0,0.0,191,191,11,11.0,0.0,11,11,1,0,0,0,64,40,10471.20419,10471.20419,0,14,5.6,7.668115805,58.8,0,1,0,0,1,0,0,0,1,7.0,7.0,0.0,64,0,0,0,0,0,0,2,14,2,0,229,0,0,32,0.0,0.0,0,0,0.0,0.0,0,0,1
8087,78,1,1,2,6,2,2,2.0,0.0,6,6,6.0,0.0,102564.1026,25641.02564,78.0,0.0,78,78,0,0.0,0.0,0,0,0,0.0,0.0,0,0,0,0,0,0,24,20,12820.51282,12820.51282,2,6,3.333333333,2.309401077,5.333333333,0,0,0,1,0,0,0,0,1,5.0,2.0,6.0,24,0,0,0,0,0,0,1,2,1,6,1024,0,0,24,0.0,0.0,0,0,0.0,0.0,0,0,1
53,246,2,2,104,264,52,52,52.0,0.0,132,132,132.0,0.0,1495934.959,16260.1626,82.0,101.1484058,196,3,47,47.0,0.0,47,47,3,3.0,0.0,3,3,0,0,0,0,64,64,8130.081301,8130.081301,52,132,84.0,43.8178046,1920.0,0,0,0,0,0,0,0,0,1,105.0,52.0,132.0,64,0,0,0,0,0,0,2,104,2,264,-1,-1,1,32,0.0,0.0,0,0,0.0,0.0,0,0,0
42895,4,2,0,12,0,6,6,6.0,0.0,0,0,0.0,0.0,3000000.0,500000.0,4.0,0.0,4,4,4,4.0,0.0,4,4,0,0.0,0.0,0,0,0,0,0,0,40,0,500000.0,0.0,6,6,6.0,0.0,0.0,0,0,0,0,1,0,0,0,0,9.0,6.0,0.0,40,0,0,0,0,0,0,2,12,0,0,40905,-1,1,20,0.0,0.0,0,0,0.0,0.0,0,0,0
53,122175,2,2,84,348,42,42,42.0,0.0,174,174,174.0,0.0,3535.911602,32.73992224,40725.0,70530.84094,122167,4,4,4.0,0.0,4,4,4,4.0,0.0,4,4,0,0,0,0,40,40,16.36996112,16.36996112,42,174,94.8,72.29937759,5227.2,0,0,0,0,0,0,0,0,1,118.5,42.0,174.0,40,0,0,0,0,0,0,2,84,2,348,-1,-1,1,20,0.0,0.0,0,0,0.0,0.0,0,0,0
53,188,2,2,94,350,47,47,47.0,0.0,175,175,175.0,0.0,2361702.128,21276.59574,62.66666667,102.4808925,181,3,3,3.0,0.0,3,3,4,4.0,0.0,4,4,0,0,0,0,40,40,10638.29787,10638.29787,47,175,98.2,70.10848736,4915.2,0,0,0,0,0,0,0,0,1,122.75,47.0,175.0,40,0,0,0,0,0,0,2,94,2,350,-1,-1,1,20,0.0,0.0,0,0,0.0,0.0,0,0,0
443,116073402,22,20,3646,5402,1557,0,165.7272727,432.730333,1413,0,270.1,538.2992613,77.95067469,0.361840002,2831058.585,4467495.636,10000000,1,116000000,5527304.857,4963665.117,10000000,3,111000000,5836048.105,5060894.769,10000000,1,0,0,0,0,452,544,0.189535239,0.172304763,0,1557,210.4186047,478.0261117,228508.9635,0,0,0,1,0,0,0,0,0,215.4285714,165.7272727,270.1,452,0,0,0,0,0,0,22,3646,20,5402,8192,17520,21,20,75385.5,139668.1345,518891,34809,9597397.75,1399543.508,10000000,5153271,0
53,203,2,2,66,180,33,33,33.0,0.0,90,90,90.0,0.0,1211822.66,19704.4335,67.66666667,34.06366588,107,48,48,48.0,0.0,48,48,48,48.0,0.0,48,48,0,0,0,0,40,40,9852.216749,9852.216749,33,90,55.8,31.22018578,974.7,0,0,0,0,0,0,0,0,1,69.75,33.0,90.0,40,0,0,0,0,0,0,2,66,2,180,-1,-1,1,20,0.0,0.0,0,0,0.0,0.0,0,0,0
80,98665763,5,7,332,11595,320,0,66.4,141.7984485,5792,0,1656.428571,2119.480114,120.8828639,0.121622736,8969614.818,29700000.0,98600000,25,98700000,24700000.0,49300000.0,98600000,1001,98700000,16400000.0,40300000.0,98700000,73,0,0,0,0,144,232,0.05067614,0.070946596,0,5792,917.9230769,1715.33274,2942366.41,1,0,0,0,0,0,0,0,1,994.4166667,66.4,1656.428571,144,0,0,0,0,0,0,5,332,7,11595,0,235,2,20,10001.0,0.0,10001,10001,98600000.0,0.0,98600000,98600000,1
53,235,2,2,94,220,47,47,47.0,0.0,110,110,110.0,0.0,1336170.213,17021.2766,78.33333333,131.355751,230,1,1,1.0,0.0,1,1,4,4.0,0.0,4,4,0,0,0,0,64,64,8510.638298,8510.638298,47,110,72.2,34.50652112,1190.7,0,0,0,0,0,0,0,0,1,90.25,47.0,110.0,64,0,0,0,0,0,0,2,94,2,220,-1,-1,1,32,0.0,0.0,0,0,0.0,0.0,0,0,0
80,99239692,8,6,345,11595,339,0,43.125,119.5699885,5792,0,1932.5,2181.008184,120.3147628,0.141072586,7633822.462,27500000.0,99100000,1,99100000,14200000.0,37500000.0,99100000,1,146439,29287.8,58860.66302,134175,14,0,0,0,0,252,200,0.080612906,0.06045968,0,5792,796.0,1621.33186,2628717.0,0,0,0,0,1,0,0,0,0,852.8571429,43.125,1932.5,252,0,0,0,0,0,0,8,345,6,11595,274,235,2,20,988.0,0.0,988,988,99100000.0,0.0,99100000,99100000,1
53,173,2,2,82,210,41,41,41.0,0.0,105,105,105.0,0.0,1687861.272,23121.38728,57.66666667,94.68544415,167,3,3,3.0,0.0,3,3,3,3.0,0.0,3,3,0,0,0,0,40,40,11560.69364,11560.69364,41,105,66.6,35.05424368,1228.8,0,0,0,0,0,0,0,0,1,83.25,41.0,105.0,40,0,0,0,0,0,0,2,82,2,210,-1,-1,1,20,0.0,0.0,0,0,0.0,0.0,0,0,0
4002,71,1,1,0,6,0,0,0.0,0.0,6,6,6.0,0.0,84507.04225,28169.01408,71.0,0.0,71,71,0,0.0,0.0,0,0,0,0.0,0.0,0,0,0,0,0,0,40,20,14084.50704,14084.50704,0,6,2.0,3.464101615,12.0,0,0,0,1,0,0,0,0,1,3.0,0.0,6.0,40,0,0,0,0,0,0,1,0,1,6,29200,0,0,40,0.0,0.0,0,0,0.0,0.0,0,0,1
80,1013896,3,4,26,11601,20,0,8.666666667,10.26320288,8675,0,2900.25,4088.041942,11467.6456,6.904061166,168982.6667,406249.1488,998141,1,15559,7779.5,10806.71294,15421,138,1013876,337958.6667,571786.1508,998141,195,0,0,0,0,72,92,2.958883357,3.945177809,0,8675,1453.375,3091.095642,9554872.268,0,0,0,1,0,0,0,0,1,1661.0,8.666666667,2900.25,72,0,0,0,0,0,0,3,26,4,11601,8192,229,2,20,0.0,0.0,0,0,0.0,0.0,0,0,1
443,11994551,9,11,2933,6841,1353,0,325.8888889,561.9829723,1689,0,621.9090909,694.0356554,814.8700189,1.667423816,631292.1579,2271980.044,9852729,50,2141367,267670.875,637754.7526,1839429,312,12000000,1196224.6,3148473.214,10000000,50,0,0,0,0,192,224,0.750340717,0.917083099,0,1689,465.4285714,632.6399902,400233.3571,0,0,0,1,0,0,0,0,1,488.7,325.8888889,621.9090909,192,0,0,0,0,0,0,9,2933,11,6841,8192,35178,4,20,2141367.0,0.0,2141367,2141367,9852729.0,0.0,9852729,9852729,0
1138,90,1,1,0,6,0,0,0.0,0.0,6,6,6.0,0.0,66666.66667,22222.22222,90.0,0.0,90,90,0,0.0,0.0,0,0,0,0.0,0.0,0,0,0,0,0,0,40,20,11111.11111,11111.11111,0,6,2.0,3.464101615,12.0,0,0,0,1,0,0,0,0,1,3.0,0.0,6.0,40,0,0,0,0,0,0,1,0,1,6,29200,0,0,40,0.0,0.0,0,0,0.0,0.0,0,0,1
80,84041122,7,6,385,11595,379,0,55.0,142.8880681,4344,0,1932.5,1754.831473,142.549263,0.154686179,7003426.833,24200000.0,83900000,1,83900000,14000000.0,34200000.0,83900000,1,149430,29886.0,59163.81934,135171,16,0,0,0,0,220,200,0.083292558,0.071393621,0,4344,855.7142857,1459.629164,2130517.297,0,0,0,0,1,0,0,0,0,921.5384615,55.0,1932.5,220,0,0,0,0,0,0,7,385,6,11595,274,235,2,20,2030.0,0.0,2030,2030,83900000.0,0.0,83900000,83900000,1
80,1118977,5,0,30,0,6,6,6.0,0.0,0,0,0.0,0.0,26.81020253,4.468367089,279744.25,557494.4301,1115985,2,1118977,279744.25,557494.4301,1115985,2,0,0.0,0.0,0,0,0,0,0,0,100,0,4.468367089,0.0,6,6,6.0,0.0,0.0,0,0,0,0,1,0,0,0,0,7.2,6.0,0.0,100,0,0,0,0,0,0,5,30,0,0,256,-1,4,20,0.0,0.0,0,0,0.0,0.0,0,0,1
55248,23,1,1,0,0,0,0,0.0,0.0,0,0,0.0,0.0,0.0,86956.52174,23.0,0.0,23,23,0,0.0,0.0,0,0,0,0.0,0.0,0,0,0,0,0,0,32,32,43478.26087,43478.26087,0,0,0.0,0.0,0.0,0,0,0,0,1,1,0,0,1,0.0,0.0,0.0,32,0,0,0,0,0,0,1,0,1,0,67,314,0,32,0.0,0.0,0,0,0.0,0.0,0,0,0
32780,66,1,1,2,6,2,2,2.0,0.0,6,6,6.0,0.0,121212.1212,30303.0303,66.0,0.0,66,66,0,0.0,0.0,0,0,0,0.0,0.0,0,0,0,0,0,0,24,20,15151.51515,15151.51515,2,6,3.333333333,2.309401077,5.333333333,0,0,0,1,0,0,0,0,1,5.0,2.0,6.0,24,0,0,0,0,0,0,1,2,1,6,1024,0,0,24,0.0,0.0,0,0,0.0,0.0,0,0,1
80,1,2,0,0,0,0,0,0.0,0.0,0,0,0.0,0.0,0.0,2000000.0,1.0,0.0,1,1,1,1.0,0.0,1,1,0,0.0,0.0,0,0,0,0,0,0,64,0,2000000.0,0.0,0,0,0.0,0.0,0.0,0,0,0,0,1,0,0,0,0,0.0,0.0,0.0,64,0,0,0,0,0,0,2,0,0,0,251,-1,0,32,0.0,0.0,0,0,0.0,0.0,0,0,1
80,7827803,4,0,24,0,6,6,6.0,0.0,0,0,0.0,0.0,3.065994379,0.510999063,2609267.667,4509864.454,7816808,1009,7827803,2609267.667,4509864.454,7816808,1009,0,0.0,0.0,0,0,0,0,0,0,80,0,0.510999063,0.0,6,6,6.0,0.0,0.0,0,0,0,0,1,0,0,0,0,7.5,6.0,0.0,80,0,0,0,0,0,0,4,24,0,0,256,-1,3,20,10995.0,0.0,10995,10995,7816808.0,0.0,7816808,7816808,1
80,185,2,0,0,0,0,0,0.0,0.0,0,0,0.0,0.0,0.0,10810.81081,185.0,0.0,185,185,185,185.0,0.0,185,185,0,0.0,0.0,0,0,0,0,0,0,64,0,10810.81081,0.0,0,0,0.0,0.0,0.0,0,0,0,0,1,0,0,0,0,0.0,0.0,0.0,64,0,0,0,0,0,0,2,0,0,0,251,-1,0,32,0.0,0.0,0,0,0.0,0.0,0,0,1
443,102965,22,25,1263,41029,562,0,57.40909091,156.5702821,2920,0,1641.16,962.0050104,410741.5141,456.4657893,2238.369565,6510.764821,23429,1,102965,4903.095238,9267.819398,24336,11,74576,3107.333333,7870.832577,24154,4,0,0,0,0,452,512,213.6648376,242.8009518,0,2920,881.0833333,1060.615755,1124905.78,0,0,0,1,0,0,0,0,1,899.8297872,57.40909091,1641.16,452,0,0,0,0,0,0,22,1263,25,41029,8192,62,21,20,0.0,0.0,0,0,0.0,0.0,0,0,0
443,60999636,14,14,1290,4022,889,0,92.14285714,237.6030488,1460,2,287.2857143,541.3388571,87.08248685,0.459019133,2259245.778,4214439.528,10000000,6,61000000,4692279.692,5179721.002,10100000,128,60900000,4685707.0,5199572.227,10100000,48,0,0,0,0,292,284,0.229509566,0.229509566,0,1460,183.1724138,415.9693558,173030.5049,0,0,0,1,0,0,0,0,1,189.7142857,92.14285714,287.2857143,292,0,0,0,0,0,0,14,1290,14,4022,8192,32004,13,20,127493.3333,103113.6104,337973,85337,9995951.5,6109.345849,10000000,9992040,0
1145,47,1,1,2,6,2,2,2.0,0.0,6,6,6.0,0.0,170212.766,42553.19149,47.0,0.0,47,47,0,0.0,0.0,0,0,0,0.0,0.0,0,0,0,0,0,0,24,20,21276.59574,21276.59574,2,6,3.333333333,2.309401077,5.333333333,0,0,0,1,0,0,0,0,1,5.0,2.0,6.0,24,0,0,0,0,0,0,1,2,1,6,1024,0,0,24,0.0,0.0,0,0,0.0,0.0,0,0,1
563,15,1,1,2,6,2,2,2.0,0.0,6,6,6.0,0.0,533333.3333,133333.3333,15.0,0.0,15,15,0,0.0,0.0,0,0,0,0.0,0.0,0,0,0,0,0,0,24,20,66666.66667,66666.66667,2,6,3.333333333,2.309401077,5.333333333,0,0,0,1,0,0,0,0,1,5.0,2.0,6.0,24,0,0,0,0,0,0,1,2,1,6,1024,0,0,24,0.0,0.0,0,0,0.0,0.0,0,0,1
43540,8077,2,0,0,0,0,0,0.0,0.0,0,0,0.0,0.0,0.0,247.6166894,8077.0,0.0,8077,8077,8077,8077.0,0.0,8077,8077,0,0.0,0.0,0,0,0,0,0,0,64,0,247.6166894,0.0,0,0,0.0,0.0,0.0,0,0,0,0,1,0,0,0,0,0.0,0.0,0.0,64,0,0,0,0,0,0,2,0,0,0,23,-1,0,32,0.0,0.0,0,0,0.0,0.0,0,0,0
443,635780,9,10,703,3950,267,0,78.11111111,103.3022803,1448,0,395.0,587.483144,7318.569316,29.88455126,35321.11111,45330.01041,101027,1,540320,67540.0,54965.49463,137886,370,540437,60048.55556,67903.48281,196027,192,0,0,0,0,296,328,14.15584007,15.72871119,0,1448,232.65,442.7331708,196012.6605,0,0,0,1,0,0,0,0,1,244.8947368,78.11111111,395.0,296,0,0,0,0,0,0,9,703,10,3950,29200,252,4,32,0.0,0.0,0,0,0.0,0.0,0,0,0
1761,26,1,1,0,6,0,0,0.0,0.0,6,6,6.0,0.0,230769.2308,76923.07692,26.0,0.0,26,26,0,0.0,0.0,0,0,0,0.0,0.0,0,0,0,0,0,0,40,20,38461.53846,38461.53846,0,6,2.0,3.464101615,12.0,0,0,0,1,0,0,0,0,1,3.0,0.0,6.0,40,0,0,0,0,0,0,1,0,1,6,29200,0,0,40,0.0,0.0,0,0,0.0,0.0,0,0,1
443,16101,1,1,6,6,6,6,6.0,0.0,6,6,6.0,0.0,745.2953232718,124.215887212,16101.0,0.0,16101,16101,0,0.0,0.0,0,0,0,0.0,0.0,0,0,0,0,0,0,20,20,62.107943606,62.107943606,6,6,6.0,0.0,0.0,1,0,0,0,1,0,0,0,1,9.0,6.0,6.0,20,0,0,0,0,0,0,1,6,1,6,0,32160,0,20,0.0,0.0,0,0,0.0,0.0,0,0,0
6699,65,1,1,0,6,0,0,0.0,0.0,6,6,6.0,0.0,92307.69231,30769.23077,65.0,0.0,65,65,0,0.0,0.0,0,0,0,0.0,0.0,0,0,0,0,0,0,40,20,15384.61538,15384.61538,0,6,2.0,3.464101615,12.0,0,0,0,1,0,0,0,0,1,3.0,0.0,6.0,40,0,0,0,0,0,0,1,0,1,6,29200,0,0,40,0.0,0.0,0,0,0.0,0.0,0,0,1
80,85235487,6,5,369,11595,351,0,61.5,141.8559128,11584,0,2319.0,5179.294643,140.3640716,0.129054228,8523548.7,26900000.0,85000000,1,85100000,17000000.0,38000000.0,85000000,1,85200000,21300000.0,42500000.0,85100000,184,0,0,0,0,164,168,0.070393215,0.058661013,0,11584,997.5,3335.381224,11100000.0,1,0,0,0,0,0,0,0,0,1088.181818,61.5,2319.0,164,0,0,0,0,0,0,6,369,5,11595,0,235,3,20,12000.0,0.0,12000,12000,85000000.0,0.0,85000000,85000000,1
3703,48,1,1,0,6,0,0,0.0,0.0,6,6,6.0,0.0,125000.0,41666.66667,48.0,0.0,48,48,0,0.0,0.0,0,0,0,0.0,0.0,0,0,0,0,0,0,40,20,20833.33333,20833.33333,0,6,2.0,3.464101615,12.0,0,0,0,1,0,0,0,0,1,3.0,0.0,6.0,40,0,0,0,0,0,0,1,0,1,6,29200,0,0,40,0.0,0.0,0,0,0.0,0.0,0,0,1
21,131412,20,25,176,440,43,0,8.8,12.68069399,52,0,17.6,16.1606518,4687.54756,342.4344809,2986.636364,12636.21428,71185,1,131282,6909.578947,26778.33023,117052,1,131284,5470.166667,16879.03491,71185,1,0,0,0,0,656,816,152.1931026,190.2413783,0,52,13.39130435,15.17816891,230.3768116,0,0,0,1,0,0,0,0,1,13.68888889,8.8,17.6,656,0,0,0,0,0,0,20,176,25,440,29200,227,12,32,0.0,0.0,0,0,0.0,0.0,0,0,0
53,225,2,2,76,154,38,38,38.0,0.0,77,77,77.0,0.0,1022222.222,17777.77778,75.0,128.1717598,223,1,1,1.0,0.0,1,1,1,1.0,0.0,1,1,0,0,0,0,64,64,8888.888889,8888.888889,38,77,53.6,21.36117974,456.3,0,0,0,0,0,0,0,0,1,67.0,38.0,77.0,64,0,0,0,0,0,0,2,76,2,154,-1,-1,1,32,0.0,0.0,0,0,0.0,0.0,0,0,0
53,257,2,2,74,154,37,37,37.0,0.0,77,77,77.0,0.0,887159.5331,15564.20233,85.66666667,105.8741391,205,3,3,3.0,0.0,3,3,49,49.0,0.0,49,49,0,0,0,0,64,64,7782.101167,7782.101167,37,77,53.0,21.9089023,480.0,0,0,0,0,0,0,0,0,1,66.25,37.0,77.0,64,0,0,0,0,0,0,2,74,2,154,-1,-1,1,32,0.0,0.0,0,0,0.0,0.0,0,0,0
53,257,2,2,58,328,29,29,29.0,0.0,164,164,164.0,0.0,1501945.52529183,15564.2023346303,85.6666666667,64.3764967464,160,48,48,48.0,0.0,48,48,49,49.0,0.0,49,49,0,0,0,0,64,64,7782.1011673152,7782.1011673152,29,164,83.0,73.9425452632,5467.5,0,0,0,0,0,0,0,0,1,103.75,29.0,164.0,64,0,0,0,0,0,0,2,58,2,328,-1,-1,1,32,0.0,0.0,0,0,0.0,0.0,0,0,0
3703,56,1,1,0,6,0,0,0.0,0.0,6,6,6.0,0.0,107142.8571,35714.28571,56.0,0.0,56,56,0,0.0,0.0,0,0,0,0.0,0.0,0,0,0,0,0,0,40,20,17857.14286,17857.14286,0,6,2.0,3.464101615,12.0,0,0,0,1,0,0,0,0,1,3.0,0.0,6.0,40,0,0,0,0,0,0,1,0,1,6,29200,0,0,40,0.0,0.0,0,0,0.0,0.0,0,0,1
80,1,2,0,0,0,0,0,0.0,0.0,0,0,0.0,0.0,0.0,2000000.0,1.0,0.0,1,1,1,1.0,0.0,1,1,0,0.0,0.0,0,0,0,0,0,0,64,0,2000000.0,0.0,0,0,0.0,0.0,0.0,0,0,0,0,1,0,0,0,0,0.0,0.0,0.0,64,0,0,0,0,0,0,2,0,0,0,274,-1,0,32,0.0,0.0,0,0,0.0,0.0,0,0,1
80,11043977,5,5,1156,1131,1138,0,231.2,506.9232683553,1119,0,226.2,499.0993888996,207.0811991007,0.9054709187,1227108.55555556,3302348.04997698,9998561,5,10115972,2528993.0,4979871.20440097,9998561,390,11020861,2755215.25,4907411.65035442,10089280,2768,0,0,0,0,112,120,0.4527354593,0.4527354593,0,1138,207.9090909091,455.1809430425,207189.690909091,0,0,0,1,0,0,0,0,1,228.7,231.2,226.2,112,0,0,0,0,0,0,5,1156,5,1131,8192,7966,4,20,117411.0,0.0,117411,117411,9998561.0,0.0,9998561,9998561,0
50094,3,2,0,37,0,37,0,18.5,26.1629509039,0,0,0.0,0.0,12333333.3333333,666666.666666667,3.0,0.0,3,3,3,3.0,0.0,3,3,0,0.0,0.0,0,0,1,0,0,0,64,0,666666.666666667,0.0,0,37,24.6666666667,21.36195996,456.3333333333,0,1,0,0,1,0,0,0,0,37.0,18.5,0.0,64,0,0,0,0,0,0,2,37,0,0,61,-1,0,32,0.0,0.0,0,0,0.0,0.0,0,0,0
53,31285,2,2,68,484,34,34,34.0,0.0,242,242,242.0,0.0,17644.23845,127.8568004,10428.33333,18056.341,31278,3,3,3.0,0.0,3,3,4,4.0,0.0,4,4,0,0,0,0,40,40,63.92840019,63.92840019,34,242,117.2,113.926292,12979.2,0,0,0,0,0,0,0,0,1,146.5,34.0,242.0,40,0,0,0,0,0,0,2,68,2,484,-1,-1,1,20,0.0,0.0,0,0,0.0,0.0,0,0,0
51181,48,1,1,0,0,0,0,0.0,0.0,0,0,0.0,0.0,0.0,41666.66667,48.0,0.0,48,48,0,0.0,0.0,0,0,0,0.0,0.0,0,0,0,0,0,0,20,20,20833.33333,20833.33333,0,0,0.0,0.0,0.0,0,0,0,0,1,1,0,0,1,0.0,0.0,0.0,20,0,0,0,0,0,0,1,0,1,0,99,254,0,20,0.0,0.0,0,0,0.0,0.0,0,0,0
53,56567,1,1,43,127,43,43,43.0,0.0,127,127,127.0,0.0,3005.285767,35.35630314,56567.0,0.0,56567,56567,0,0.0,0.0,0,0,0,0.0,0.0,0,0,0,0,0,0,20,20,17.67815157,17.67815157,43,127,71.0,48.49742261,2352.0,0,0,0,0,0,0,0,0,1,106.5,43.0,127.0,20,0,0,0,0,0,0,1,43,1,127,-1,-1,0,20,0.0,0.0,0,0,0.0,0.0,0,0,0
80,76075,6,4,1348,533,1348,0,224.6666666667,550.3186955453,524,0,133.25,260.5345466536,24725.5997371015,131.4492277358,8452.7777777778,14898.4356542707,34723,3,76075,15215.0,19489.8092217446,38321,4,39975,13325.0,20471.6556243016,36897,3,0,0,0,0,204,136,78.8695366415,52.5796910943,0,1348,171.0,420.7267521801,177011.0,0,0,0,1,0,0,0,0,0,188.1,224.6666666667,133.25,204,0,0,0,0,0,0,6,1348,4,533,65535,5728,1,32,0.0,0.0,0,0,0.0,0.0,0,0,0
53,181,2,2,64,96,32,32,32.0,0.0,48,48,48.0,0.0,883977.900552486,22099.4475138122,60.3333333333,63.40609855,129,4,4,4.0,0.0,4,4,48,48.0,0.0,48,48,0,0,0,0,64,64,11049.7237569061,11049.7237569061,32,48,38.4,8.7635609201,76.8,0,0,0,0,0,0,0,0,1,48.0,32.0,48.0,64,0,0,0,0,0,0,2,64,2,96,-1,-1,1,32,0.0,0.0,0,0,0.0,0.0,0,0,0
80,59190,5,0,30,0,6,6,6.0,0.0,0,0,0.0,0.0,506.842372,84.47372867,14797.5,28915.16276,58170,237,59190,14797.5,28915.16276,58170,237,0,0.0,0.0,0,0,0,0,0,0,100,0,84.47372867,0.0,6,6,6.0,0.0,0.0,0,0,0,0,1,0,0,0,0,7.2,6.0,0.0,100,0,0,0,0,0,0,5,30,0,0,256,-1,4,20,0.0,0.0,0,0,0.0,0.0,0,0,1
10003,77,1,1,2,6,2,2,2.0,0.0,6,6,6.0,0.0,103896.1039,25974.02597,77.0,0.0,77,77,0,0.0,0.0,0,0,0,0.0,0.0,0,0,0,0,0,0,24,20,12987.01299,12987.01299,2,6,3.333333333,2.309401077,5.333333333,0,0,0,1,0,0,0,0,1,5.0,2.0,6.0,24,0,0,0,0,0,0,1,2,1,6,1024,0,0,24,0.0,0.0,0,0,0.0,0.0,0,0,1
9707,84,1,1,6,6,6,6,6.0,0.0,6,6,6.0,0.0,142857.1429,23809.52381,84.0,0.0,84,84,0,0.0,0.0,0,0,0,0.0,0.0,0,0,0,0,0,0,20,20,11904.7619,11904.7619,6,6,6.0,0.0,0.0,0,0,0,0,1,1,0,0,1,9.0,6.0,6.0,20,0,0,0,0,0,0,1,6,1,6,368,258,0,20,0.0,0.0,0,0,0.0,0.0,0,0,0
80,99045667,8,6,993,11595,331,0,124.125,171.3087751,5792,0,1932.5,2181.008184,127.0928894,0.14134894,7618897.462,27300000.0,98500000,1,98900000,14100000.0,37200000.0,98500000,1,570401,114080.2,188296.3798,434019,46,0,0,0,0,264,200,0.080770823,0.060578117,0,5792,839.2,1602.590635,2568296.743,0,0,0,0,1,0,0,0,0,899.1428571,124.125,1932.5,264,0,0,0,0,0,0,8,993,6,11595,251,235,3,32,265.0,0.0,265,265,98500000.0,0.0,98500000,98500000,1
80,85312150,4,6,385,11595,379,0,96.25,188.521219,5792,0,1932.5,2179.547086,140.4254845,0.117216598,9479127.778,28400000.0,85200000,52,85200000,28400000.0,49200000.0,85200000,12066,154545,30909.0,55483.00784,128090,52,0,0,0,0,124,200,0.046886639,0.070329959,0,5792,1089.636364,1823.26072,3324279.655,1,0,0,0,0,0,0,0,1,1198.6,96.25,1932.5,124,0,0,0,0,0,0,4,385,6,11595,0,235,1,20,0.0,0.0,0,0,85200000.0,0.0,85200000,85200000,1
443,115638977,21,19,815,4874,365,0,38.80952381,88.8305235,1460,0,256.5263158,508.3026623,49.19621522,0.345904132,2965101.974,4526446.104,10000000,3,116000000,5781948.85,4907129.254,10000000,3,111000000,6157088.222,4986561.18,10000000,49,0,0,0,0,432,524,0.181599669,0.164304463,0,1460,138.7560976,364.0419468,132526.539,0,0,0,1,0,0,0,0,0,142.225,38.80952381,256.5263158,432,0,0,0,0,0,0,21,815,19,4874,8192,123,20,20,82592.81818,200337.6069,686633,21976,9992649.364,24444.55803,10000000,9918955,0
62537,217,1,1,0,0,0,0,0.0,0.0,0,0,0.0,0.0,0.0,9216.589862,217.0,0.0,217,217,0,0.0,0.0,0,0,0,0.0,0.0,0,0,0,0,0,0,32,32,4608.294931,4608.294931,0,0,0.0,0.0,0.0,0,0,0,0,1,1,0,0,1,0.0,0.0,0.0,32,0,0,0,0,0,0,1,0,1,0,349,32832,0,32,0.0,0.0,0,0,0.0,0.0,0,0,0
80,90754531,8,5,56,11601,20,0,7.0,5.656854249,7300,0,2320.2,3022.508098,128.4453776,0.143243537,7562877.583,25500000.0,88600000,23,90700000,13000000.0,33400000.0,88600000,233,31126,7781.5,9196.182342,19081,196,0,0,0,0,172,112,0.088149869,0.055093668,0,7300,833.0714286,2033.250541,4134107.764,0,0,0,0,1,0,0,0,0,897.1538462,7.0,2320.2,172,0,0,0,0,0,0,8,56,5,11601,256,229,6,20,2090903.0,0.0,2090903,2090903,88600000.0,0.0,88600000,88600000,1
443,15,2,0,12,0,6,6,6.0,0.0,0,0,0.0,0.0,800000.0,133333.333333333,15.0,0.0,15,15,15,15.0,0.0,15,15,0,0.0,0.0,0,0,0,0,0,0,40,0,133333.333333333,0.0,6,6,6.0,0.0,0.0,1,0,0,0,0,0,0,0,0,9.0,6.0,0.0,40,0,0,0,0,0,0,2,12,0,0,0,-1,1,20,0.0,0.0,0,0,0.0,0.0,0,0,0
443,151089,10,9,508,4195,204,0,50.8,80.15235492,1430,0,466.1111111,614.4461824,31127.34878,125.7536948,8393.833333,14097.47242,36620,1,151089,16787.66667,16857.05576,38527,3,110992,13874.0,25086.49913,61157,1,0,0,0,0,212,192,66.18615518,59.56753966,0,1430,235.15,456.151207,208073.9237,0,0,0,1,0,0,0,0,0,247.5263158,50.8,466.1111111,212,0,0,0,0,0,0,10,508,9,4195,8192,351,4,20,0.0,0.0,0,0,0.0,0.0,0,0,0
4279,9,1,1,2,6,2,2,2.0,0.0,6,6,6.0,0.0,888888.8889,222222.2222,9.0,0.0,9,9,0,0.0,0.0,0,0,0,0.0,0.0,0,0,0,0,0,0,24,20,111111.1111,111111.1111,2,6,3.333333333,2.309401077,5.333333333,0,0,0,1,0,0,0,0,1,5.0,2.0,6.0,24,0,0,0,0,0,0,1,2,1,6,1024,0,0,24,0.0,0.0,0,0,0.0,0.0,0,0,1
35769,52,1,1,0,0,0,0,0.0,0.0,0,0,0.0,0.0,0.0,38461.53846,52.0,0.0,52,52,0,0.0,0.0,0,0,0,0.0,0.0,0,0,0,0,0,0,32,32,19230.76923,19230.76923,0,0,0.0,0.0,0.0,0,0,0,0,1,1,0,0,1,0.0,0.0,0.0,32,0,0,0,0,0,0,1,0,1,0,121,334,0,32,0.0,0.0,0,0,0.0,0.0,0,0,0
443,20872407,2,3,12,37,6,6,6.0,0.0,31,0,12.3333333333,16.4418166069,2.3475969973,0.239550714,5218101.75,7441995.59324658,15819124,21014,15890786,15890786.0,0.0,15890786,15890786,20821759,10410879.5,7648412.7205297,15819124,5002635,0,0,0,0,40,72,0.0958202856,0.1437304284,0,31,9.1666666667,10.9620557683,120.1666666667,0,0,0,0,1,0,0,0,1,11.0,6.0,12.3333333333,40,0,0,0,0,0,0,2,12,3,37,252,133,1,20,50648.0,0.0,50648,50648,15819124.0,0.0,15819124,15819124,0
53,30616,1,1,47,79,47,47,47.0,0.0,79,79,79.0,0.0,4115.495166,65.32532009,30616.0,0.0,30616,30616,0,0.0,0.0,0,0,0,0.0,0.0,0,0,0,0,0,0,32,32,32.66266005,32.66266005,47,79,57.66666667,18.47520861,341.3333333,0,0,0,0,0,0,0,0,1,86.5,47.0,79.0,32,0,0,0,0,0,0,1,47,1,79,-1,-1,0,32,0.0,0.0,0,0,0.0,0.0,0,0,0
80,1424364,5,0,30,0,6,6,6.0,0.0,0,0,0.0,0.0,21.0620319,3.510338649,356091.0,711350.6835,1423117,231,1424364,356091.0,711350.6835,1423117,231,0,0.0,0.0,0,0,0,0,0,0,100,0,3.510338649,0.0,6,6,6.0,0.0,0.0,0,0,0,0,1,0,0,0,0,7.2,6.0,0.0,100,0,0,0,0,0,0,5,30,0,0,256,-1,4,20,0.0,0.0,0,0,0.0,0.0,0,0,1
3624,124,1,1,6,6,6,6,6.0,0.0,6,6,6.0,0.0,96774.19355,16129.03226,124.0,0.0,124,124,0,0.0,0.0,0,0,0,0.0,0.0,0,0,0,0,0,0,20,20,8064.516129,8064.516129,6,6,6.0,0.0,0.0,0,0,0,0,1,1,0,0,1,9.0,6.0,6.0,20,0,0,0,0,0,0,1,6,1,6,119,255,0,20,0.0,0.0,0,0,0.0,0.0,0,0,0
53,165,2,2,88,188,44,44,44.0,0.0,94,94,94.0,0.0,1672727.27272727,24242.4242424242,55.0,92.6660671443,162,1,1,1.0,0.0,1,1,2,2.0,0.0,2,2,0,0,0,0,40,40,12121.2121212121,12121.2121212121,44,94,64.0,27.3861278753,750.0,0,0,0,0,0,0,0,0,1,80.0,44.0,94.0,40,0,0,0,0,0,0,2,88,2,188,-1,-1,1,20,0.0,0.0,0,0,0.0,0.0,0,0,0
80,98432995,8,7,303,11595,303,0,37.875,107.1266773,4344,0,1656.428571,1757.579003,120.8741032,0.152387926,7030928.214,26300000.0,98400000,0,98400000,14100000.0,37200000.0,98400000,0,48724,8120.666667,14882.21197,37132,18,0,0,0,0,264,232,0.081273561,0.071114366,0,4344,743.625,1390.082773,1932330.117,0,0,0,0,1,0,0,0,0,793.2,37.875,1656.428571,264,0,0,0,0,0,0,8,303,7,11595,274,235,1,32,2012.0,0.0,2012,2012,98400000.0,0.0,98400000,98400000,1
22,1267314,41,42,2728,6634,456,0,66.53658537,110.1299454,976,0,157.952381,319.1214275,7387.277344,65.4928455,15455.04878,105858.0498,954653,0,1267314,31682.85,159198.3847,997328,1,312561,7623.439024,18761.24945,97383,1,0,0,0,0,1328,1360,32.35188754,33.14095796,0,976,111.452381,241.6427915,58391.23867,0,0,0,1,0,0,0,0,1,112.7951807,66.53658537,157.952381,1328,0,0,0,0,0,0,41,2728,42,6634,29200,243,24,32,0.0,0.0,0,0,0.0,0.0,0,0,0
2022,59,1,1,2,6,2,2,2.0,0.0,6,6,6.0,0.0,135593.2203,33898.30508,59.0,0.0,59,59,0,0.0,0.0,0,0,0,0.0,0.0,0,0,0,0,0,0,24,20,16949.15254,16949.15254,2,6,3.333333333,2.309401077,5.333333333,0,0,0,1,0,0,0,0,1,5.0,2.0,6.0,24,0,0,0,0,0,0,1,2,1,6,1024,0,0,24,0.0,0.0,0,0,0.0,0.0,0,0,1
80,101327582,9,5,1332,11595,333,0,148.0,175.5064101,8688,0,2319.0,3774.237539,127.5763197,0.138165737,7794429.385,27800000.0,100000000,4,101000000,12600000.0,35400000.0,100000000,4,979271,244817.75,402078.5296,839868,65,0,0,0,0,296,168,0.088820831,0.049344906,0,8688,861.8,2286.159418,5226524.886,0,0,0,0,1,0,0,0,0,923.3571429,148.0,2319.0,296,0,0,0,0,0,0,9,1332,5,11595,251,235,4,32,979.0,0.0,979,979,100000000.0,0.0,100000000,100000000,1
80,3,2,0,0,0,0,0,0.0,0.0,0,0,0.0,0.0,0.0,666666.6667,3.0,0.0,3,3,3,3.0,0.0,3,3,0,0.0,0.0,0,0,0,0,0,0,64,0,666666.6667,0.0,0,0,0.0,0.0,0.0,0,0,0,0,1,0,0,0,0,0.0,0.0,0.0,64,0,0,0,0,0,0,2,0,0,0,274,-1,0,32,0.0,0.0,0,0,0.0,0.0,0,0,1
80,5117880,3,1,0,0,0,0,0.0,0.0,0,0,0.0,0.0,0.0,0.78157362,1705960.0,2954036.92,5116988,108,5117880,2558940.0,3617626.175,5116988,892,0,0.0,0.0,0,0,0,0,0,0,104,40,0.586180215,0.195393405,0,0,0.0,0.0,0.0,0,0,0,1,0,0,0,0,0,0.0,0.0,0.0,104,0,0,0,0,0,0,3,0,1,0,29200,28960,0,32,0.0,0.0,0,0,0.0,0.0,0,0,1
80,374292,3,6,26,11607,20,0,8.666666667,10.26320288,4380,0,1934.5,2177.344966,31080.0124,24.04539771,46786.5,131969.8656,373395,16,609,304.5,361.3315652,560,49,374240,74848.0,166892.9997,373395,16,0,0,0,0,72,132,8.01513257,16.03026514,0,4380,1163.3,1903.962654,3625073.789,0,0,0,1,0,0,0,0,2,1292.555556,8.666666667,1934.5,72,0,0,0,0,0,0,3,26,6,11607,8192,229,2,20,0.0,0.0,0,0,0.0,0.0,0,0,1
80,84701547,8,4,329,11595,329,0,41.125,116.3190655,11584,0,2898.75,5790.168989,140.7766496,0.141673918,7700140.636,25200000.0,83700000,1,84700000,12100000.0,31600000.0,83700000,1,4940,1646.666667,2298.417136,4296,186,0,0,0,0,272,136,0.094449278,0.047224639,0,11584,917.2307692,3206.248565,10300000.0,0,0,0,0,1,0,0,0,0,993.6666667,41.125,2898.75,272,0,0,0,0,0,0,8,329,4,11595,274,235,1,32,4.0,0.0,4,4,83700000.0,0.0,83700000,83700000,1
80,49962,9,10,347,12289,347,0,38.5555555556,115.6666666667,2153,0,1228.9,683.9740817052,252912.213282094,380.2890196549,2775.6666666667,7469.8917544721,23326,1,49962,6245.25,10915.6102604088,24439,100,26134,2903.7777777778,7990.5485853253,24201,1,0,0,0,0,300,328,180.1369040471,200.1521156079,0,2153,631.8,776.2704764652,602595.852631579,0,0,0,1,0,0,0,0,1,665.0526315789,38.5555555556,1228.9,300,0,0,0,0,0,0,9,347,10,12289,65535,939,1,32,0.0,0.0,0,0,0.0,0.0,0,0,0
80,3,2,0,0,0,0,0,0.0,0.0,0,0,0.0,0.0,0.0,666666.6667,3.0,0.0,3,3,3,3.0,0.0,3,3,0,0.0,0.0,0,0,0,0,0,0,64,0,666666.6667,0.0,0,0,0.0,0.0,0.0,0,0,0,0,1,0,0,0,0,0.0,0.0,0.0,64,0,0,0,0,0,0,2,0,0,0,251,-1,0,32,0.0,0.0,0,0,0.0,0.0,0,0,1
80,1,2,0,0,0,0,0,0.0,0.0,0,0,0.0,0.0,0.0,2000000.0,1.0,0.0,1,1,1,1.0,0.0,1,1,0,0.0,0.0,0,0,0,0,0,0,64,0,2000000.0,0.0,0,0,0.0,0.0,0.0,0,0,0,0,1,0,0,0,0,0.0,0.0,0.0,64,0,0,0,0,0,0,2,0,0,0,251,-1,0,32,0.0,0.0,0,0,0.0,0.0,0,0,1
53,72235,4,2,212,218,53,53,53.0,0.0,109,109,109.0,0.0,5952.792967,83.06222745,14447.0,20357.59775,43405,4,43457,14485.66667,25044.88699,43405,4,190,190.0,0.0,190,190,0,0,0,0,144,72,55.3748183,27.68740915,53,109,69.0,27.32520204,746.6666667,0,0,0,0,0,0,0,0,0,80.5,53.0,109.0,144,0,0,0,0,0,0,4,212,2,218,-1,-1,3,32,0.0,0.0,0,0,0.0,0.0,0,0,0
1600,74,1,1,0,6,0,0,0.0,0.0,6,6,6.0,0.0,81081.08108,27027.02703,74.0,0.0,74,74,0,0.0,0.0,0,0,0,0.0,0.0,0,0,0,0,0,0,40,20,13513.51351,13513.51351,0,6,2.0,3.464101615,12.0,0,0,0,1,0,0,0,0,1,3.0,0.0,6.0,40,0,0,0,0,0,0,1,0,1,6,29200,0,0,40,0.0,0.0,0,0,0.0,0.0,0,0,1
80,84222490,7,7,366,11595,366,0,52.28571429,138.3349971,4344,0,1656.428571,1757.579003,142.0166989,0.166226384,6478653.077,23000000.0,83100000,1,84100000,14000000.0,33900000.0,83100000,1,94823,15803.83333,32535.5505,81378,17,0,0,0,0,240,232,0.083113192,0.083113192,0,4344,797.4,1422.699838,2024074.829,0,0,0,0,1,0,0,0,1,854.3571429,52.28571429,1656.428571,240,0,0,0,0,0,0,7,366,7,11595,274,235,1,32,4.0,0.0,4,4,83100000.0,0.0,83100000,83100000,1
9099,31,1,1,0,6,0,0,0.0,0.0,6,6,6.0,0.0,193548.3871,64516.12903,31.0,0.0,31,31,0,0.0,0.0,0,0,0,0.0,0.0,0,0,0,0,0,0,40,20,32258.06452,32258.06452,0,6,2.0,3.464101615,12.0,0,0,0,1,0,0,0,0,1,3.0,0.0,6.0,40,0,0,0,0,0,0,1,0,1,6,29200,0,0,40,0.0,0.0,0,0,0.0,0.0,0,0,1
443,3870664,5,1,123,46,46,0,24.6,23.2765976895,46,46,46.0,0.0,43.661759326,1.5501216329,774132.8,1709846.10327997,3832702,17,3870664,967666.0,1910078.23529317,3832702,17,0,0.0,0.0,0,0,1,0,0,0,160,32,1.2917680274,0.2583536055,0,46,30.7142857143,21.6849739506,470.2380952381,0,1,0,0,1,0,0,0,0,35.8333333333,24.6,46.0,160,0,0,0,0,0,0,5,123,1,46,309,16384,2,32,0.0,0.0,0,0,0.0,0.0,0,0,0
53,61921,2,2,80,336,40,40,40.0,0.0,168,168,168.0,0.0,6718.237755,64.59843995,20640.33333,35744.04384,61914,3,3,3.0,0.0,3,3,4,4.0,0.0,4,4,0,0,0,0,64,64,32.29921997,32.29921997,40,168,91.2,70.10848736,4915.2,0,0,0,0,0,0,0,0,1,114.0,40.0,168.0,64,0,0,0,0,0,0,2,80,2,336,-1,-1,1,32,0.0,0.0,0,0,0.0,0.0,0,0,0
44443,47,1,1,2,6,2,2,2.0,0.0,6,6,6.0,0.0,170212.766,42553.19149,47.0,0.0,47,47,0,0.0,0.0,0,0,0,0.0,0.0,0,0,0,0,0,0,24,20,21276.59574,21276.59574,2,6,3.333333333,2.309401077,5.333333333,0,0,0,1,0,0,0,0,1,5.0,2.0,6.0,24,0,0,0,0,0,0,1,2,1,6,1024,0,0,24,0.0,0.0,0,0,0.0,0.0,0,0,1
18306,4184487,1,5,6,30,6,6,6.0,0.0,6,6,6.0,0.0,8.603205124,1.433867521,836897.4,1856341.411,4157600,1,0,0.0,0.0,0,0,4167939,1041984.75,2077081.07,4157600,1,0,0,0,0,20,100,0.23897792,1.194889601,6,6,6.0,0.0,0.0,0,0,0,0,1,1,0,0,5,7.0,6.0,6.0,20,0,0,0,0,0,0,1,6,5,30,229,0,0,20,0.0,0.0,0,0,0.0,0.0,0,0,0
53,31180,1,1,49,93,49,49,49.0,0.0,93,93,93.0,0.0,4554.201411,64.14368185,31180.0,0.0,31180,31180,0,0.0,0.0,0,0,0,0.0,0.0,0,0,0,0,0,0,32,32,32.07184092,32.07184092,49,93,63.66666667,25.40341184,645.3333333,0,0,0,0,0,0,0,0,1,95.5,49.0,93.0,32,0,0,0,0,0,0,1,49,1,93,-1,-1,0,32,0.0,0.0,0,0,0.0,0.0,0,0,0
6123,53,1,1,2,6,2,2,2.0,0.0,6,6,6.0,0.0,150943.3962,37735.84906,53.0,0.0,53,53,0,0.0,0.0,0,0,0,0.0,0.0,0,0,0,0,0,0,24,20,18867.92453,18867.92453,2,6,3.333333333,2.309401077,5.333333333,0,0,0,1,0,0,0,0,1,5.0,2.0,6.0,24,0,0,0,0,0,0,1,2,1,6,1024,0,0,24,0.0,0.0,0,0,0.0,0.0,0,0,1
53,191,2,2,86,216,43,43,43.0,0.0,108,108,108.0,0.0,1581151.832,20942.40838,63.66666667,69.83074776,140,3,3,3.0,0.0,3,3,48,48.0,0.0,48,48,0,0,0,0,40,40,10471.20419,10471.20419,43,108,69.0,35.60196624,1267.5,0,0,0,0,0,0,0,0,1,86.25,43.0,108.0,40,0,0,0,0,0,0,2,86,2,216,-1,-1,1,20,0.0,0.0,0,0,0.0,0.0,0,0,0
80,5792,6,0,0,0,0,0,0.0,0.0,0,0,0.0,0.0,0.0,1035.911602,1158.4,2068.973973,4849,47,5792,1158.4,2068.973973,4849,47,0,0.0,0.0,0,0,0,0,0,0,192,0,1035.911602,0.0,0,0,0.0,0.0,0.0,0,0,0,0,1,0,0,0,0,0.0,0.0,0.0,192,0,0,0,0,0,0,6,0,0,0,251,-1,0,32,0.0,0.0,0,0,0.0,0.0,0,0,1
53,204,2,2,70,326,35,35,35.0,0.0,163,163,163.0,0.0,1941176.471,19607.84314,68.0,75.31932023,151,4,4,4.0,0.0,4,4,49,49.0,0.0,49,49,0,0,0,0,40,40,9803.921569,9803.921569,35,163,86.2,70.10848736,4915.2,0,0,0,0,0,0,0,0,1,107.75,35.0,163.0,40,0,0,0,0,0,0,2,70,2,326,-1,-1,1,20,0.0,0.0,0,0,0.0,0.0,0,0,0
443,65187,3,1,43,6,31,6,14.33333333,14.43375673,6,6,6.0,0.0,751.6836179,61.36192799,21729.0,18950.06995,34855,4,30332,15166.0,21442.30603,30328,4,0,0.0,0.0,0,0,0,0,0,0,60,20,46.02144599,15.340482,6,31,11.0,11.18033989,125.0,0,0,0,0,1,0,0,0,0,13.75,14.33333333,6.0,60,0,0,0,0,0,0,3,43,1,6,254,0,2,20,0.0,0.0,0,0,0.0,0.0,0,0,0
80,965630,3,5,26,11607,20,0,8.666666667,10.26320288,10135,0,2321.4,4413.201989,12047.05736,8.284746746,137947.1429,364370.2269,964261,5,1065,532.5,413.657467,825,240,965492,241373.0,481925.5412,964261,5,0,0,0,0,72,112,3.10678003,5.177966716,0,10135,1292.555556,3350.634907,11200000.0,0,0,0,1,0,0,0,0,1,1454.125,8.666666667,2321.4,72,0,0,0,0,0,0,3,26,5,11607,8192,229,2,20,0.0,0.0,0,0,0.0,0.0,0,0,1
53,168,2,2,62,94,31,31,31.0,0.0,47,47,47.0,0.0,928571.4286,23809.52381,56.0,91.7986928,162,3,3,3.0,0.0,3,3,3,3.0,0.0,3,3,0,0,0,0,80,40,11904.7619,11904.7619,31,47,37.4,8.76356092,76.8,0,0,0,0,0,0,0,0,1,46.75,31.0,47.0,80,0,0,0,0,0,0,2,62,2,94,-1,-1,1,40,0.0,0.0,0,0,0.0,0.0,0,0,0
80,3007404,5,6,357,11595,357,0,71.4,159.6552536,4344,0,1932.5,1977.812908,3974.191695,3.657639612,300740.4,675707.6028,2003925,4,3006741,751685.25,958045.1944,2003925,79,4503,900.6,1702.297066,3938,9,0,0,0,0,184,200,1.66256346,1.995076152,0,4344,996.0,1656.648149,2744483.091,0,0,0,1,0,0,0,0,1,1086.545455,71.4,1932.5,184,0,0,0,0,0,0,5,357,6,11595,29200,235,1,32,0.0,0.0,0,0,0.0,0.0,0,0,1
9344,22,1,1,6,6,6,6,6.0,0.0,6,6,6.0,0.0,545454.5455,90909.09091,22.0,0.0,22,22,0,0.0,0.0,0,0,0,0.0,0.0,0,0,0,0,0,0,20,20,45454.54545,45454.54545,6,6,6.0,0.0,0.0,0,0,0,0,1,1,0,0,1,9.0,6.0,6.0,20,0,0,0,0,0,0,1,6,1,6,29945,64240,0,20,0.0,0.0,0,0,0.0,0.0,0,0,0
8011,44,1,1,0,6,0,0,0.0,0.0,6,6,6.0,0.0,136363.6364,45454.54545,44.0,0.0,44,44,0,0.0,0.0,0,0,0,0.0,0.0,0,0,0,0,0,0,40,20,22727.27273,22727.27273,0,6,2.0,3.464101615,12.0,0,0,0,1,0,0,0,0,1,3.0,0.0,6.0,40,0,0,0,0,0,0,1,0,1,6,29200,0,0,40,0.0,0.0,0,0,0.0,0.0,0,0,1
57332,52,1,1,0,0,0,0,0.0,0.0,0,0,0.0,0.0,0.0,38461.53846,52.0,0.0,52,52,0,0.0,0.0,0,0,0,0.0,0.0,0,0,0,0,0,0,32,32,19230.76923,19230.76923,0,0,0.0,0.0,0.0,0,0,0,0,1,1,0,0,1,0.0,0.0,0.0,32,0,0,0,0,0,0,1,0,1,0,123,299,0,32,0.0,0.0,0,0,0.0,0.0,0,0,0
80,1892624,3,5,26,11607,20,0,8.666666667,10.26320288,5840,0,2321.4,3173.373883,6146.492911,4.226935725,270374.8571,714811.1102,1891414,7,884,442.0,425.6782823,743,141,1892580,473145.0,945512.7581,1891414,7,0,0,0,0,72,112,1.585100897,2.641834828,0,5840,1292.555556,2554.159212,6523729.278,0,0,0,1,0,0,0,0,1,1454.125,8.666666667,2321.4,72,0,0,0,0,0,0,3,26,5,11607,8192,229,2,20,0.0,0.0,0,0,0.0,0.0,0,0,1
80,3,2,0,0,0,0,0,0.0,0.0,0,0,0.0,0.0,0.0,666666.6667,3.0,0.0,3,3,3,3.0,0.0,3,3,0,0.0,0.0,0,0,0,0,0,0,64,0,666666.6667,0.0,0,0,0.0,0.0,0.0,0,0,0,0,1,0,0,0,0,0.0,0.0,0.0,64,0,0,0,0,0,0,2,0,0,0,274,-1,0,32,0.0,0.0,0,0,0.0,0.0,0,0,1
80,98709709,6,6,344,11595,344,0,57.33333333,140.4374119,4344,0,1932.5,1754.831473,120.9506149,0.121568589,8973609.909,29700000.0,98700000,3,98700000,19700000.0,44100000.0,98700000,3,52474,10494.8,17388.94647,40209,49,0,0,0,0,200,200,0.060784294,0.060784294,0,4344,918.3846154,1498.839748,2246520.59,0,0,0,0,1,0,0,0,1,994.9166667,57.33333333,1932.5,200,0,0,0,0,0,0,6,344,6,11595,274,235,1,32,965.0,0.0,965,965,98700000.0,0.0,98700000,98700000,1
58726,138,1,2,0,0,0,0,0.0,0.0,0,0,0.0,0.0,0.0,21739.13043,69.0,96.16652224,137,1,0,0.0,0.0,0,0,1,1.0,0.0,1,1,0,0,0,0,20,40,7246.376812,14492.75362,0,0,0.0,0.0,0.0,0,0,0,0,1,1,0,0,2,0.0,0.0,0.0,20,0,0,0,0,0,0,1,0,2,0,245,250,0,20,0.0,0.0,0,0,0.0,0.0,0,0,0
80,2107650,5,0,30,0,6,6,6.0,0.0,0,0,0.0,0.0,14.23386236,2.372310393,526912.5,1053241.005,2106774,206,2107650,526912.5,1053241.005,2106774,206,0,0.0,0.0,0,0,0,0,0,0,100,0,2.372310393,0.0,6,6,6.0,0.0,0.0,0,0,0,0,1,0,0,0,0,7.2,6.0,0.0,100,0,0,0,0,0,0,5,30,0,0,256,-1,4,20,0.0,0.0,0,0,0.0,0.0,0,0,1
80,22556374,5,0,30,0,6,6,6.0,0.0,0,0,0.0,0.0,1.330001001,0.221666834,5639093.5,11300000.0,22600000,1,22600000,5639093.5,11300000.0,22600000,1,0,0.0,0.0,0,0,0,0,0,0,100,0,0.221666834,0.0,6,6,6.0,0.0,0.0,0,0,0,0,1,0,0,0,0,7.2,6.0,0.0,100,0,0,0,0,0,0,5,30,0,0,256,-1,4,20,4.0,0.0,4,4,22600000.0,0.0,22600000,22600000,1
54194,106,1,1,0,0,0,0,0.0,0.0,0,0,0.0,0.0,0.0,18867.92453,106.0,0.0,106,106,0,0.0,0.0,0,0,0,0.0,0.0,0,0,0,0,0,0,32,32,9433.962264,9433.962264,0,0,0.0,0.0,0.0,0,0,0,0,1,0,0,0,1,0.0,0.0,0.0,32,0,0,0,0,0,0,1,0,1,0,122,33304,0,32,0.0,0.0,0,0,0.0,0.0,0,0,0
36911,21,1,1,0,0,0,0,0.0,0.0,0,0,0.0,0.0,0.0,95238.09524,21.0,0.0,21,21,0,0.0,0.0,0,0,0,0.0,0.0,0,0,0,0,0,0,32,32,47619.04762,47619.04762,0,0,0.0,0.0,0.0,0,0,0,0,1,1,0,0,1,0.0,0.0,0.0,32,0,0,0,0,0,0,1,0,1,0,118,237,0,32,0.0,0.0,0,0,0.0,0.0,0,0,0
53,235,2,2,60,264,30,30,30.0,0.0,132,132,132.0,0.0,1378723.40425532,17021.2765957447,78.3333333333,52.5388744963,139,48,48,48.0,0.0,48,48,48,48.0,0.0,48,48,0,0,0,0,40,40,8510.6382978724,8510.6382978724,30,132,70.8,55.8677008655,3121.2,0,0,0,0,0,0,0,0,1,88.5,30.0,132.0,40,0,0,0,0,0,0,2,60,2,264,-1,-1,1,20,0.0,0.0,0,0,0.0,0.0,0,0,0
53,90513,2,2,72,190,36,36,36.0,0.0,95,95,95.0,0.0,2894.611824,44.19254693,30171.0,52174.56648,90417,48,48,48.0,0.0,48,48,48,48.0,0.0,48,48,0,0,0,0,64,64,22.09627346,22.09627346,36,95,59.6,32.31563089,1044.3,0,0,0,0,0,0,0,0,1,74.5,36.0,95.0,64,0,0,0,0,0,0,2,72,2,190,-1,-1,1,32,0.0,0.0,0,0,0.0,0.0,0,0,0
80,86554956,6,7,422,11595,410,0,70.33333333,166.4279624,5792,0,1656.428571,2429.118623,138.8366485,0.150193595,7212913.0,24700000.0,85600000,3,86600000,17300000.0,38100000.0,85600000,235,86600000,14400000.0,35300000.0,86600000,3,0,0,0,0,184,232,0.069320121,0.080873474,0,5792,858.7857143,1849.179035,3419463.104,1,0,0,0,0,0,0,0,1,924.8461538,70.33333333,1656.428571,184,0,0,0,0,0,0,6,422,7,11595,0,235,2,20,4585.0,0.0,4585,4585,85600000.0,0.0,85600000,85600000,1
443,608964,10,10,764,5126,453,0,76.4,142.116697,1448,0,512.6,662.9195024,9672.164529,32.84266393,32050.73684,59058.45986,209383,1,511534,56837.11111,74049.20907,209393,1,512479,56942.11111,103645.6291,306746,1,0,0,0,0,332,328,16.42133197,16.42133197,0,1448,280.4761905,508.4725773,258544.3619,0,0,0,1,0,0,0,0,1,294.5,76.4,512.6,332,0,0,0,0,0,0,10,764,10,5126,65535,130,5,32,0.0,0.0,0,0,0.0,0.0,0,0,0
53,47600,1,1,52,112,52,52,52.0,0.0,112,112,112.0,0.0,3445.378151,42.01680672,47600.0,0.0,47600,47600,0,0.0,0.0,0,0,0,0.0,0.0,0,0,0,0,0,0,32,20,21.00840336,21.00840336,52,112,72.0,34.64101615,1200.0,0,0,0,0,0,0,0,0,1,108.0,52.0,112.0,32,0,0,0,0,0,0,1,52,1,112,-1,-1,0,32,0.0,0.0,0,0,0.0,0.0,0,0,0
60795,5283335,1,5,6,30,6,6,6.0,0.0,6,6,6.0,0.0,6.813877977,1.135646329,1056667.0,2353313.742,5266395,1,0,0.0,0.0,0,0,5276905,1319226.25,2631450.492,5266395,1,0,0,0,0,20,100,0.189274388,0.946371941,6,6,6.0,0.0,0.0,0,0,0,0,1,1,0,0,5,7.0,6.0,6.0,20,0,0,0,0,0,0,1,6,5,30,229,0,0,20,16940.0,0.0,16940,16940,5266395.0,0.0,5266395,5266395,0
53,250,2,2,70,264,35,35,35.0,0.0,132,132,132.0,0.0,1336000.0,16000.0,83.33333333,104.5769254,201,1,1,1.0,0.0,1,1,48,48.0,0.0,48,48,0,0,0,0,64,64,8000.0,8000.0,35,132,73.8,53.12908808,2822.7,0,0,0,0,0,0,0,0,1,92.25,35.0,132.0,64,0,0,0,0,0,0,2,70,2,264,-1,-1,1,32,0.0,0.0,0,0,0.0,0.0,0,0,0
443,160736,10,9,523,6296,186,0,52.3,79.21847428,1551,0,699.5555556,747.3928203,42423.60143,118.2062512,8929.777778,10802.27213,25348,3,160736,17859.55556,14788.05608,45463,3,116484,14560.5,19478.68309,45726,3,0,0,0,0,212,192,62.21381644,55.9924348,0,1551,340.95,590.8096563,349056.05,0,0,0,1,0,0,0,0,0,358.8947368,52.3,699.5555556,212,0,0,0,0,0,0,10,523,9,6296,8192,62,4,20,0.0,0.0,0,0,0.0,0.0,0,0,0
443,10189,1,1,6,6,6,6,6.0,0.0,6,6,6.0,0.0,1177.740701,196.2901168,10189.0,0.0,10189,10189,0,0.0,0.0,0,0,0,0.0,0.0,0,0,0,0,0,0,20,20,98.1450584,98.1450584,6,6,6.0,0.0,0.0,1,0,0,0,1,0,0,0,1,9.0,6.0,6.0,20,0,0,0,0,0,0,1,6,1,6,0,60,0,20,0.0,0.0,0,0,0.0,0.0,0,0,0
51382,39,1,1,0,0,0,0,0.0,0.0,0,0,0.0,0.0,0.0,51282.0512820513,39.0,0.0,39,39,0,0.0,0.0,0,0,0,0.0,0.0,0,0,0,0,0,0,32,32,25641.0256410256,25641.0256410256,0,0,0.0,0.0,0.0,0,0,0,0,1,0,0,0,1,0.0,0.0,0.0,32,0,0,0,0,0,0,1,0,1,0,357,32832,0,32,0.0,0.0,0,0,0.0,0.0,0,0,0
25976,139806,1,5,6,30,6,6,6.0,0.0,6,6,6.0,0.0,257.4996781,42.91661302,27961.2,48375.23243,112848,0,0,0.0,0.0,0,0,117059,29264.75,55757.41385,112848,0,0,0,0,0,20,100,7.152768837,35.76384418,6,6,6.0,0.0,0.0,0,0,0,0,1,1,0,0,5,7.0,6.0,6.0,20,0,0,0,0,0,0,1,6,5,30,229,0,0,20,0.0,0.0,0,0,0.0,0.0,0,0,0
443,53859583,3,2,18,0,6,6,6.0,0.0,0,0,0.0,0.0,0.3342023647,0.0928339902,13464895.75,21356607.2702278,45005667,308032,53859583,26929791.5,25998771.3159125,45313699,8545884,45315865,45315865.0,0.0,45315865,45315865,0,0,0,0,60,64,0.0557003941,0.0371335961,0,6,4.0,3.098386677,9.6,0,0,0,0,1,0,0,0,0,4.8,6.0,0.0,60,0,0,0,0,0,0,3,18,2,0,64743,65535,2,20,308032.0,0.0,308032,308032,45005667.0,0.0,45005667,45005667,0
3006,13,1,1,2,6,2,2,2.0,0.0,6,6,6.0,0.0,615384.6154,153846.1538,13.0,0.0,13,13,0,0.0,0.0,0,0,0,0.0,0.0,0,0,0,0,0,0,24,20,76923.07692,76923.07692,2,6,3.333333333,2.309401077,5.333333333,0,0,0,1,0,0,0,0,1,5.0,2.0,6.0,24,0,0,0,0,0,0,1,2,1,6,1024,0,0,24,0.0,0.0,0,0,0.0,0.0,0,0,1
80,83698102,6,6,367,11595,349,0,61.16666667,141.0395925,4344,0,1932.5,1754.831473,142.9184141,0.143372427,7608918.364,25200000.0,83500000,2,83600000,16700000.0,37400000.0,83500000,2,145428,29085.6,58392.03685,133129,16,0,0,0,0,164,200,0.071686213,0.071686213,0,4344,920.6153846,1497.456874,2242377.09,1,0,0,0,0,0,0,0,1,997.3333333,61.16666667,1932.5,164,0,0,0,0,0,0,6,367,6,11595,0,235,3,20,11022.0,0.0,11022,11022,83500000.0,0.0,83500000,83500000,1
53,51026,2,2,82,254,41,41,41.0,0.0,127,127,127.0,0.0,6584.878297,78.3914083,17008.66667,29455.54471,51021,2,3,3.0,0.0,3,3,2,2.0,0.0,2,2,0,0,0,0,64,80,39.19570415,39.19570415,41,127,75.4,47.10413995,2218.8,0,0,0,0,0,0,0,0,1,94.25,41.0,127.0,64,0,0,0,0,0,0,2,82,2,254,-1,-1,1,32,0.0,0.0,0,0,0.0,0.0,0,0,0
49196,29,1,1,0,0,0,0,0.0,0.0,0,0,0.0,0.0,0.0,68965.51724,29.0,0.0,29,29,0,0.0,0.0,0,0,0,0.0,0.0,0,0,0,0,0,0,32,32,34482.75862,34482.75862,0,0,0.0,0.0,0.0,0,0,0,0,1,1,0,0,1,0.0,0.0,0.0,32,0,0,0,0,0,0,1,0,1,0,349,314,0,32,0.0,0.0,0,0,0.0,0.0,0,0,0
53,24395,2,2,72,328,36,36,36.0,0.0,164,164,164.0,0.0,16396.8026234884,163.9680262349,8131.6666666667,14002.187483866,24300,46,46,46.0,0.0,46,46,49,49.0,0.0,49,49,0,0,0,0,40,64,81.9840131174,81.9840131174,36,164,87.2,70.1084873607,4915.2,0,0,0,0,0,0,0,0,1,109.0,36.0,164.0,40,0,0,0,0,0,0,2,72,2,328,-1,-1,1,20,0.0,0.0,0,0,0.0,0.0,0,0,0
53,163,2,2,100,132,50,50,50.0,0.0,66,66,66.0,0.0,1423312.88343558,24539.8773006135,54.3333333333,88.917564819,157,2,4,4.0,0.0,4,4,2,2.0,0.0,2,2,0,0,0,0,40,40,12269.9386503067,12269.9386503067,50,66,56.4,8.7635609201,76.8,0,0,0,0,0,0,0,0,1,70.5,50.0,66.0,40,0,0,0,0,0,0,2,100,2,132,-1,-1,1,20,0.0,0.0,0,0,0.0,0.0,0,0,0
80,819631,3,4,26,11601,20,0,8.666666667,10.26320288,8760,0,2900.25,4128.319301,14185.65184,8.540428559,136605.1667,328486.2063,807054,102,12300,6150.0,8514.979859,12171,129,819524,273174.6667,462392.7773,807054,175,0,0,0,0,72,92,3.660183668,4.880244891,0,8760,1453.375,3113.952607,9696700.839,0,0,0,1,0,0,0,0,1,1661.0,8.666666667,2900.25,72,0,0,0,0,0,0,3,26,4,11601,8192,229,2,20,0.0,0.0,0,0,0.0,0.0,0,0,1
24800,19,1,1,2,6,2,2,2.0,0.0,6,6,6.0,0.0,421052.6316,105263.1579,19.0,0.0,19,19,0,0.0,0.0,0,0,0,0.0,0.0,0,0,0,0,0,0,24,20,52631.57895,52631.57895,2,6,3.333333333,2.309401077,5.333333333,0,0,0,1,0,0,0,0,1,5.0,2.0,6.0,24,0,0,0,0,0,0,1,2,1,6,1024,0,0,24,0.0,0.0,0,0,0.0,0.0,0,0,1
80,4773,5,0,0,0,0,0,0.0,0.0,0,0,0.0,0.0,0.0,1047.559187,1193.25,1154.244161,2776,4,4773,1193.25,1154.244161,2776,4,0,0.0,0.0,0,0,0,0,0,0,160,0,1047.559187,0.0,0,0,0.0,0.0,0.0,0,0,0,0,1,0,0,0,0,0.0,0.0,0.0,160,0,0,0,0,0,0,5,0,0,0,274,-1,0,32,0.0,0.0,0,0,0.0,0.0,0,0,1
53,31269,2,2,60,264,30,30,30.0,0.0,132,132,132.0,0.0,10361.70009,127.9222233,10423.0,18008.14693,31217,3,49,49.0,0.0,49,49,3,3.0,0.0,3,3,0,0,0,0,64,40,63.96111164,63.96111164,30,132,70.8,55.86770087,3121.2,0,0,0,0,0,0,0,0,1,88.5,30.0,132.0,64,0,0,0,0,0,0,2,60,2,264,-1,-1,1,32,0.0,0.0,0,0,0.0,0.0,0,0,0
59232,48,2,0,0,0,0,0,0.0,0.0,0,0,0.0,0.0,0.0,41666.6666666667,48.0,0.0,48,48,48,48.0,0.0,48,48,0,0.0,0.0,0,0,0,0,0,0,64,0,41666.6666666667,0.0,0,0,0.0,0.0,0.0,0,0,0,0,1,0,0,0,0,0.0,0.0,0.0,64,0,0,0,0,0,0,2,0,0,0,5326,-1,0,32,0.0,0.0,0,0,0.0,0.0,0,0,0
80,73632085,8,6,56,11607,20,0,7.0,5.656854249,5840,0,1934.5,2538.919278,158.3956233,0.190134505,5664006.538,17000000.0,61400000,1,72000000,10300000.0,22900000.0,61400000,1,1673657,334731.4,747701.2804,1672260,47,0,0,0,0,172,132,0.108648288,0.081486216,0,5840,777.9333333,1804.898987,3257660.352,0,0,0,0,1,0,0,0,0,833.5,7.0,1934.5,172,0,0,0,0,0,0,8,56,6,11607,256,229,6,20,1016.0,0.0,1016,1016,36000000.0,35900000.0,61400000,10600000,1
80,98366732,6,7,332,11595,314,0,55.33333333,126.7543556,5792,0,1656.428571,2120.732252,121.2503431,0.132158503,8197227.667,28400000.0,98300000,17,98300000,19700000.0,44000000.0,98300000,61,98400000,16400000.0,40100000.0,98300000,46,0,0,0,0,164,232,0.060996232,0.071162271,0,5792,852.3571429,1666.846013,2778375.632,1,0,0,0,0,0,0,0,1,917.9230769,55.33333333,1656.428571,164,0,0,0,0,0,0,6,332,7,11595,0,235,3,20,18980.0,0.0,18980,18980,98300000.0,0.0,98300000,98300000,1
80,5233352,2,2,0,0,0,0,0.0,0.0,0,0,0.0,0.0,0.0,0.764328484,1744450.667,2921539.113,5117289,49,116063,116063.0,0.0,116063,116063,5117338,5117338.0,0.0,5117338,5117338,0,0,0,0,52,52,0.382164242,0.382164242,0,0,0.0,0.0,0.0,0,0,0,1,0,0,0,0,1,0.0,0.0,0.0,52,0,0,0,0,0,0,2,0,2,0,8192,229,0,20,0.0,0.0,0,0,0.0,0.0,0,0,0
123,63027441,2,2,96,96,48,48,48.0,0.0,48,48,48.0,0.0,3.0462921698,0.0634644202,21009147.0,36338945.5618153,62969747,28323,62998070,62998070.0,0.0,62998070,62998070,62999118,62999118.0,0.0,62999118,62999118,0,0,0,0,52,52,0.0317322101,0.0317322101,48,48,48.0,0.0,0.0,0,0,0,0,0,0,0,0,1,60.0,48.0,48.0,52,0,0,0,0,0,0,2,96,2,96,-1,-1,1,20,28323.0,0.0,28323,28323,62969747.0,0.0,62969747,62969747,0
53,49756,1,1,52,80,52,52,52.0,0.0,80,80,80.0,0.0,2652.9463783262,40.1961572474,49756.0,0.0,49756,49756,0,0.0,0.0,0,0,0,0.0,0.0,0,0,0,0,0,0,32,40,20.0980786237,20.0980786237,52,80,61.3333333333,16.1658075373,261.3333333333,0,0,0,0,0,0,0,0,1,92.0,52.0,80.0,32,0,0,0,0,0,0,1,52,1,80,-1,-1,0,32,0.0,0.0,0,0,0.0,0.0,0,0,0
53,48158,1,1,48,93,48,48,48.0,0.0,93,93,93.0,0.0,2927.862453,41.52996387,48158.0,0.0,48158,48158,0,0.0,0.0,0,0,0,0.0,0.0,0,0,0,0,0,0,32,20,20.76498193,20.76498193,48,93,63.0,25.98076211,675.0,0,0,0,0,0,0,0,0,1,94.5,48.0,93.0,32,0,0,0,0,0,0,1,48,1,93,-1,-1,0,32,0.0,0.0,0,0,0.0,0.0,0,0,0
80,149530,3,6,292,11595,292,0,97.33333333,168.5862786,4344,0,1932.5,1754.831473,79495.75336,60.18859092,18691.25,48057.27871,137178,5,12011,6005.5,8485.988481,12006,5,149506,29901.2,60192.03853,137178,49,0,0,0,0,104,200,20.06286364,40.12572728,0,4344,1188.7,1624.797153,2639965.789,0,0,0,1,0,0,0,0,2,1320.777778,97.33333333,1932.5,104,0,0,0,0,0,0,3,292,6,11595,29200,235,1,32,0.0,0.0,0,0,0.0,0.0,0,0,1
80,115648306,16,14,419,1766,419,0,26.1875,104.75,1766,0,126.1428571429,471.9833532173,18.8934890235,0.2594071719,3987872.62068965,4962832.75585584,10203210,9,115648306,7709887.06666667,4366829.59532352,10240008,1036,112473761,8651827.76923077,3831482.15341833,10240242,894,0,0,0,0,520,456,0.1383504917,0.1210566802,0,1766,70.4838709677,323.5382379223,104676.991397849,0,0,0,1,0,0,0,0,0,72.8333333333,26.1875,126.1428571429,520,0,0,0,0,0,0,16,419,14,1766,29200,939,1,32,40581.8181818182,11892.0199866817,76436,36782,10184312.8181818,61997.0432114601,10203210,9997385,0
80,989,2,0,0,0,0,0,0.0,0.0,0,0,0.0,0.0,0.0,2022.244692,989.0,0.0,989,989,989,989.0,0.0,989,989,0,0.0,0.0,0,0,0,0,0,0,64,0,2022.244692,0.0,0,0,0.0,0.0,0.0,0,0,0,0,1,0,0,0,0,0.0,0.0,0.0,64,0,0,0,0,0,0,2,0,0,0,251,-1,0,32,0.0,0.0,0,0,0.0,0.0,0,0,1
443,116196780,22,20,956,3025,373,0,43.45454545,109.6973009,1336,0,151.25,407.5988579,34.26084613,0.361455799,2834067.805,4542741.361,10200000,3,116000000,5533180.0,5088371.391,10200000,3,113000000,5928397.105,5173478.358,10200000,48,0,0,0,0,712,648,0.18933399,0.172121809,0,1336,92.58139535,290.3122484,84281.20155,0,0,0,1,0,0,0,0,0,94.78571429,43.45454545,151.25,712,0,0,0,0,0,0,22,956,20,3025,29200,14472,4,32,49715.09091,70819.32878,263243,28199,10200000.0,71045.43353,10200000,9976008,0
53,60618,1,1,45,91,45,45,45.0,0.0,91,91,91.0,0.0,2243.558019,32.99350028,60618.0,0.0,60618,60618,0,0.0,0.0,0,0,0,0.0,0.0,0,0,0,0,0,0,32,20,16.49675014,16.49675014,45,91,60.33333333,26.55811238,705.3333333,0,0,0,0,0,0,0,0,1,90.5,45.0,91.0,32,0,0,0,0,0,0,1,45,1,91,-1,-1,0,32,0.0,0.0,0,0,0.0,0.0,0,0,0
32772,49,2,0,4,0,2,2,2.0,0.0,0,0,0.0,0.0,81632.65306,40816.32653,49.0,0.0,49,49,49,49.0,0.0,49,49,0,0.0,0.0,0,0,0,0,0,0,48,0,40816.32653,0.0,2,2,2.0,0.0,0.0,0,0,0,1,0,0,0,0,0,3.0,2.0,0.0,48,0,0,0,0,0,0,2,4,0,0,1024,-1,1,24,0.0,0.0,0,0,0.0,0.0,0,0,0
80,3977,5,0,0,0,0,0,0.0,0.0,0,0,0.0,0.0,0.0,1257.229067,994.25,883.0331723,2254,195,3977,994.25,883.0331723,2254,195,0,0.0,0.0,0,0,0,0,0,0,160,0,1257.229067,0.0,0,0,0.0,0.0,0.0,0,0,0,0,1,0,0,0,0,0.0,0.0,0.0,160,0,0,0,0,0,0,5,0,0,0,274,-1,0,32,0.0,0.0,0,0,0.0,0.0,0,0,1
53,173,2,2,92,124,46,46,46.0,0.0,62,62,62.0,0.0,1248554.913,23121.38728,57.66666667,93.82075108,166,3,3,3.0,0.0,3,3,4,4.0,0.0,4,4,0,0,0,0,64,64,11560.69364,11560.69364,46,62,52.4,8.76356092,76.8,0,0,0,0,0,0,0,0,1,65.5,46.0,62.0,64,0,0,0,0,0,0,2,92,2,124,-1,-1,1,32,0.0,0.0,0,0,0.0,0.0,0,0,0
80,3,2,0,0,0,0,0,0.0,0.0,0,0,0.0,0.0,0.0,666666.6667,3.0,0.0,3,3,3,3.0,0.0,3,3,0,0.0,0.0,0,0,0,0,0,0,64,0,666666.6667,0.0,0,0,0.0,0.0,0.0,0,0,0,0,1,0,0,0,0,0.0,0.0,0.0,64,0,0,0,0,0,0,2,0,0,0,251,-1,0,32,0.0,0.0,0,0,0.0,0.0,0,0,1
443,115680116,35,42,828,48290,451,0,23.65714286,84.86561795,2896,0,1149.761905,1010.32274,424.6019255,0.665628655,1522106.789,3564294.273,10000000,0,116000000,3402356.353,4736463.072,10100000,4,111000000,2701472.537,4502711.692,10100000,49,0,0,0,0,1128,1352,0.302558479,0.363070175,0,2896,629.7179487,930.7643263,866322.2311,0,0,0,1,0,0,0,0,1,637.8961039,23.65714286,1149.761905,1128,0,0,0,0,0,0,35,828,42,48290,29200,1006,4,32,46907.0,76467.88606,277466,23624,10000000.0,7647.701188,10000000,9999429,0
2035,89,1,1,0,6,0,0,0.0,0.0,6,6,6.0,0.0,67415.73034,22471.91011,89.0,0.0,89,89,0,0.0,0.0,0,0,0,0.0,0.0,0,0,0,0,0,0,40,20,11235.95506,11235.95506,0,6,2.0,3.464101615,12.0,0,0,0,1,0,0,0,0,1,3.0,0.0,6.0,40,0,0,0,0,0,0,1,0,1,6,29200,0,0,40,0.0,0.0,0,0,0.0,0.0,0,0,1
35550,65,1,1,0,0,0,0,0.0,0.0,0,0,0.0,0.0,0.0,30769.23077,65.0,0.0,65,65,0,0.0,0.0,0,0,0,0.0,0.0,0,0,0,0,0,0,32,32,15384.61538,15384.61538,0,0,0.0,0.0,0.0,0,0,0,0,1,1,0,0,1,0.0,0.0,0.0,32,0,0,0,0,0,0,1,0,1,0,939,257,0,32,0.0,0.0,0,0,0.0,0.0,0,0,0
53,252,2,2,66,326,33,33,33.0,0.0,163,163,163.0,0.0,1555555.556,15873.01587,84.0,106.4377752,204,1,1,1.0,0.0,1,1,47,47.0,0.0,47,47,0,0,0,0,40,40,7936.507937,7936.507937,33,163,85.0,71.20393248,5070.0,0,0,0,0,0,0,0,0,1,106.25,33.0,163.0,40,0,0,0,0,0,0,2,66,2,326,-1,-1,1,20,0.0,0.0,0,0,0.0,0.0,0,0,0
1687,23,1,1,0,6,0,0,0.0,0.0,6,6,6.0,0.0,260869.5652,86956.52174,23.0,0.0,23,23,0,0.0,0.0,0,0,0,0.0,0.0,0,0,0,0,0,0,40,20,43478.26087,43478.26087,0,6,2.0,3.464101615,12.0,0,0,0,1,0,0,0,0,1,3.0,0.0,6.0,40,0,0,0,0,0,0,1,0,1,6,29200,0,0,40,0.0,0.0,0,0,0.0,0.0,0,0,1
765,18,1,1,2,6,2,2,2.0,0.0,6,6,6.0,0.0,444444.4444,111111.1111,18.0,0.0,18,18,0,0.0,0.0,0,0,0,0.0,0.0,0,0,0,0,0,0,24,20,55555.55556,55555.55556,2,6,3.333333333,2.309401077,5.333333333,0,0,0,1,0,0,0,0,1,5.0,2.0,6.0,24,0,0,0,0,0,0,1,2,1,6,1024,0,0,24,0.0,0.0,0,0,0.0,0.0,0,0,1
80,4090895,4,0,24,0,6,6,6.0,0.0,0,0,0.0,0.0,5.866686874,0.977781146,1363631.667,2360149.22,4088897,4,4090895,1363631.667,2360149.22,4088897,4,0,0.0,0.0,0,0,0,0,0,0,80,0,0.977781146,0.0,6,6,6.0,0.0,0.0,0,0,0,0,1,0,0,0,0,7.5,6.0,0.0,80,0,0,0,0,0,0,4,24,0,0,256,-1,3,20,0.0,0.0,0,0,0.0,0.0,0,0,1
80,2695929,6,0,36,0,6,6,6.0,0.0,0,0,0.0,0.0,13.35346739,2.225577899,539185.8,1202864.306,2690934,3,2695929,539185.8,1202864.306,2690934,3,0,0.0,0.0,0,0,0,0,0,0,120,0,2.225577899,0.0,6,6,6.0,0.0,0.0,0,0,0,0,1,0,0,0,0,7.0,6.0,0.0,120,0,0,0,0,0,0,6,36,0,0,256,-1,5,20,0.0,0.0,0,0,0.0,0.0,0,0,1
53,121261,1,1,37,165,37,37,37.0,0.0,165,165,165.0,0.0,1665.828255,16.49334906,121261.0,0.0,121261,121261,0,0.0,0.0,0,0,0,0.0,0.0,0,0,0,0,0,0,32,32,8.246674528,8.246674528,37,165,79.66666667,73.90083446,5461.333333,0,0,0,0,0,0,0,0,1,119.5,37.0,165.0,32,0,0,0,0,0,0,1,37,1,165,-1,-1,0,32,0.0,0.0,0,0,0.0,0.0,0,0,0
80,4088886,4,0,24,0,6,6,6.0,0.0,0,0,0.0,0.0,5.869569364,0.978261561,1362962.0,2359876.84,4087913,3,4088886,1362962.0,2359876.84,4087913,3,0,0.0,0.0,0,0,0,0,0,0,80,0,0.978261561,0.0,6,6,6.0,0.0,0.0,0,0,0,0,1,0,0,0,0,7.5,6.0,0.0,80,0,0,0,0,0,0,4,24,0,0,256,-1,3,20,0.0,0.0,0,0,0.0,0.0,0,0,1
80,118013666,2,2,16,0,8,8,8.0,0.0,0,0,0.0,0.0,0.135577519,0.03389438,39300000.0,68100000.0,118000000,78,118000000,118000000.0,0.0,118000000,118000000,118000000,118000000.0,0.0,118000000,118000000,1,0,0,0,64,64,0.01694719,0.01694719,0,8,4.8,4.38178046,19.2,0,1,0,0,1,0,0,0,1,6.0,8.0,0.0,64,0,0,0,0,0,0,2,16,2,0,229,235,1,32,93.0,0.0,93,93,118000000.0,0.0,118000000,118000000,1
58944,90,1,1,6,6,6,6,6.0,0.0,6,6,6.0,0.0,133333.333333333,22222.2222222222,90.0,0.0,90,90,0,0.0,0.0,0,0,0,0.0,0.0,0,0,0,0,0,0,20,20,11111.1111111111,11111.1111111111,6,6,6.0,0.0,0.0,0,0,0,0,1,1,0,0,1,9.0,6.0,6.0,20,0,0,0,0,0,0,1,6,1,6,32,32850,0,20,0.0,0.0,0,0,0.0,0.0,0,0,0
53,23715,1,1,50,111,50,50,50.0,0.0,111,111,111.0,0.0,6788.95214,84.33480919,23715.0,0.0,23715,23715,0,0.0,0.0,0,0,0,0.0,0.0,0,0,0,0,0,0,20,20,42.1674046,42.1674046,50,111,70.33333333,35.21836642,1240.333333,0,0,0,0,0,0,0,0,1,105.5,50.0,111.0,20,0,0,0,0,0,0,1,50,1,111,-1,-1,0,20,0.0,0.0,0,0,0.0,0.0,0,0,0
80,45430906,6,5,36,0,6,6,6.0,0.0,0,0,0.0,0.0,0.7924121082,0.2421259219,4543090.6,4956833.61200764,10000887,36618,45430906,9086181.2,2126224.66157382,10037555,5282675,40149066,10037266.5,1028.4050758334,10038690,10036424,0,0,0,0,120,160,0.1320686847,0.1100572372,0,6,3.5,3.0895719033,9.5454545455,0,0,0,0,1,0,0,0,0,3.8181818182,6.0,0.0,120,0,0,0,0,0,0,6,36,5,0,258,351,5,20,36941.5,574.9194146429,37803,36618,10000116.25,520.3866351089,10000887,9999747,0
80,68601,3,6,26,11601,20,0,8.666666667,10.26320288,4380,0,1933.5,1757.789948,169487.3253,131.1934228,8575.125,16991.41563,46115,4,22033,11016.5,15574.02686,22029,4,68539,13707.8,20479.29666,46115,32,0,0,0,0,72,132,43.73114095,87.46228189,0,4380,1162.7,1645.241762,2706820.456,0,0,0,1,0,0,0,0,2,1291.888889,8.666666667,1933.5,72,0,0,0,0,0,0,3,26,6,11601,8192,229,2,20,0.0,0.0,0,0,0.0,0.0,0,0,1
80,84042236,9,6,383,11595,365,0,42.55555556,120.9515514,4344,0,1932.5,1977.812908,142.5235759,0.178481686,6003016.857,22400000.0,83900000,1,83900000,10500000.0,29700000.0,83900000,1,151574,30314.8,60003.14065,137112,86,0,0,0,0,260,200,0.107089012,0.071392675,0,4344,748.625,1486.211285,2208823.983,0,0,0,0,1,0,0,0,0,798.5333333,42.55555556,1932.5,260,0,0,0,0,0,0,9,383,6,11595,251,235,4,20,3015.0,0.0,3015,3015,83900000.0,0.0,83900000,83900000,1
80,16467,2,2,12,0,6,6,6.0,0.0,0,0,0.0,0.0,728.7301876,242.9100625,5489.0,9007.546392,15887,73,580,580.0,0.0,580,580,16394,16394.0,0.0,16394,16394,0,0,0,0,40,64,121.4550313,121.4550313,0,6,3.6,3.286335345,10.8,1,0,0,0,0,0,0,0,1,4.5,6.0,0.0,40,0,0,0,0,0,0,2,12,2,0,0,235,1,20,0.0,0.0,0,0,0.0,0.0,0,0,1
443,4238,2,0,12,0,6,6,6.0,0.0,0,0,0.0,0.0,2831.524304,471.9207173,4238.0,0.0,4238,4238,4238,4238.0,0.0,4238,4238,0,0.0,0.0,0,0,0,0,0,0,40,0,471.9207173,0.0,6,6,6.0,0.0,0.0,0,0,0,0,1,0,0,0,0,9.0,6.0,0.0,40,0,0,0,0,0,0,2,12,0,0,256,-1,1,20,0.0,0.0,0,0,0.0,0.0,0,0,0
443,226509,24,49,887,68021,405,0,36.95833333,98.00331812,4344,0,1388.183673,649.8583395,304217.4925,322.2829998,3145.958333,9144.744253,62008,1,226509,9848.217391,14616.91239,62008,1,182779,3807.895833,13772.67807,84559,42,0,0,0,0,780,1576,105.9560547,216.3269451,0,4344,931.1891892,834.0699632,695672.7034,0,0,0,1,0,0,0,0,2,943.9452055,36.95833333,1388.183673,780,0,0,0,0,0,0,24,887,49,68021,65535,122,6,32,0.0,0.0,0,0,0.0,0.0,0,0,0
80,7813131,7,4,50,11601,20,0,7.142857143,6.094494002,7215,0,2900.25,3540.00286,1491.207558,1.407886288,781313.1,1883700.457,6034801,3,6762997,1127166.167,2421332.242,6034801,3,1055192,351730.6667,604591.6959,1049847,161,0,0,0,0,152,92,0.895927638,0.51195865,0,7215,971.4166667,2333.890099,5447042.992,0,0,0,0,1,0,0,0,0,1059.727273,7.142857143,2900.25,152,0,0,0,0,0,0,7,50,4,11601,256,229,5,20,723030.0,0.0,723030,723030,6034801.0,0.0,6034801,6034801,1
80,18578,3,4,26,11601,20,0,8.666666667,10.26320288,8760,0,2900.25,4128.319301,625847.7769,376.7897513,3096.333333,5038.96488,12819,10,5225,2612.5,2519.421461,4394,831,18568,6189.333333,6257.157209,12819,387,0,0,0,0,72,92,161.481322,215.3084293,0,8760,1453.375,3113.952607,9696700.839,0,0,0,1,0,0,0,0,1,1661.0,8.666666667,2900.25,72,0,0,0,0,0,0,3,26,4,11601,8192,229,2,20,0.0,0.0,0,0,0.0,0.0,0,0,1
80,1786356,3,6,26,11601,20,0,8.666666667,10.26320288,5840,0,1933.5,2189.772933,6508.781004,5.038189476,223294.5,621872.6599,1762218,13,23871,11935.5,16322.14583,23477,394,1786336,357267.2,785458.8705,1762218,14,0,0,0,0,72,132,1.679396492,3.358792984,0,5840,1162.7,1911.59573,3654198.233,0,0,0,1,0,0,0,0,2,1291.888889,8.666666667,1933.5,72,0,0,0,0,0,0,3,26,6,11601,8192,229,2,20,0.0,0.0,0,0,0.0,0.0,0,0,1
135,58,1,3,6,18,6,6,6.0,0.0,6,6,6.0,0.0,413793.1034,68965.51724,19.33333333,25.9293913,49,1,0,0.0,0.0,0,0,50,25.0,33.9411255,49,1,0,0,0,0,20,60,17241.37931,51724.13793,6,6,6.0,0.0,0.0,0,0,0,0,1,1,0,0,3,7.5,6.0,6.0,20,0,0,0,0,0,0,1,6,3,18,255,2052,0,20,0.0,0.0,0,0,0.0,0.0,0,0,0
80,99445738,7,6,344,11595,338,0,49.14285714,127.3936531,8688,0,1932.5,3384.303045,120.0554216,0.130724557,8287144.833,28700000.0,99300000,1,99300000,16600000.0,40500000.0,99300000,1,147501,29500.2,59304.32992,135186,49,0,0,0,0,220,200,0.070390146,0.060334411,0,8688,852.7857143,2313.966697,5354441.874,0,0,0,0,1,0,0,0,0,918.3846154,49.14285714,1932.5,220,0,0,0,0,0,0,7,344,6,11595,274,235,2,20,986.0,0.0,986,986,99300000.0,0.0,99300000,99300000,1
58906,48,1,1,0,0,0,0,0.0,0.0,0,0,0.0,0.0,0.0,41666.6666666667,48.0,0.0,48,48,0,0.0,0.0,0,0,0,0.0,0.0,0,0,0,0,0,0,32,32,20833.3333333333,20833.3333333333,0,0,0.0,0.0,0.0,0,0,0,0,1,0,0,0,1,0.0,0.0,0.0,32,0,0,0,0,0,0,1,0,1,0,362,32832,0,32,0.0,0.0,0,0,0.0,0.0,0,0,0
443,119879627,21,18,948,9240,245,0,45.14285714,72.06058959,2933,0,513.3333333,843.9643845,84.98524941,0.325326338,3154727.026,13200000.0,58500000,1,120000000,5993981.35,18000000.0,58700000,50,61100000,3591880.353,14400000.0,59500000,1,0,0,0,0,488,372,0.17517572,0.150150617,0,2933,254.7,607.7207608,369324.5231,0,0,0,1,0,0,0,0,0,261.2307692,45.14285714,513.3333333,488,0,0,0,0,0,0,21,948,18,9240,29200,35,16,20,1481402.0,67964.27538,1529460,1433344,58500000.0,17979.60413,58500000,58400000,0
53,24282,2,2,82,464,41,41,41.0,0.0,232,232,232.0,0.0,22485.79194,164.7310765,8094.0,14012.29103,24274,4,4,4.0,0.0,4,4,4,4.0,0.0,4,4,0,0,0,0,64,64,82.36553826,82.36553826,41,232,117.4,104.6150085,10944.3,0,0,0,0,0,0,0,0,1,146.75,41.0,232.0,64,0,0,0,0,0,0,2,82,2,464,-1,-1,1,32,0.0,0.0,0,0,0.0,0.0,0,0,0
53,189965,2,2,70,200,35,35,35.0,0.0,100,100,100.0,0.0,1421.314453,21.05651041,63321.66667,109669.4157,189957,4,4,4.0,0.0,4,4,4,4.0,0.0,4,4,0,0,0,0,64,64,10.5282552,10.5282552,35,100,61.0,35.60196624,1267.5,0,0,0,0,0,0,0,0,1,76.25,35.0,100.0,64,0,0,0,0,0,0,2,70,2,200,-1,-1,1,32,0.0,0.0,0,0,0.0,0.0,0,0,0
53,146,2,2,66,98,33,33,33.0,0.0,49,49,49.0,0.0,1123287.671,27397.26027,48.66666667,78.23255929,139,3,4,4.0,0.0,4,4,3,3.0,0.0,3,3,0,0,0,0,40,40,13698.63014,13698.63014,33,49,39.4,8.76356092,76.8,0,0,0,0,0,0,0,0,1,49.25,33.0,49.0,40,0,0,0,0,0,0,2,66,2,98,-1,-1,1,20,0.0,0.0,0,0,0.0,0.0,0,0,0
53,315,2,2,64,306,32,32,32.0,0.0,153,153,153.0,0.0,1174603.17460317,12698.4126984127,105.0,170.6429019913,302,3,10,10.0,0.0,10,10,3,3.0,0.0,3,3,0,0,0,0,64,64,6349.2063492064,6349.2063492064,32,153,80.4,66.2744294581,4392.3,0,0,0,0,0,0,0,0,1,100.5,32.0,153.0,64,0,0,0,0,0,0,2,64,2,306,-1,-1,1,32,0.0,0.0,0,0,0.0,0.0,0,0,0
80,99680244,7,7,361,11595,361,0,51.57142857,136.4451748,4344,0,1656.428571,1757.579003,119.9435266,0.140449094,7667711.077,27600000.0,99500000,1,99500000,16600000.0,40600000.0,99500000,1,162906,27151.0,60072.91441,149329,60,0,0,0,0,232,232,0.070224547,0.070224547,0,4344,797.0666667,1422.808715,2024384.638,0,0,0,0,1,0,0,0,1,854.0,51.57142857,1656.428571,232,0,0,0,0,0,0,7,361,7,11595,251,235,1,32,1030.0,0.0,1030,1030,99500000.0,0.0,99500000,99500000,1
80,85688026,7,6,327,11595,321,0,46.71428571,120.9692995,4344,0,1932.5,1754.831473,139.1326251,0.151713146,7140668.833,24700000.0,85500000,3,85600000,14300000.0,34900000.0,85500000,3,146432,29286.4,58319.94193,133128,17,0,0,0,0,220,200,0.081691694,0.070021452,0,4344,851.5714286,1461.1678,2135011.341,0,0,0,0,1,0,0,0,0,917.0769231,46.71428571,1932.5,220,0,0,0,0,0,0,7,327,6,11595,274,235,2,20,1446.0,0.0,1446,1446,85500000.0,0.0,85500000,85500000,1
3301,49,1,1,0,6,0,0,0.0,0.0,6,6,6.0,0.0,122448.9796,40816.32653,49.0,0.0,49,49,0,0.0,0.0,0,0,0,0.0,0.0,0,0,0,0,0,0,40,20,20408.16327,20408.16327,0,6,2.0,3.464101615,12.0,0,0,0,1,0,0,0,0,1,3.0,0.0,6.0,40,0,0,0,0,0,0,1,0,1,6,29200,0,0,40,0.0,0.0,0,0,0.0,0.0,0,0,1
53,188058,2,2,90,194,45,45,45.0,0.0,97,97,97.0,0.0,1510.172394,21.27003371,62686.0,108570.1408,188052,3,3,3.0,0.0,3,3,3,3.0,0.0,3,3,0,0,0,0,40,64,10.63501686,10.63501686,45,97,65.8,28.48157299,811.2,0,0,0,0,0,0,0,0,1,82.25,45.0,97.0,40,0,0,0,0,0,0,2,90,2,194,-1,-1,1,20,0.0,0.0,0,0,0.0,0.0,0,0,0
123,67033457,2,2,96,96,48,48,48.0,0.0,48,48,48.0,0.0,2.864241359,0.059671695,22300000.0,38600000.0,67000000,32423,67000000,67000000.0,0.0,67000000,67000000,67000000,67000000.0,0.0,67000000,67000000,0,0,0,0,40,40,0.029835847,0.029835847,48,48,48.0,0.0,0.0,0,0,0,0,0,0,0,0,1,60.0,48.0,48.0,40,0,0,0,0,0,0,2,96,2,96,-1,-1,1,20,32423.0,0.0,32423,32423,67000000.0,0.0,67000000,67000000,0
80,45767414,6,5,36,0,6,6,6.0,0.0,0,0,0.0,0.0,0.786585845,0.240345675,4576741.4,4973864.677,10000000,23516,45800000,9153482.8,1958740.492,10000000,5649590,40100000,10000000.0,4918.679701,10000000,10000000,0,0,0,0,120,160,0.131097641,0.109248034,0,6,3.5,3.089571903,9.545454545,0,0,0,0,1,0,0,0,0,3.818181818,6.0,0.0,120,0,0,0,0,0,0,6,36,5,0,256,302,5,20,23651.5,105.8946017,23743,23516,10000000.0,4986.566053,10000000,10000000,0
80,339446,3,4,26,11601,20,0,8.666666667,10.26320288,5840,0,2900.25,3345.636997,34252.87085,20.62183676,56574.33333,125162.551,311048,4,28016,14008.0,19804.64673,28012,4,339386,113128.6667,171975.2748,311048,153,0,0,0,0,72,92,8.837930039,11.78390672,0,5840,1453.375,2681.356423,7189672.268,0,0,0,1,0,0,0,0,1,1661.0,8.666666667,2900.25,72,0,0,0,0,0,0,3,26,4,11601,8192,229,2,20,0.0,0.0,0,0,0.0,0.0,0,0,1
80,68122810,7,6,308,11595,302,0,44.0,113.7892789,7240,0,1932.5,2845.835677,174.7285527,0.190831823,5676900.833,19600000.0,68000000,1,68000000,11300000.0,27700000.0,68000000,1,149584,29916.8,60172.97668,137172,67,0,0,0,0,220,200,0.102755597,0.088076226,0,7240,850.2142857,2016.706766,4067106.181,0,0,0,0,1,0,0,0,0,915.6153846,44.0,1932.5,220,0,0,0,0,0,0,7,308,6,11595,296,235,2,20,1998.0,0.0,1998,1998,68000000.0,0.0,68000000,68000000,1
53,61268,1,1,41,183,41,41,41.0,0.0,183,183,183.0,0.0,3656.068421,32.64346804,61268.0,0.0,61268,61268,0,0.0,0.0,0,0,0,0.0,0.0,0,0,0,0,0,0,40,20,16.32173402,16.32173402,41,183,88.33333333,81.98373822,6721.333333,0,0,0,0,0,0,0,0,1,132.5,41.0,183.0,40,0,0,0,0,0,0,1,41,1,183,-1,-1,0,40,0.0,0.0,0,0,0.0,0.0,0,0,0
7585,18,1,1,6,6,6,6,6.0,0.0,6,6,6.0,0.0,666666.6667,111111.1111,18.0,0.0,18,18,0,0.0,0.0,0,0,0,0.0,0.0,0,0,0,0,0,0,20,20,55555.55556,55555.55556,6,6,6.0,0.0,0.0,0,0,0,0,1,1,0,0,1,9.0,6.0,6.0,20,0,0,0,0,0,0,1,6,1,6,119,16360,0,20,0.0,0.0,0,0,0.0,0.0,0,0,0
80,95947830,8,6,56,11607,20,0,7.0,5.656854249,5840,0,1934.5,2538.919278,121.5556412,0.145912628,7380602.308,25700000.0,92900000,1,94100000,13400000.0,35000000.0,92900000,1,1843497,368699.4,823765.6205,1842296,47,0,0,0,0,172,132,0.083378644,0.062533983,0,5840,777.9333333,1804.898987,3257660.352,0,0,0,0,1,0,0,0,0,833.5,7.0,1934.5,172,0,0,0,0,0,0,8,56,6,11607,256,229,6,20,1221130.0,0.0,1221130,1221130,92900000.0,0.0,92900000,92900000,1
53,334,2,2,64,242,32,32,32.0,0.0,121,121,121.0,0.0,916167.6647,11976.0479,111.3333333,109.7011091,238,47,47,47.0,0.0,47,47,49,49.0,0.0,49,49,0,0,0,0,64,64,5988.023952,5988.023952,32,121,67.6,48.74730762,2376.3,0,0,0,0,0,0,0,0,1,84.5,32.0,121.0,64,0,0,0,0,0,0,2,64,2,242,-1,-1,1,32,0.0,0.0,0,0,0.0,0.0,0,0,0
80,855483,3,5,26,11607,20,0,8.666666667,10.26320288,7215,0,2321.4,3327.769794,13598.16618,9.351442402,122211.8571,322827.6986,854316,5,905,452.5,523.9661249,823,82,855456,213864.0,426968.212,854316,5,0,0,0,0,72,112,3.506790901,5.844651501,0,7215,1292.555556,2650.585648,7025604.278,0,0,0,1,0,0,0,0,1,1454.125,8.666666667,2321.4,72,0,0,0,0,0,0,3,26,5,11607,8192,229,2,20,0.0,0.0,0,0,0.0,0.0,0,0,1
1075,43,1,1,2,6,2,2,2.0,0.0,6,6,6.0,0.0,186046.5116,46511.62791,43.0,0.0,43,43,0,0.0,0.0,0,0,0,0.0,0.0,0,0,0,0,0,0,24,20,23255.81395,23255.81395,2,6,3.333333333,2.309401077,5.333333333,0,0,0,1,0,0,0,0,1,5.0,2.0,6.0,24,0,0,0,0,0,0,1,2,1,6,1024,0,0,24,0.0,0.0,0,0,0.0,0.0,0,0,1
10024,48,1,1,2,6,2,2,2.0,0.0,6,6,6.0,0.0,166666.6667,41666.66667,48.0,0.0,48,48,0,0.0,0.0,0,0,0,0.0,0.0,0,0,0,0,0,0,24,20,20833.33333,20833.33333,2,6,3.333333333,2.309401077,5.333333333,0,0,0,1,0,0,0,0,1,5.0,2.0,6.0,24,0,0,0,0,0,0,1,2,1,6,1024,0,0,24,0.0,0.0,0,0,0.0,0.0,0,0,1
80,237964,6,0,36,0,6,6,6.0,0.0,0,0,0.0,0.0,151.2833874,25.2138979,47592.8,105875.4033,236987,0,237964,47592.8,105875.4033,236987,0,0,0.0,0.0,0,0,0,0,0,0,120,0,25.2138979,0.0,6,6,6.0,0.0,0.0,0,0,0,0,1,0,0,0,0,7.0,6.0,0.0,120,0,0,0,0,0,0,6,36,0,0,256,-1,5,20,0.0,0.0,0,0,0.0,0.0,0,0,1
53,168,2,2,88,188,44,44,44.0,0.0,94,94,94.0,0.0,1642857.14285714,23809.5238095238,56.0,91.7986928012,162,3,3,3.0,0.0,3,3,3,3.0,0.0,3,3,0,0,0,0,40,40,11904.7619047619,11904.7619047619,44,94,64.0,27.3861278753,750.0,0,0,0,0,0,0,0,0,1,80.0,44.0,94.0,40,0,0,0,0,0,0,2,88,2,188,-1,-1,1,20,0.0,0.0,0,0,0.0,0.0,0,0,0
80,36527,1,1,0,0,0,0,0.0,0.0,0,0,0.0,0.0,0.0,54.75401758,36527.0,0.0,36527,36527,0,0.0,0.0,0,0,0,0.0,0.0,0,0,0,0,0,0,20,20,27.37700879,27.37700879,0,0,0.0,0.0,0.0,0,0,0,0,1,1,0,0,1,0.0,0.0,0.0,20,0,0,0,0,0,0,1,0,1,0,258,368,0,20,0.0,0.0,0,0,0.0,0.0,0,0,0
80,110771799,5,3,537,0,520,0,107.4,230.7678487,0,0,0.0,0.0,4.847804268,0.072220548,15800000.0,41200000.0,109000000,51,111000000,27700000.0,54400000.0,109000000,628,109000000,54600000.0,77300000.0,109000000,5214,0,0,0,0,168,104,0.045137842,0.027082705,0,520,59.66666667,172.7165308,29831.0,0,0,0,1,0,0,0,0,0,67.125,107.4,0.0,168,0,0,0,0,0,0,5,537,3,0,29200,235,2,32,5398.0,0.0,5398,5398,109000000.0,0.0,109000000,109000000,1
2100,44,1,1,0,6,0,0,0.0,0.0,6,6,6.0,0.0,136363.6364,45454.54545,44.0,0.0,44,44,0,0.0,0.0,0,0,0,0.0,0.0,0,0,0,0,0,0,40,20,22727.27273,22727.27273,0,6,2.0,3.464101615,12.0,0,0,0,1,0,0,0,0,1,3.0,0.0,6.0,40,0,0,0,0,0,0,1,0,1,6,29200,0,0,40,0.0,0.0,0,0,0.0,0.0,0,0,1
5730,63,1,1,0,6,0,0,0.0,0.0,6,6,6.0,0.0,95238.09524,31746.03175,63.0,0.0,63,63,0,0.0,0.0,0,0,0,0.0,0.0,0,0,0,0,0,0,40,20,15873.01587,15873.01587,0,6,2.0,3.464101615,12.0,0,0,0,1,0,0,0,0,1,3.0,0.0,6.0,40,0,0,0,0,0,0,1,0,1,6,29200,0,0,40,0.0,0.0,0,0,0.0,0.0,0,0,1
80,70811,4,5,429,2267,429,0,107.25,214.5,1448,0,453.4,659.4708485,38073.18072,127.0988971,8851.375,14738.89339,32664,2,70617,23539.0,16705.24549,33616,4256,38228,9557.0,18352.85429,37082,2,0,0,0,0,136,168,56.4883987,70.61049837,0,1448,269.6,497.1769638,247184.9333,0,0,0,1,0,0,0,0,1,299.5555556,107.25,453.4,136,0,0,0,0,0,0,4,429,5,2267,29200,237,1,32,0.0,0.0,0,0,0.0,0.0,0,0,0
53,208,2,2,80,144,40,40,40.0,0.0,72,72,72.0,0.0,1076923.077,19230.76923,69.33333333,114.8927036,202,3,3,3.0,0.0,3,3,3,3.0,0.0,3,3,0,0,0,0,64,64,9615.384615,9615.384615,40,72,52.8,17.52712184,307.2,0,0,0,0,0,0,0,0,1,66.0,40.0,72.0,64,0,0,0,0,0,0,2,80,2,144,-1,-1,1,32,0.0,0.0,0,0,0.0,0.0,0,0,0
443,201367,8,8,520,5367,190,0,65.0,85.12176153,2920,0,670.875,1154.03224,29235.17756,79.45691201,13424.46667,25791.6591,101213,3,187762,26823.14286,34017.55324,101252,159,177442,25348.85714,45975.76145,125470,3,0,0,0,0,172,172,39.728456,39.728456,0,2920,346.2941176,827.9872255,685562.8456,0,0,0,1,0,0,0,0,1,367.9375,65.0,670.875,172,0,0,0,0,0,0,8,520,8,5367,8192,290,7,20,0.0,0.0,0,0,0.0,0.0,0,0,0
80,969244,3,4,26,11607,20,0,8.666666667,10.26320288,11595,0,2901.75,5795.50069,12002.13775,7.222123635,161540.6667,395379.6998,968606,4,571,285.5,396.6869042,566,5,969195,323065.0,559054.9807,968606,4,0,0,0,0,72,92,3.095195843,4.126927791,0,11595,1454.125,4097.537534,16800000.0,0,0,0,1,0,0,0,0,1,1661.857143,8.666666667,2901.75,72,0,0,0,0,0,0,3,26,4,11607,8192,229,2,20,0.0,0.0,0,0,0.0,0.0,0,0,1
49351,45,2,1,31,6,31,0,15.5,21.9203102168,6,6,6.0,0.0,822222.222222222,66666.6666666667,22.5,26.1629509039,41,4,4,4.0,0.0,4,4,0,0.0,0.0,0,0,1,0,0,0,64,20,44444.4444444444,22222.2222222222,0,31,17.0,16.3503312912,267.3333333333,0,1,0,0,1,0,0,0,0,22.6666666667,15.5,6.0,64,0,0,0,0,0,0,2,31,1,6,1017,0,0,32,0.0,0.0,0,0,0.0,0.0,0,0,0
80,27054,3,5,26,11607,20,0,8.666666667,10.26320288,10135,0,2321.4,4413.201989,429991.8681,295.7048865,3864.857143,9763.080703,26002,5,729,364.5,238.2949853,533,196,27041,6760.25,12832.78053,26002,5,0,0,0,0,72,112,110.8893324,184.8155541,0,10135,1292.555556,3350.634907,11200000.0,0,0,0,1,0,0,0,0,1,1454.125,8.666666667,2321.4,72,0,0,0,0,0,0,3,26,5,11607,8192,229,2,20,0.0,0.0,0,0,0.0,0.0,0,0,1
2035,74,1,1,2,6,2,2,2.0,0.0,6,6,6.0,0.0,108108.1081,27027.02703,74.0,0.0,74,74,0,0.0,0.0,0,0,0,0.0,0.0,0,0,0,0,0,0,24,20,13513.51351,13513.51351,2,6,3.333333333,2.309401077,5.333333333,0,0,0,1,0,0,0,0,1,5.0,2.0,6.0,24,0,0,0,0,0,0,1,2,1,6,1024,0,0,24,0.0,0.0,0,0,0.0,0.0,0,0,1
80,996,2,0,0,0,0,0,0.0,0.0,0,0,0.0,0.0,0.0,2008.032129,996.0,0.0,996,996,996,996.0,0.0,996,996,0,0.0,0.0,0,0,0,0,0,0,64,0,2008.032129,0.0,0,0,0.0,0.0,0.0,0,0,0,0,1,0,0,0,0,0.0,0.0,0.0,64,0,0,0,0,0,0,2,0,0,0,274,-1,0,32,0.0,0.0,0,0,0.0,0.0,0,0,1
53,176,2,2,62,126,31,31,31.0,0.0,63,63,63.0,0.0,1068181.818,22727.27273,58.66666667,95.55277774,169,3,4,4.0,0.0,4,4,3,3.0,0.0,3,3,0,0,0,0,64,64,11363.63636,11363.63636,31,63,43.8,17.52712184,307.2,0,0,0,0,0,0,0,0,1,54.75,31.0,63.0,64,0,0,0,0,0,0,2,62,2,126,-1,-1,1,32,0.0,0.0,0,0,0.0,0.0,0,0,0
1078,48,1,1,0,6,0,0,0.0,0.0,6,6,6.0,0.0,125000.0,41666.66667,48.0,0.0,48,48,0,0.0,0.0,0,0,0,0.0,0.0,0,0,0,0,0,0,40,20,20833.33333,20833.33333,0,6,2.0,3.464101615,12.0,0,0,0,1,0,0,0,0,1,3.0,0.0,6.0,40,0,0,0,0,0,0,1,0,1,6,29200,0,0,40,0.0,0.0,0,0,0.0,0.0,0,0,1
56908,250,2,0,12,0,6,6,6.0,0.0,0,0,0.0,0.0,48000.0,8000.0,250.0,0.0,250,250,250,250.0,0.0,250,250,0,0.0,0.0,0,0,0,0,0,0,40,0,8000.0,0.0,6,6,6.0,0.0,0.0,0,0,0,0,1,0,0,0,0,9.0,6.0,0.0,40,0,0,0,0,0,0,2,12,0,0,64,-1,1,20,0.0,0.0,0,0,0.0,0.0,0,0,0
80,67524740,8,7,314,11595,308,0,39.25,108.6116937,4344,0,1656.428571,1547.737688,176.3649886,0.222140804,4823195.714,18000000.0,67400000,1,67400000,9626294.143,25500000.0,67400000,1,152651,25441.83333,56390.19966,140136,45,0,0,0,0,252,232,0.118475095,0.103665708,0,4344,744.3125,1286.082513,1654008.229,0,0,0,0,1,0,0,0,0,793.9333333,39.25,1656.428571,252,0,0,0,0,0,0,8,314,7,11595,274,235,2,20,8.0,0.0,8,8,67400000.0,0.0,67400000,67400000,1
53,96017,1,1,46,206,46,46,46.0,0.0,206,206,206.0,0.0,2624.535239,20.82964475,96017.0,0.0,96017,96017,0,0.0,0.0,0,0,0,0.0,0.0,0,0,0,0,0,0,32,32,10.41482238,10.41482238,46,206,99.33333333,92.37604307,8533.333333,0,0,0,0,0,0,0,0,1,149.0,46.0,206.0,32,0,0,0,0,0,0,1,46,1,206,-1,-1,0,32,0.0,0.0,0,0,0.0,0.0,0,0,0
58386,3,2,0,37,0,37,0,18.5,26.1629509039,0,0,0.0,0.0,12333333.3333333,666666.666666667,3.0,0.0,3,3,3,3.0,0.0,3,3,0,0.0,0.0,0,0,1,0,0,0,64,0,666666.666666667,0.0,0,37,24.6666666667,21.36195996,456.3333333333,0,1,0,0,1,0,0,0,0,37.0,18.5,0.0,64,0,0,0,0,0,0,2,37,0,0,118,-1,0,32,0.0,0.0,0,0,0.0,0.0,0,0,0
53,175,2,2,88,120,44,44,44.0,0.0,60,60,60.0,0.0,1188571.429,22857.14286,58.33333333,47.68997099,110,16,16,16.0,0.0,16,16,49,49.0,0.0,49,49,0,0,0,0,64,64,11428.57143,11428.57143,44,60,50.4,8.76356092,76.8,0,0,0,0,0,0,0,0,1,63.0,44.0,60.0,64,0,0,0,0,0,0,2,88,2,120,-1,-1,1,32,0.0,0.0,0,0,0.0,0.0,0,0,0
80,98160654,5,7,364,11595,352,0,72.8,156.106374,5792,0,1656.428571,2429.118623,121.8308916,0.122248574,8923695.818,29600000.0,98100000,2,98200000,24500000.0,49100000.0,98100000,4,98200000,16400000.0,40100000.0,98200000,2,0,0,0,0,144,232,0.050936906,0.071311668,0,5792,920.3846154,1908.786767,3643466.923,1,0,0,0,0,0,0,0,1,997.0833333,72.8,1656.428571,144,0,0,0,0,0,0,5,364,7,11595,0,235,2,20,11989.0,0.0,11989,11989,98100000.0,0.0,98100000,98100000,1
80,98768734,7,6,692,11595,346,0,98.85714286,168.8307126,5792,0,1932.5,2181.008184,124.401716,0.1316206,8230727.833,28400000.0,98400000,2,98600000,16400000.0,40200000.0,98400000,2,345448,69089.6,99330.82647,215974,47,0,0,0,0,232,200,0.070872631,0.060747969,0,5792,877.6428571,1655.92538,2742088.863,0,0,0,0,1,0,0,0,0,945.1538462,98.85714286,1932.5,232,0,0,0,0,0,0,7,692,6,11595,274,235,2,32,4.0,0.0,4,4,98400000.0,0.0,98400000,98400000,1
53,31315,2,2,90,196,45,45,45.0,0.0,98,98,98.0,0.0,9133.003353,127.7343126,10438.33333,18075.39361,31310,1,1,1.0,0.0,1,1,4,4.0,0.0,4,4,0,0,0,0,64,64,63.86715631,63.86715631,45,98,66.2,29.02929555,842.7,0,0,0,0,0,0,0,0,1,82.75,45.0,98.0,64,0,0,0,0,0,0,2,90,2,196,-1,-1,1,32,0.0,0.0,0,0,0.0,0.0,0,0,0
80,5638042,3,1,0,0,0,0,0.0,0.0,0,0,0.0,0.0,0.0,0.709466159,1879347.333,3254367.309,5637167,127,5638042,2819021.0,3985460.294,5637167,875,0,0.0,0.0,0,0,0,0,0,0,104,40,0.532099619,0.17736654,0,0,0.0,0.0,0.0,0,0,0,1,0,0,0,0,0,0.0,0.0,0.0,104,0,0,0,0,0,0,3,0,1,0,29200,28960,0,32,0.0,0.0,0,0,0.0,0.0,0,0,1
443,5565343,5,1,135,46,46,6,27.0,20.1246118,46,46,46.0,0.0,32.52270345,1.078100667,1113068.6,2435183.856,5469049,3,5565343,1391335.75,2718823.349,5469049,3,0,0.0,0.0,0,0,1,0,0,0,100,20,0.898417222,0.179683444,6,46,32.42857143,18.86670032,355.952381,0,1,0,0,1,0,0,0,0,37.83333333,27.0,46.0,100,0,0,0,0,0,0,5,135,1,46,255,360,4,20,93582.0,0.0,93582,93582,5469049.0,0.0,5469049,5469049,0
80,6579034,4,0,24,0,6,6,6.0,0.0,0,0,0.0,0.0,3.647951964,0.607991994,2193011.333,3797830.278,6578368,306,6579034,2193011.333,3797830.278,6578368,306,0,0.0,0.0,0,0,0,0,0,0,80,0,0.607991994,0.0,6,6,6.0,0.0,0.0,0,0,0,0,1,0,0,0,0,7.5,6.0,0.0,80,0,0,0,0,0,0,4,24,0,0,256,-1,3,20,666.0,0.0,666,666,6578368.0,0.0,6578368,6578368,1
80,4,2,0,0,0,0,0,0.0,0.0,0,0,0.0,0.0,0.0,500000.0,4.0,0.0,4,4,4,4.0,0.0,4,4,0,0.0,0.0,0,0,0,0,0,0,64,0,500000.0,0.0,0,0,0.0,0.0,0.0,0,0,0,0,1,0,0,0,0,0.0,0.0,0.0,64,0,0,0,0,0,0,2,0,0,0,274,-1,0,32,0.0,0.0,0,0,0.0,0.0,0,0,1
80,84098128,6,6,320,11595,320,0,53.33333333,130.6394529,5792,0,1932.5,2181.008184,141.6797292,0.142690453,7645284.364,25300000.0,84000000,0,84000000,16800000.0,37500000.0,84000000,0,146405,29281.0,57781.91914,132079,47,0,0,0,0,200,200,0.071345227,0.071345227,0,5792,916.5384615,1716.905288,2947763.769,0,0,0,0,1,0,0,0,1,992.9166667,53.33333333,1932.5,200,0,0,0,0,0,0,6,320,6,11595,251,235,1,32,1007.0,0.0,1007,1007,84000000.0,0.0,84000000,84000000,1
80,4,2,0,0,0,0,0,0.0,0.0,0,0,0.0,0.0,0.0,500000.0,4.0,0.0,4,4,4,4.0,0.0,4,4,0,0.0,0.0,0,0,0,0,0,0,64,0,500000.0,0.0,0,0,0.0,0.0,0.0,0,0,0,0,1,0,0,0,0,0.0,0.0,0.0,64,0,0,0,0,0,0,2,0,0,0,251,-1,0,32,0.0,0.0,0,0,0.0,0.0,0,0,1
53,4424698,4,4,142,482,36,35,35.5,0.577350269,190,51,120.5,80.25168742,141.026574,1.808033,632099.7143,1671855.269,4423511,3,4423706,1474568.667,2553858.977,4423511,3,4424512,1474837.333,2554487.132,4424505,3,0,0,0,0,80,80,0.9040165,0.9040165,35,190,73.22222222,66.53528721,4426.944444,0,0,0,0,0,0,0,0,1,82.375,35.5,120.5,80,0,0,0,0,0,0,4,142,4,482,-1,-1,3,20,0.0,0.0,0,0,0.0,0.0,0,0,0
80,1876604,3,4,26,11607,20,0,8.666666667,10.26320288,11595,0,2901.75,5795.50069,6198.96366,3.730142321,312767.3333,765730.4364,1875808,49,655,327.5,325.9762261,558,97,1876555,625518.3333,1082782.65,1875808,92,0,0,0,0,72,92,1.598632423,2.131509898,0,11595,1454.125,4097.537534,16800000.0,0,0,0,1,0,0,0,0,1,1661.857143,8.666666667,2901.75,72,0,0,0,0,0,0,3,26,4,11607,8192,229,2,20,0.0,0.0,0,0,0.0,0.0,0,0,1
443,4254476,9,10,667,6349,321,0,74.11111111,119.2208502,1729,0,634.9,765.9494399,1649.08675,4.46588487,236359.7778,939513.8928,4000106,3,254367,31795.875,36709.432,103351,137,4224572,469396.8889,1324600.367,4000116,3,0,0,0,0,200,212,2.115419149,2.350465721,0,1729,350.8,607.5409971,369106.0632,0,0,0,1,0,0,0,0,1,369.2631579,74.11111111,634.9,200,0,0,0,0,0,0,9,667,10,6349,29200,32,3,20,0.0,0.0,0,0,0.0,0.0,0,0,0
80,188165,3,6,26,11601,20,0,8.666666667,10.26320288,4380,0,1933.5,1757.789948,61791.51277,47.83036165,23520.625,56093.42246,160340,3,27383,13691.5,19358.46235,27380,3,188025,37605.0,69612.1652,160340,16,0,0,0,0,72,132,15.94345388,31.88690777,0,4380,1162.7,1645.241762,2706820.456,0,0,0,1,0,0,0,0,2,1291.888889,8.666666667,1933.5,72,0,0,0,0,0,0,3,26,6,11601,8192,229,2,20,0.0,0.0,0,0,0.0,0.0,0,0,1
80,99602854,7,5,342,11595,336,0,48.85714286,126.6378413,10136,0,2319.0,4414.366206,119.8459635,0.120478475,9054804.909,30000000.0,99400000,2,99500000,16600000.0,40600000.0,99400000,2,161607,40401.75,73318.20615,150111,194,0,0,0,0,220,168,0.070279111,0.050199365,0,10136,918.2307692,2798.620677,7832277.692,0,0,0,0,1,0,0,0,0,994.75,48.85714286,2319.0,220,0,0,0,0,0,0,7,342,5,11595,251,235,2,20,956.0,0.0,956,956,99400000.0,0.0,99400000,99400000,1
80,1409631,3,4,26,11601,20,0,8.666666667,10.26320288,8760,0,2900.25,4128.319301,8248.257877,4.965838578,234938.5,573324.9584,1405230,64,4151,2075.5,2189.909701,3624,527,1409536,469845.3333,810069.2718,1405230,186,0,0,0,0,72,92,2.128216533,2.837622044,0,8760,1453.375,3113.952607,9696700.839,0,0,0,1,0,0,0,0,1,1661.0,8.666666667,2900.25,72,0,0,0,0,0,0,3,26,4,11601,8192,229,2,20,0.0,0.0,0,0,0.0,0.0,0,0,1
8383,38,1,1,0,6,0,0,0.0,0.0,6,6,6.0,0.0,157894.7368,52631.57895,38.0,0.0,38,38,0,0.0,0.0,0,0,0,0.0,0.0,0,0,0,0,0,0,40,20,26315.78947,26315.78947,0,6,2.0,3.464101615,12.0,0,0,0,1,0,0,0,0,1,3.0,0.0,6.0,40,0,0,0,0,0,0,1,0,1,6,29200,0,0,40,0.0,0.0,0,0,0.0,0.0,0,0,1
80,99032693,10,6,304,11595,304,0,30.4,96.13324087,5792,0,1932.5,2181.008184,120.152241,0.161562808,6602179.533,25600000.0,99000000,0,99000000,11000000.0,33000000.0,99000000,0,25476,5095.2,7082.63547,15167,46,0,0,0,0,328,200,0.100976755,0.060586053,0,5792,699.9411765,1540.193513,2372196.059,0,0,0,0,1,0,0,0,0,743.6875,30.4,1932.5,328,0,0,0,0,0,0,10,304,6,11595,251,235,1,32,1004.0,0.0,1004,1004,99000000.0,0.0,99000000,99000000,1
80,461,3,0,0,0,0,0,0.0,0.0,0,0,0.0,0.0,0.0,6507.592191,230.5,10.60660172,238,223,461,230.5,10.60660172,238,223,0,0.0,0.0,0,0,0,0,0,0,96,0,6507.592191,0.0,0,0,0.0,0.0,0.0,0,0,0,0,1,0,0,0,0,0.0,0.0,0.0,96,0,0,0,0,0,0,3,0,0,0,251,-1,0,32,0.0,0.0,0,0,0.0,0.0,0,0,1
22,1311417,41,44,2664,6954,456,0,64.97560976,109.864573,976,0,158.0454545,312.6752498,7334.05164,64.81538672,15612.10714,104635.8191,954037,0,1311417,32785.425,159088.4389,996318,3,357244,8308.0,20955.53734,101664,0,0,0,0,0,1328,1424,31.26389242,33.5514943,0,976,111.8372093,239.6868477,57449.78495,0,0,0,1,0,0,0,0,1,113.1529412,64.97560976,158.0454545,1328,0,0,0,0,0,0,41,2664,44,6954,29200,243,24,32,0.0,0.0,0,0,0.0,0.0,0,0,0
57628,4,2,0,12,0,6,6,6.0,0.0,0,0,0.0,0.0,3000000.0,500000.0,4.0,0.0,4,4,4,4.0,0.0,4,4,0,0.0,0.0,0,0,0,0,0,0,40,0,500000.0,0.0,6,6,6.0,0.0,0.0,0,0,0,0,1,0,0,0,0,9.0,6.0,0.0,40,0,0,0,0,0,0,2,12,0,0,30,-1,1,20,0.0,0.0,0,0,0.0,0.0,0,0,0
53,145,2,2,84,204,42,42,42.0,0.0,102,102,102.0,0.0,1986206.897,27586.2069,48.33333333,76.7875858,137,4,4,4.0,0.0,4,4,4,4.0,0.0,4,4,0,0,0,0,88,88,13793.10345,13793.10345,42,102,66.0,32.86335345,1080.0,0,0,0,0,0,0,0,0,1,82.5,42.0,102.0,88,0,0,0,0,0,0,2,84,2,204,-1,-1,1,44,0.0,0.0,0,0,0.0,0.0,0,0,0
80,85434026,10,5,744,11595,372,0,74.4,156.8489719,7240,0,2319.0,3331.638186,144.4272332,0.175574074,6102430.429,22700000.0,85100000,1,85300000,9481621.889,28400000.0,85100000,1,329391,82347.75,108946.8272,230011,85,0,0,0,0,328,168,0.117049383,0.058524691,0,7240,771.1875,2033.865653,4136609.496,0,0,0,0,1,0,0,0,0,822.6,74.4,2319.0,328,0,0,0,0,0,0,10,744,5,11595,274,235,2,32,987.0,0.0,987,987,85100000.0,0.0,85100000,85100000,1
80,552508,3,6,26,11607,20,0,8.666666667,10.26320288,5840,0,1934.5,2538.919278,21054.89875,16.2893569,69063.5,194895.8813,551406,1,674,337.0,475.175757,673,1,552400,110480.0,246485.2748,551406,48,0,0,0,0,72,132,5.429785632,10.85957126,0,5840,1163.3,2138.329153,4572451.567,0,0,0,1,0,0,0,0,2,1292.555556,8.666666667,1934.5,72,0,0,0,0,0,0,3,26,6,11607,8192,229,2,20,0.0,0.0,0,0,0.0,0.0,0,0,1
443,153785,1,1,6,6,6,6,6.0,0.0,6,6,6.0,0.0,78.03101733,13.00516955,153785.0,0.0,153785,153785,0,0.0,0.0,0,0,0,0.0,0.0,0,0,0,0,0,0,20,20,6.502584777,6.502584777,6,6,6.0,0.0,0.0,1,0,0,0,1,0,0,0,1,9.0,6.0,6.0,20,0,0,0,0,0,0,1,6,1,6,0,0,0,20,0.0,0.0,0,0,0.0,0.0,0,0,0
80,67176099,12,11,842,3533,421,0,70.1666666667,163.874027746,1767,0,321.1818181818,714.5844692102,65.127330481,0.3423836802,3053459.04545455,4538192.14873279,10024748,38,66158077,6014370.63636364,4910320.96683702,10047989,217,67153105,6715310.5,4592417.27631452,10048949,3992,0,0,0,0,392,360,0.1786349636,0.1637487166,0,1767,182.2916666667,502.0826607128,252086.998188406,0,0,0,1,0,0,0,0,0,190.2173913043,70.1666666667,321.1818181818,392,0,0,0,0,0,0,12,842,11,3533,29200,972,2,32,28051.7142857143,10787.4375040953,52468,23224,9423102.14285714,1584320.49202936,10024748,5830220,0
5544,36,1,1,0,6,0,0,0.0,0.0,6,6,6.0,0.0,166666.6667,55555.55556,36.0,0.0,36,36,0,0.0,0.0,0,0,0,0.0,0.0,0,0,0,0,0,0,40,20,27777.77778,27777.77778,0,6,2.0,3.464101615,12.0,0,0,0,1,0,0,0,0,1,3.0,0.0,6.0,40,0,0,0,0,0,0,1,0,1,6,29200,0,0,40,0.0,0.0,0,0,0.0,0.0,0,0,1
53,30897,4,2,184,262,46,46,46.0,0.0,131,131,131.0,0.0,14435.05842,194.193611,6179.4,13027.61894,29462,3,29469,9823.0,17007.87291,29462,3,93,93.0,0.0,93,93,0,0,0,0,104,40,129.4624074,64.73120368,46,131,70.28571429,41.4757531,1720.238095,0,0,0,0,0,0,0,0,0,82.0,46.0,131.0,104,0,0,0,0,0,0,4,184,2,262,-1,-1,3,20,0.0,0.0,0,0,0.0,0.0,0,0,0
80,98618900,9,5,395,11595,395,0,43.88888889,131.6666667,10147,0,2319.0,4420.67608,121.5791294,0.141960618,7586069.231,27400000.0,98600000,1,98600000,12300000.0,34900000.0,98600000,1,3672,918.0,1463.346621,3113,178,0,0,0,0,296,168,0.091260397,0.050700221,0,10147,799.3333333,2613.56805,6830737.952,0,0,0,0,1,0,0,0,0,856.4285714,43.88888889,2319.0,296,0,0,0,0,0,0,9,395,5,11595,251,235,1,32,8.0,0.0,8,8,98600000.0,0.0,98600000,98600000,1
2602,25,1,1,0,6,0,0,0.0,0.0,6,6,6.0,0.0,240000.0,80000.0,25.0,0.0,25,25,0,0.0,0.0,0,0,0,0.0,0.0,0,0,0,0,0,0,40,20,40000.0,40000.0,0,6,2.0,3.464101615,12.0,0,0,0,1,0,0,0,0,1,3.0,0.0,6.0,40,0,0,0,0,0,0,1,0,1,6,29200,0,0,40,0.0,0.0,0,0,0.0,0.0,0,0,1
80,3,2,0,0,0,0,0,0.0,0.0,0,0,0.0,0.0,0.0,666666.6667,3.0,0.0,3,3,3,3.0,0.0,3,3,0,0.0,0.0,0,0,0,0,0,0,64,0,666666.6667,0.0,0,0,0.0,0.0,0.0,0,0,0,0,1,0,0,0,0,0.0,0.0,0.0,64,0,0,0,0,0,0,2,0,0,0,251,-1,0,32,0.0,0.0,0,0,0.0,0.0,0,0,1
443,4,2,0,31,0,31,0,15.5,21.92031022,0,0,0.0,0.0,7750000.0,500000.0,4.0,0.0,4,4,4,4.0,0.0,4,4,0,0.0,0.0,0,0,1,0,0,0,64,0,500000.0,0.0,0,31,20.66666667,17.89785834,320.3333333,0,1,0,0,1,0,0,0,0,31.0,15.5,0.0,64,0,0,0,0,0,0,2,31,0,0,1336,-1,0,32,0.0,0.0,0,0,0.0,0.0,0,0,0
80,3895665,4,0,24,0,6,6,6.0,0.0,0,0,0.0,0.0,6.160694002,1.026782334,1298555.0,2248761.401,3895201,185,3895665,1298555.0,2248761.401,3895201,185,0,0.0,0.0,0,0,0,0,0,0,80,0,1.026782334,0.0,6,6,6.0,0.0,0.0,0,0,0,0,1,0,0,0,0,7.5,6.0,0.0,80,0,0,0,0,0,0,4,24,0,0,256,-1,3,20,0.0,0.0,0,0,0.0,0.0,0,0,1
3986,41,1,1,0,6,0,0,0.0,0.0,6,6,6.0,0.0,146341.4634,48780.4878,41.0,0.0,41,41,0,0.0,0.0,0,0,0,0.0,0.0,0,0,0,0,0,0,40,20,24390.2439,24390.2439,0,6,2.0,3.464101615,12.0,0,0,0,1,0,0,0,0,1,3.0,0.0,6.0,40,0,0,0,0,0,0,1,0,1,6,29200,0,0,40,0.0,0.0,0,0,0.0,0.0,0,0,1
54825,21,1,1,0,0,0,0,0.0,0.0,0,0,0.0,0.0,0.0,95238.09524,21.0,0.0,21,21,0,0.0,0.0,0,0,0,0.0,0.0,0,0,0,0,0,0,20,20,47619.04762,47619.04762,0,0,0.0,0.0,0.0,0,0,0,0,1,1,0,0,1,0.0,0.0,0.0,20,0,0,0,0,0,0,1,0,1,0,119,254,0,20,0.0,0.0,0,0,0.0,0.0,0,0,0
80,5693868,3,1,0,0,0,0,0.0,0.0,0,0,0.0,0.0,0.0,0.702510139,1897956.0,3264429.907,5667364,19,5693868,2846934.0,3988690.358,5667364,26504,0,0.0,0.0,0,0,0,0,0,0,104,40,0.526882604,0.175627535,0,0,0.0,0.0,0.0,0,0,0,1,0,0,0,0,0,0.0,0.0,0.0,104,0,0,0,0,0,0,3,0,1,0,29200,14480,0,32,0.0,0.0,0,0,0.0,0.0,0,0,0
53,211010,1,1,44,198,44,44,44.0,0.0,198,198,198.0,0.0,1146.865077,9.478223781,211010.0,0.0,211010,211010,0,0.0,0.0,0,0,0,0.0,0.0,0,0,0,0,0,0,32,32,4.73911189,4.73911189,44,198,95.33333333,88.91194146,7905.333333,0,0,0,0,0,0,0,0,1,143.0,44.0,198.0,32,0,0,0,0,0,0,1,44,1,198,-1,-1,0,32,0.0,0.0,0,0,0.0,0.0,0,0,0
53,210,2,2,62,164,31,31,31.0,0.0,82,82,82.0,0.0,1076190.47619048,19047.619047619,70.0,82.2374610503,161,1,48,48.0,0.0,48,48,1,1.0,0.0,1,1,0,0,0,0,40,40,9523.8095238095,9523.8095238095,31,82,51.4,27.9338504328,780.3,0,0,0,0,0,0,0,0,1,64.25,31.0,82.0,40,0,0,0,0,0,0,2,62,2,164,-1,-1,1,20,0.0,0.0,0,0,0.0,0.0,0,0,0
443,6035612,9,5,354,5066,197,0,39.33333333,72.21668782,1912,0,1013.2,834.0930404,898.0033839,2.319565936,464277.8462,1427482.932,5201584,2,6035612,754451.5,1801725.458,5201584,4,535909,133977.25,154577.7023,274971,191,0,0,0,0,296,168,1.49114953,0.828416406,0,1912,361.3333333,655.3589711,429495.381,0,0,0,1,0,0,0,0,0,387.1428571,39.33333333,1013.2,296,0,0,0,0,0,0,9,354,5,5066,29200,59,3,32,834024.0,0.0,834024,834024,5201584.0,0.0,5201584,5201584,0
80,97881088,9,4,322,11595,322,0,35.77777778,107.3333333,8688,0,2898.75,4095.56617,121.7497705,0.132814216,8156757.333,28200000.0,97900000,1,97900000,12200000.0,34600000.0,97900000,1,29767,9922.333333,10852.57225,21624,188,0,0,0,0,296,136,0.091948304,0.040865913,0,8688,851.2142857,2384.110161,5683981.258,0,0,0,0,1,0,0,0,0,916.6923077,35.77777778,2898.75,296,0,0,0,0,0,0,9,322,4,11595,251,235,1,32,977.0,0.0,977,977,97900000.0,0.0,97900000,97900000,1
3920,52,1,1,0,6,0,0,0.0,0.0,6,6,6.0,0.0,115384.6154,38461.53846,52.0,0.0,52,52,0,0.0,0.0,0,0,0,0.0,0.0,0,0,0,0,0,0,40,20,19230.76923,19230.76923,0,6,2.0,3.464101615,12.0,0,0,0,1,0,0,0,0,1,3.0,0.0,6.0,40,0,0,0,0,0,0,1,0,1,6,29200,0,0,40,0.0,0.0,0,0,0.0,0.0,0,0,1
3493,44,1,1,0,6,0,0,0.0,0.0,6,6,6.0,0.0,136363.6364,45454.54545,44.0,0.0,44,44,0,0.0,0.0,0,0,0,0.0,0.0,0,0,0,0,0,0,40,20,22727.27273,22727.27273,0,6,2.0,3.464101615,12.0,0,0,0,1,0,0,0,0,1,3.0,0.0,6.0,40,0,0,0,0,0,0,1,0,1,6,29200,0,0,40,0.0,0.0,0,0,0.0,0.0,0,0,1
80,85816530,9,8,385,11595,379,0,42.77777778,126.098947,2896,0,1449.375,1338.89474,139.6001446,0.198097033,5363533.125,21400000.0,85700000,1,85700000,10700000.0,30300000.0,85700000,1,149938,21419.71429,50533.58355,135410,2,0,0,0,0,284,264,0.1048749,0.093222133,0,2896,665.5555556,1125.226734,1266135.203,0,0,0,0,1,0,0,0,0,704.7058824,42.77777778,1449.375,284,0,0,0,0,0,0,9,385,8,11595,251,235,2,20,2003.0,0.0,2003,2003,85700000.0,0.0,85700000,85700000,1
80,10546383,8,6,522,11632,522,0,65.25,184.5548699,5840,0,1938.666667,2550.37524,1152.433019,1.327469332,811260.2308,1982712.541,5540395,4,5543017,791859.5714,2094235.834,5541140,4,10500000,2109272.6,2894011.851,5540395,15,0,0,0,0,264,200,0.758553904,0.568915428,0,5840,810.2666667,1802.719036,3249795.924,0,0,0,1,0,0,0,0,0,868.1428571,65.25,1938.666667,264,0,0,0,0,0,0,8,522,6,11632,29200,235,1,32,885.0,0.0,885,885,5540395.0,0.0,5540395,5540395,1
53,135,2,2,98,130,49,49,49.0,0.0,65,65,65.0,0.0,1688888.88888889,29629.6296296296,45.0,73.6138573911,130,2,3,3.0,0.0,3,3,2,2.0,0.0,2,2,0,0,0,0,40,40,14814.8148148148,14814.8148148148,49,65,55.4,8.7635609201,76.8,0,0,0,0,0,0,0,0,1,69.25,49.0,65.0,40,0,0,0,0,0,0,2,98,2,130,-1,-1,1,20,0.0,0.0,0,0,0.0,0.0,0,0,0
80,3,2,0,0,0,0,0,0.0,0.0,0,0,0.0,0.0,0.0,666666.6667,3.0,0.0,3,3,3,3.0,0.0,3,3,0,0.0,0.0,0,0,0,0,0,0,64,0,666666.6667,0.0,0,0,0.0,0.0,0.0,0,0,0,0,1,0,0,0,0,0.0,0.0,0.0,64,0,0,0,0,0,0,2,0,0,0,251,-1,0,32,0.0,0.0,0,0,0.0,0.0,0,0,1
80,4,2,0,0,0,0,0,0.0,0.0,0,0,0.0,0.0,0.0,500000.0,4.0,0.0,4,4,4,4.0,0.0,4,4,0,0.0,0.0,0,0,0,0,0,0,64,0,500000.0,0.0,0,0,0.0,0.0,0.0,0,0,0,0,1,0,0,0,0,0.0,0.0,0.0,64,0,0,0,0,0,0,2,0,0,0,251,-1,0,32,0.0,0.0,0,0,0.0,0.0,0,0,1
53,60328,1,1,44,131,44,44,44.0,0.0,131,131,131.0,0.0,2900.808911,33.15210184,60328.0,0.0,60328,60328,0,0.0,0.0,0,0,0,0.0,0.0,0,0,0,0,0,0,20,20,16.57605092,16.57605092,44,131,73.0,50.22947342,2523.0,0,0,0,0,0,0,0,0,1,109.5,44.0,131.0,20,0,0,0,0,0,0,1,44,1,131,-1,-1,0,20,0.0,0.0,0,0,0.0,0.0,0,0,0
53,142807,2,2,74,172,37,37,37.0,0.0,86,86,86.0,0.0,1722.604634,28.00983145,47602.33333,82446.19581,142803,0,0,0.0,0.0,0,0,4,4.0,0.0,4,4,0,0,0,0,64,64,14.00491573,14.00491573,37,86,56.6,26.83840532,720.3,0,0,0,0,0,0,0,0,1,70.75,37.0,86.0,64,0,0,0,0,0,0,2,74,2,172,-1,-1,1,32,0.0,0.0,0,0,0.0,0.0,0,0,0
2005,49,1,1,2,6,2,2,2.0,0.0,6,6,6.0,0.0,163265.3061,40816.32653,49.0,0.0,49,49,0,0.0,0.0,0,0,0,0.0,0.0,0,0,0,0,0,0,24,20,20408.16327,20408.16327,2,6,3.333333333,2.309401077,5.333333333,0,0,0,1,0,0,0,0,1,5.0,2.0,6.0,24,0,0,0,0,0,0,1,2,1,6,1024,0,0,24,0.0,0.0,0,0,0.0,0.0,0,0,1
563,60,1,1,0,6,0,0,0.0,0.0,6,6,6.0,0.0,100000.0,33333.33333,60.0,0.0,60,60,0,0.0,0.0,0,0,0,0.0,0.0,0,0,0,0,0,0,40,20,16666.66667,16666.66667,0,6,2.0,3.464101615,12.0,0,0,0,1,0,0,0,0,1,3.0,0.0,6.0,40,0,0,0,0,0,0,1,0,1,6,29200,0,0,40,0.0,0.0,0,0,0.0,0.0,0,0,1
80,4,2,0,0,0,0,0,0.0,0.0,0,0,0.0,0.0,0.0,500000.0,4.0,0.0,4,4,4,4.0,0.0,4,4,0,0.0,0.0,0,0,0,0,0,0,64,0,500000.0,0.0,0,0,0.0,0.0,0.0,0,0,0,0,1,0,0,0,0,0.0,0.0,0.0,64,0,0,0,0,0,0,2,0,0,0,251,-1,0,32,0.0,0.0,0,0,0.0,0.0,0,0,1
1092,36,1,1,2,6,2,2,2.0,0.0,6,6,6.0,0.0,222222.2222,55555.55556,36.0,0.0,36,36,0,0.0,0.0,0,0,0,0.0,0.0,0,0,0,0,0,0,24,20,27777.77778,27777.77778,2,6,3.333333333,2.309401077,5.333333333,0,0,0,1,0,0,0,0,1,5.0,2.0,6.0,24,0,0,0,0,0,0,1,2,1,6,1024,0,0,24,0.0,0.0,0,0,0.0,0.0,0,0,1
80,265112,3,6,26,11601,20,0,8.666666667,10.26320288,5840,0,1933.5,2189.772933,43856.93594,33.94791635,33139.0,80744.32933,230936,29,33169,16584.5,23297.04712,33058,111,265083,53016.6,100476.3337,230936,45,0,0,0,0,72,132,11.31597212,22.63194423,0,5840,1162.7,1911.59573,3654198.233,0,0,0,1,0,0,0,0,2,1291.888889,8.666666667,1933.5,72,0,0,0,0,0,0,3,26,6,11601,8192,229,2,20,0.0,0.0,0,0,0.0,0.0,0,0,1
80,6030,2,0,0,0,0,0,0.0,0.0,0,0,0.0,0.0,0.0,331.6749585,6030.0,0.0,6030,6030,6030,6030.0,0.0,6030,6030,0,0.0,0.0,0,0,0,0,0,0,40,0,331.6749585,0.0,0,0,0.0,0.0,0.0,0,0,0,0,1,0,0,0,0,0.0,0.0,0.0,40,0,0,0,0,0,0,2,0,0,0,16425,-1,0,20,0.0,0.0,0,0,0.0,0.0,0,0,0
443,117324,11,8,496,6473,192,0,45.09090909,75.1724079,2836,0,809.125,1007.648527,59399.61133,161.9447001,6518.0,13817.565,36899,4,117324,11732.4,17684.8889,38571,52,79739,11391.28571,18693.43548,39865,50,0,0,0,0,360,264,93.75745798,68.18724217,0,2836,348.45,725.3123084,526077.9447,0,0,0,1,0,0,0,0,0,366.7894737,45.09090909,809.125,360,0,0,0,0,0,0,11,496,8,6473,29200,340,4,32,0.0,0.0,0,0,0.0,0.0,0,0,0
80,98893722,5,7,316,11595,304,0,63.2,134.6447177,5792,0,1656.428571,2120.732252,120.4424281,0.121342384,8990338.364,29800000.0,98900000,4,98900000,24700000.0,49400000.0,98900000,4,98900000,16500000.0,40400000.0,98900000,46,0,0,0,0,144,232,0.050559327,0.070783057,0,5792,916.6923077,1716.576602,2946635.231,1,0,0,0,0,0,0,0,1,993.0833333,63.2,1656.428571,144,0,0,0,0,0,0,5,316,7,11595,0,235,2,20,11984.0,0.0,11984,11984,98900000.0,0.0,98900000,98900000,1
80,8950782,4,0,24,0,6,6,6.0,0.0,0,0,0.0,0.0,2.681329966,0.446888328,2983594.0,5166447.779,8949294,213,8950782,2983594.0,5166447.779,8949294,213,0,0.0,0.0,0,0,0,0,0,0,80,0,0.446888328,0.0,6,6,6.0,0.0,0.0,0,0,0,0,1,0,0,0,0,7.5,6.0,0.0,80,0,0,0,0,0,0,4,24,0,0,256,-1,3,20,1488.0,0.0,1488,1488,8949294.0,0.0,8949294,8949294,1
53,177,2,2,84,116,42,42,42.0,0.0,58,58,58.0,0.0,1129943.503,22598.87006,59.0,96.99484522,171,3,3,3.0,0.0,3,3,3,3.0,0.0,3,3,0,0,0,0,64,64,11299.43503,11299.43503,42,58,48.4,8.76356092,76.8,0,0,0,0,0,0,0,0,1,60.5,42.0,58.0,64,0,0,0,0,0,0,2,84,2,116,-1,-1,1,32,0.0,0.0,0,0,0.0,0.0,0,0,0
56151,91,1,1,0,0,0,0,0.0,0.0,0,0,0.0,0.0,0.0,21978.021978022,91.0,0.0,91,91,0,0.0,0.0,0,0,0,0.0,0.0,0,0,0,0,0,0,32,32,10989.010989011,10989.010989011,0,0,0.0,0.0,0.0,0,0,0,0,1,0,0,0,1,0.0,0.0,0.0,32,0,0,0,0,0,0,1,0,1,0,362,32832,0,32,0.0,0.0,0,0,0.0,0.0,0,0,0
80,62003,4,0,24,0,6,6,6.0,0.0,0,0,0.0,0.0,387.0780446,64.51300744,20667.66667,34956.43174,61028,3,62003,20667.66667,34956.43174,61028,3,0,0.0,0.0,0,0,0,0,0,0,80,0,64.51300744,0.0,6,6,6.0,0.0,0.0,0,0,0,0,1,0,0,0,0,7.5,6.0,0.0,80,0,0,0,0,0,0,4,24,0,0,256,-1,3,20,0.0,0.0,0,0,0.0,0.0,0,0,1
5922,45,1,1,2,6,2,2,2.0,0.0,6,6,6.0,0.0,177777.7778,44444.44444,45.0,0.0,45,45,0,0.0,0.0,0,0,0,0.0,0.0,0,0,0,0,0,0,24,20,22222.22222,22222.22222,2,6,3.333333333,2.309401077,5.333333333,0,0,0,1,0,0,0,0,1,5.0,2.0,6.0,24,0,0,0,0,0,0,1,2,1,6,1024,0,0,24,0.0,0.0,0,0,0.0,0.0,0,0,1
80,1017616,3,5,26,11607,20,0,8.666666667,10.26320288,8760,0,2321.4,3802.315321,11431.62057,7.861511611,145373.7143,383622.6983,1015347,2,1990,995.0,1224.708945,1861,129,1017564,254391.0,507304.822,1015347,2,0,0,0,0,72,112,2.948066854,4.913444757,0,8760,1292.555556,2952.520834,8717379.278,0,0,0,1,0,0,0,0,1,1454.125,8.666666667,2321.4,72,0,0,0,0,0,0,3,26,5,11607,8192,229,2,20,0.0,0.0,0,0,0.0,0.0,0,0,1
80,2,2,0,0,0,0,0,0.0,0.0,0,0,0.0,0.0,0.0,1000000.0,2.0,0.0,2,2,2,2.0,0.0,2,2,0,0.0,0.0,0,0,0,0,0,0,64,0,1000000.0,0.0,0,0,0.0,0.0,0.0,0,0,0,0,1,0,0,0,0,0.0,0.0,0.0,64,0,0,0,0,0,0,2,0,0,0,274,-1,0,32,0.0,0.0,0,0,0.0,0.0,0,0,1
443,115764951,20,20,1051,4019,501,0,52.55,121.9069857,1460,2,200.95,456.7383767,43.79563898,0.345527724,2968332.077,4518874.626,10000000,1,116000000,6092892.158,4897951.211,10100000,41,111000000,5855173.789,5098310.557,10100000,1,0,0,0,0,412,404,0.172763862,0.172763862,0,1460,123.6585366,334.7332229,112046.3305,0,0,0,1,0,0,0,0,1,126.75,52.55,200.95,412,0,0,0,0,0,0,20,1051,20,4019,8192,18392,19,20,114201.0909,100093.1126,415993,83903,9999270.545,13995.87387,10000000,9959667,0
80,1,2,0,0,0,0,0,0.0,0.0,0,0,0.0,0.0,0.0,2000000.0,1.0,0.0,1,1,1,1.0,0.0,1,1,0,0.0,0.0,0,0,0,0,0,0,64,0,2000000.0,0.0,0,0,0.0,0.0,0.0,0,0,0,0,1,0,0,0,0,0.0,0.0,0.0,64,0,0,0,0,0,0,2,0,0,0,251,-1,0,32,0.0,0.0,0,0,0.0,0.0,0,0,1
53,185,2,2,60,264,30,30,30.0,0.0,132,132,132.0,0.0,1751351.351,21621.62162,61.66666667,65.91914239,133,3,3,3.0,0.0,3,3,49,49.0,0.0,49,49,0,0,0,0,64,64,10810.81081,10810.81081,30,132,70.8,55.86770087,3121.2,0,0,0,0,0,0,0,0,1,88.5,30.0,132.0,64,0,0,0,0,0,0,2,60,2,264,-1,-1,1,32,0.0,0.0,0,0,0.0,0.0,0,0,0
7911,64,1,1,2,6,2,2,2.0,0.0,6,6,6.0,0.0,125000.0,31250.0,64.0,0.0,64,64,0,0.0,0.0,0,0,0,0.0,0.0,0,0,0,0,0,0,24,20,15625.0,15625.0,2,6,3.333333333,2.309401077,5.333333333,0,0,0,1,0,0,0,0,1,5.0,2.0,6.0,24,0,0,0,0,0,0,1,2,1,6,1024,0,0,24,0.0,0.0,0,0,0.0,0.0,0,0,1
53,23696,1,1,57,185,57,57,57.0,0.0,185,185,185.0,0.0,10212.69413,84.40243079,23696.0,0.0,23696,23696,0,0.0,0.0,0,0,0,0.0,0.0,0,0,0,0,0,0,20,32,42.2012154,42.2012154,57,185,99.66666667,73.90083446,5461.333333,0,0,0,0,0,0,0,0,1,149.5,57.0,185.0,20,0,0,0,0,0,0,1,57,1,185,-1,-1,0,20,0.0,0.0,0,0,0.0,0.0,0,0,0
2100,25,1,1,2,6,2,2,2.0,0.0,6,6,6.0,0.0,320000.0,80000.0,25.0,0.0,25,25,0,0.0,0.0,0,0,0,0.0,0.0,0,0,0,0,0,0,24,20,40000.0,40000.0,2,6,3.333333333,2.309401077,5.333333333,0,0,0,1,0,0,0,0,1,5.0,2.0,6.0,24,0,0,0,0,0,0,1,2,1,6,1024,0,0,24,0.0,0.0,0,0,0.0,0.0,0,0,1
443,867946,12,7,939,3026,453,0,78.25,142.1792242846,1448,0,432.2857142857,611.628077153,4568.2565505227,21.8907627894,48219.2222222222,140907.692250492,607583,3,867946,78904.1818181818,177256.151769025,607583,3,813325,135554.166666667,249909.421120867,640608,202,0,0,0,0,396,232,13.8257449196,8.0650178698,0,1448,198.25,401.4716185813,161179.460526316,0,0,0,1,0,0,0,0,0,208.6842105263,78.25,432.2857142857,396,0,0,0,0,0,0,12,939,7,3026,65535,61,6,32,0.0,0.0,0,0,0.0,0.0,0,0,0
53,90793,1,1,52,130,52,52,52.0,0.0,130,130,130.0,0.0,2004.5598228938,22.0281299219,90793.0,0.0,90793,90793,0,0.0,0.0,0,0,0,0.0,0.0,0,0,0,0,0,0,20,32,11.014064961,11.014064961,52,130,78.0,45.0333209968,2028.0,0,0,0,0,0,0,0,0,1,117.0,52.0,130.0,20,0,0,0,0,0,0,1,52,1,130,-1,-1,0,20,0.0,0.0,0,0,0.0,0.0,0,0,0
80,1261555,3,6,26,11601,20,0,8.666666667,10.26320288,5840,0,1933.5,2189.772933,9216.403565,7.134052816,157694.375,436601.8163,1238047,1,22994,11497.0,16257.79911,22993,1,1261533,252306.6,551136.7988,1238047,14,0,0,0,0,72,132,2.378017605,4.756035211,0,5840,1162.7,1911.59573,3654198.233,0,0,0,1,0,0,0,0,2,1291.888889,8.666666667,1933.5,72,0,0,0,0,0,0,3,26,6,11601,8192,229,2,20,0.0,0.0,0,0,0.0,0.0,0,0,1
80,3143420,4,0,24,0,6,6,6.0,0.0,0,0,0.0,0.0,7.634996278,1.27249938,1047806.667,1813991.89,3142424,1,3143420,1047806.667,1813991.89,3142424,1,0,0.0,0.0,0,0,0,0,0,0,80,0,1.27249938,0.0,6,6,6.0,0.0,0.0,0,0,0,0,1,0,0,0,0,7.5,6.0,0.0,80,0,0,0,0,0,0,4,24,0,0,256,-1,3,20,0.0,0.0,0,0,0.0,0.0,0,0,1
53,23874,1,1,52,68,52,52,52.0,0.0,68,68,68.0,0.0,5026.38854,83.77314233,23874.0,0.0,23874,23874,0,0.0,0.0,0,0,0,0.0,0.0,0,0,0,0,0,0,20,20,41.88657117,41.88657117,52,68,57.33333333,9.237604307,85.33333333,0,0,0,0,0,0,0,0,1,86.0,52.0,68.0,20,0,0,0,0,0,0,1,52,1,68,-1,-1,0,20,0.0,0.0,0,0,0.0,0.0,0,0,0
80,1068818,3,4,26,11601,20,0,8.666666667,10.26320288,8760,0,2900.25,4128.319301,10878.37218,6.549290899,178136.3333,428212.0237,1052139,60,15997,7998.5,10002.02542,15071,926,1068758,356252.6667,602704.9117,1052139,572,0,0,0,0,72,92,2.806838957,3.742451942,0,8760,1453.375,3113.952607,9696700.839,0,0,0,1,0,0,0,0,1,1661.0,8.666666667,2900.25,72,0,0,0,0,0,0,3,26,4,11601,8192,229,2,20,0.0,0.0,0,0,0.0,0.0,0,0,1
80,98361755,7,3,357,11595,351,0,51.0,132.3064624,11595,0,3865.0,6694.376371,121.510642,0.10166553,10900000.0,32800000.0,98400000,1,98400000,16400000.0,40200000.0,98400000,1,5478,2739.0,1953.02893,4120,1358,0,0,0,0,220,104,0.071165871,0.030499659,0,11595,1086.545455,3486.844859,12200000.0,0,0,0,0,1,0,0,0,0,1195.2,51.0,3865.0,220,0,0,0,0,0,0,7,357,3,11595,251,235,2,20,1996.0,0.0,1996,1996,98400000.0,0.0,98400000,98400000,1
53,50592,2,2,64,96,32,32,32.0,0.0,48,48,48.0,0.0,3162.555345,79.06388362,16864.0,29204.10867,50586,3,3,3.0,0.0,3,3,3,3.0,0.0,3,3,0,0,0,0,64,64,39.53194181,39.53194181,32,48,38.4,8.76356092,76.8,0,0,0,0,0,0,0,0,1,48.0,32.0,48.0,64,0,0,0,0,0,0,2,64,2,96,-1,-1,1,32,0.0,0.0,0,0,0.0,0.0,0,0,0
48932,3,2,0,0,0,0,0,0.0,0.0,0,0,0.0,0.0,0.0,666666.6667,3.0,0.0,3,3,3,3.0,0.0,3,3,0,0.0,0.0,0,0,0,0,0,0,64,0,666666.6667,0.0,0,0,0.0,0.0,0.0,0,0,0,0,1,0,0,0,0,0.0,0.0,0.0,64,0,0,0,0,0,0,2,0,0,0,370,-1,0,32,0.0,0.0,0,0,0.0,0.0,0,0,0
9503,43,1,1,2,6,2,2,2.0,0.0,6,6,6.0,0.0,186046.5116,46511.62791,43.0,0.0,43,43,0,0.0,0.0,0,0,0,0.0,0.0,0,0,0,0,0,0,24,20,23255.81395,23255.81395,2,6,3.333333333,2.309401077,5.333333333,0,0,0,1,0,0,0,0,1,5.0,2.0,6.0,24,0,0,0,0,0,0,1,2,1,6,1024,0,0,24,0.0,0.0,0,0,0.0,0.0,0,0,1
80,1878460,3,6,26,11601,20,0,8.666666667,10.26320288,4380,0,1933.5,1757.789948,6189.644709,4.791158715,234807.5,655471.7865,1856917,8,21043,10521.5,14868.33429,21035,8,1878365,375673.0,828091.0017,1856917,16,0,0,0,0,72,132,1.597052905,3.19410581,0,4380,1162.7,1645.241762,2706820.456,0,0,0,1,0,0,0,0,2,1291.888889,8.666666667,1933.5,72,0,0,0,0,0,0,3,26,6,11601,8192,229,2,20,0.0,0.0,0,0,0.0,0.0,0,0,1
80,2084057,5,0,30,0,6,6,6.0,0.0,0,0,0.0,0.0,14.39499975,2.399166625,521014.25,1040690.926,2082050,1,2084057,521014.25,1040690.926,2082050,1,0,0.0,0.0,0,0,0,0,0,0,100,0,2.399166625,0.0,6,6,6.0,0.0,0.0,0,0,0,0,1,0,0,0,0,7.2,6.0,0.0,100,0,0,0,0,0,0,5,30,0,0,256,-1,4,20,0.0,0.0,0,0,0.0,0.0,0,0,1
46860,3,2,0,31,0,31,0,15.5,21.92031022,0,0,0.0,0.0,10300000.0,666666.6667,3.0,0.0,3,3,3,3.0,0.0,3,3,0,0.0,0.0,0,0,1,0,0,0,64,0,666666.6667,0.0,0,31,20.66666667,17.89785834,320.3333333,0,1,0,0,1,0,0,0,0,31.0,15.5,0.0,64,0,0,0,0,0,0,2,31,0,0,123,-1,0,32,0.0,0.0,0,0,0.0,0.0,0,0,0
15182,47,1,1,6,6,6,6,6.0,0.0,6,6,6.0,0.0,255319.1489,42553.19149,47.0,0.0,47,47,0,0.0,0.0,0,0,0,0.0,0.0,0,0,0,0,0,0,20,20,21276.59574,21276.59574,6,6,6.0,0.0,0.0,0,0,0,0,1,1,0,0,1,9.0,6.0,6.0,20,0,0,0,0,0,0,1,6,1,6,360,255,0,20,0.0,0.0,0,0,0.0,0.0,0,0,0
80,7060841,5,0,30,0,6,6,6.0,0.0,0,0,0.0,0.0,4.248785662,0.708130944,1765210.25,3527759.198,7056849,988,7060841,1765210.25,3527759.198,7056849,988,0,0.0,0.0,0,0,0,0,0,0,100,0,0.708130944,0.0,6,6,6.0,0.0,0.0,0,0,0,0,1,0,0,0,0,7.2,6.0,0.0,100,0,0,0,0,0,0,5,30,0,0,256,-1,4,20,3992.0,0.0,3992,3992,7056849.0,0.0,7056849,7056849,1
80,1022997,5,0,30,0,6,6,6.0,0.0,0,0,0.0,0.0,29.3255992,4.887599866,255749.25,510844.7068,1022016,1,1022997,255749.25,510844.7068,1022016,1,0,0.0,0.0,0,0,0,0,0,0,100,0,4.887599866,0.0,6,6,6.0,0.0,0.0,0,0,0,0,1,0,0,0,0,7.2,6.0,0.0,100,0,0,0,0,0,0,5,30,0,0,256,-1,4,20,0.0,0.0,0,0,0.0,0.0,0,0,1
80,31431,3,5,26,11607,20,0,8.666666667,10.26320288,5840,0,2321.4,3173.373883,370112.3095,254.5257866,4490.142857,11508.18424,30584,2,686,343.0,417.1930009,638,48,31384,7846.0,15161.10952,30584,2,0,0,0,0,72,112,95.44716999,159.0786167,0,5840,1292.555556,2554.159212,6523729.278,0,0,0,1,0,0,0,0,1,1454.125,8.666666667,2321.4,72,0,0,0,0,0,0,3,26,5,11607,8192,229,2,20,0.0,0.0,0,0,0.0,0.0,0,0,1
80,214602,3,4,26,11607,20,0,8.666666667,10.26320288,11595,0,2901.75,5795.50069,54207.32332,32.61852173,35767.0,87212.41624,213788,5,752,376.0,366.2813127,635,117,214576,71525.33333,123203.6975,213788,5,0,0,0,0,72,92,13.97936646,18.63915527,0,11595,1454.125,4097.537534,16800000.0,0,0,0,1,0,0,0,0,1,1661.857143,8.666666667,2901.75,72,0,0,0,0,0,0,3,26,4,11607,8192,229,2,20,0.0,0.0,0,0,0.0,0.0,0,0,1
1079,43,1,1,2,6,2,2,2.0,0.0,6,6,6.0,0.0,186046.5116,46511.62791,43.0,0.0,43,43,0,0.0,0.0,0,0,0,0.0,0.0,0,0,0,0,0,0,24,20,23255.81395,23255.81395,2,6,3.333333333,2.309401077,5.333333333,0,0,0,1,0,0,0,0,1,5.0,2.0,6.0,24,0,0,0,0,0,0,1,2,1,6,1024,0,0,24,0.0,0.0,0,0,0.0,0.0,0,0,1
80,100080842,6,7,383,11595,365,0,63.83333333,147.5702093,7240,0,1656.428571,2698.609263,119.6832457,0.12989499,8340070.167,28800000.0,99900000,5,99900000,20000000.0,44700000.0,99900000,984,100000000,16700000.0,40800000.0,99900000,5,0,0,0,0,164,232,0.059951534,0.069943456,0,7240,856.0,2014.873655,4059715.846,1,0,0,0,0,0,0,0,1,921.8461538,63.83333333,1656.428571,164,0,0,0,0,0,0,6,383,7,11595,0,235,3,20,10013.0,0.0,10013,10013,99900000.0,0.0,99900000,99900000,1
80,83262560,11,6,730,11595,362,0,66.36363636,146.1774762,4344,0,1932.5,1754.831473,148.0257153,0.2041734,5203910.0,20700000.0,82900000,1,83100000,8312565.5,26200000.0,82900000,1,364739,72947.8,104857.1274,227865,14,0,0,0,0,348,200,0.1321122,0.0720612,0,4344,684.7222222,1320.147666,1742789.859,0,0,0,0,1,0,0,0,0,725.0,66.36363636,1932.5,348,0,0,0,0,0,0,11,730,6,11595,251,235,3,20,3009.0,0.0,3009,3009,82900000.0,0.0,82900000,82900000,1
2288,50,2,2,4,12,2,2,2.0,0.0,6,6,6.0,0.0,320000.0,80000.0,16.66666667,25.40341184,46,2,48,48.0,0.0,48,48,4,4.0,0.0,4,4,0,0,0,0,48,40,40000.0,40000.0,2,6,3.6,2.19089023,4.8,0,0,0,1,0,0,0,0,1,4.5,2.0,6.0,48,0,0,0,0,0,0,2,4,2,12,1024,0,1,24,0.0,0.0,0,0,0.0,0.0,0,0,0
666,49,1,1,0,6,0,0,0.0,0.0,6,6,6.0,0.0,122448.9796,40816.32653,49.0,0.0,49,49,0,0.0,0.0,0,0,0,0.0,0.0,0,0,0,0,0,0,40,20,20408.16327,20408.16327,0,6,2.0,3.464101615,12.0,0,0,0,1,0,0,0,0,1,3.0,0.0,6.0,40,0,0,0,0,0,0,1,0,1,6,29200,0,0,40,0.0,0.0,0,0,0.0,0.0,0,0,1
80,88935595,9,4,62,11607,20,0,6.888888889,5.30199124,11595,0,2901.75,5795.50069,131.2073079,0.146173194,7411299.583,22300000.0,77500000,5,88000000,11000000.0,27100000.0,77500000,192,915508,305169.3333,527714.2493,914521,5,0,0,0,0,192,92,0.101196827,0.044976367,0,11595,833.9285714,3097.25274,9592974.533,0,0,0,0,1,0,0,0,0,898.0769231,6.888888889,2901.75,192,0,0,0,0,0,0,9,62,4,11607,256,229,7,20,2400.0,0.0,2400,2400,44000000.0,47400000.0,77500000,10500000,1
53,74859193,2,2,95,172,52,43,47.5,6.363961031,104,68,86.0,25.45584412,3.566696211,0.053433651,25000000.0,43200000.0,74800000,23366,74800000,74800000.0,0.0,74800000,74800000,74800000,74800000.0,0.0,74800000,74800000,0,0,0,0,64,52,0.026716826,0.026716826,43,104,62.0,25.60273423,655.5,0,0,0,0,0,0,0,0,1,77.5,47.5,86.0,64,0,0,0,0,0,0,2,95,2,172,-1,-1,1,32,23366.0,0.0,23366,23366,74800000.0,0.0,74800000,74800000,0
53,30935,4,2,164,226,41,41,41.0,0.0,113,113,113.0,0.0,12607.07936,193.9550671,6187.0,9024.53298,19933,3,19984,6661.333333,11493.62251,19933,3,4,4.0,0.0,4,4,0,0,0,0,104,40,129.3033781,64.65168903,41,113,61.57142857,35.13240263,1234.285714,0,0,0,0,0,0,0,0,0,71.83333333,41.0,113.0,104,0,0,0,0,0,0,4,164,2,226,-1,-1,3,20,0.0,0.0,0,0,0.0,0.0,0,0,0
49432,1,2,0,12,0,6,6,6.0,0.0,0,0,0.0,0.0,12000000.0,2000000.0,1.0,0.0,1,1,1,1.0,0.0,1,1,0,0.0,0.0,0,0,0,0,0,0,40,0,2000000.0,0.0,6,6,6.0,0.0,0.0,1,0,0,0,0,0,0,0,0,9.0,6.0,0.0,40,0,0,0,0,0,0,2,12,0,0,0,-1,1,20,0.0,0.0,0,0,0.0,0.0,0,0,0
53,24327,2,2,74,288,37,37,37.0,0.0,144,144,144.0,0.0,14880.58536,164.4263575,8109.0,14001.9193,24277,1,1,1.0,0.0,1,1,49,49.0,0.0,49,49,0,0,0,0,64,80,82.21317877,82.21317877,37,144,79.8,58.60631365,3434.7,0,0,0,0,0,0,0,0,1,99.75,37.0,144.0,64,0,0,0,0,0,0,2,74,2,288,-1,-1,1,32,0.0,0.0,0,0,0.0,0.0,0,0,0
80,20997184,2,1,8,0,8,0,4.0,5.656854249,0,0,0.0,0.0,0.381003472,0.142876302,10500000.0,14800000.0,21000000,66,21000000,21000000.0,0.0,21000000,21000000,0,0.0,0.0,0,0,1,0,0,0,64,32,0.095250868,0.047625434,0,8,4.0,4.618802154,21.33333333,0,1,0,0,1,0,0,0,0,5.333333333,4.0,0.0,64,0,0,0,0,0,0,2,8,1,0,229,235,0,32,0.0,0.0,0,0,0.0,0.0,0,0,1
53,199,2,2,80,336,40,40,40.0,0.0,168,168,168.0,0.0,2090452.261,20100.50251,66.33333333,74.21814693,148,3,3,3.0,0.0,3,3,48,48.0,0.0,48,48,0,0,0,0,40,40,10050.25126,10050.25126,40,168,91.2,70.10848736,4915.2,0,0,0,0,0,0,0,0,1,114.0,40.0,168.0,40,0,0,0,0,0,0,2,80,2,336,-1,-1,1,20,0.0,0.0,0,0,0.0,0.0,0,0,0
3370,56,1,1,2,6,2,2,2.0,0.0,6,6,6.0,0.0,142857.1429,35714.28571,56.0,0.0,56,56,0,0.0,0.0,0,0,0,0.0,0.0,0,0,0,0,0,0,24,20,17857.14286,17857.14286,2,6,3.333333333,2.309401077,5.333333333,0,0,0,1,0,0,0,0,1,5.0,2.0,6.0,24,0,0,0,0,0,0,1,2,1,6,1024,0,0,24,0.0,0.0,0,0,0.0,0.0,0,0,1
80,102003405,8,4,56,11601,20,0,7.0,5.656854249,8760,0,2900.25,4128.319301,114.2804988,0.117643132,9273036.818,29700000.0,98700000,1,102000000,14600000.0,37100000.0,98700000,1,46151,15383.66667,16716.40683,33289,187,0,0,0,0,172,92,0.078428754,0.039214377,0,8760,897.1538462,2488.507044,6192667.308,0,0,0,0,1,0,0,0,0,971.9166667,7.0,2900.25,172,0,0,0,0,0,0,8,56,4,11601,256,229,6,20,3263917.0,0.0,3263917,3263917,98700000.0,0.0,98700000,98700000,1
59485,54,1,1,0,0,0,0,0.0,0.0,0,0,0.0,0.0,0.0,37037.03704,54.0,0.0,54,54,0,0.0,0.0,0,0,0,0.0,0.0,0,0,0,0,0,0,32,32,18518.51852,18518.51852,0,0,0.0,0.0,0.0,0,0,0,0,1,1,0,0,1,0.0,0.0,0.0,32,0,0,0,0,0,0,1,0,1,0,365,349,0,32,0.0,0.0,0,0,0.0,0.0,0,0,0
80,85812188,6,6,360,11595,360,0,60.0,146.9693846,4344,0,1932.5,1754.831473,139.3158743,0.139840275,7801108.0,25800000.0,85700000,1,85700000,17100000.0,38300000.0,85700000,1,148557,29711.4,58765.34365,134280,32,0,0,0,0,200,200,0.069920138,0.069920138,0,4344,919.6153846,1498.335273,2245008.59,0,0,0,0,1,0,0,0,1,996.25,60.0,1932.5,200,0,0,0,0,0,0,6,360,6,11595,251,235,1,32,2.0,0.0,2,2,85700000.0,0.0,85700000,85700000,1
53,60013,1,1,44,60,44,44,44.0,0.0,60,60,60.0,0.0,1732.957859,33.32611268,60013.0,0.0,60013,60013,0,0.0,0.0,0,0,0,0.0,0.0,0,0,0,0,0,0,20,32,16.66305634,16.66305634,44,60,49.33333333,9.237604307,85.33333333,0,0,0,0,0,0,0,0,1,74.0,44.0,60.0,20,0,0,0,0,0,0,1,44,1,60,-1,-1,0,20,0.0,0.0,0,0,0.0,0.0,0,0,0
443,22940556,17,13,2456,11884,901,0,144.4705882,265.7842447,2896,0,914.1538462,837.4546601,625.0938295,1.307727677,791053.6552,2379982.877,10100000,1,22900000,1433784.75,3114170.327,10100000,354,14800000,1236146.583,2945251.793,10100000,46,0,0,0,0,552,412,0.741045683,0.566681993,0,2896,462.5806452,686.3294046,471048.0516,0,0,0,1,0,0,0,0,0,478.0,144.4705882,914.1538462,552,0,0,0,0,0,0,17,2456,13,11884,29200,1040,5,32,4732975.0,0.0,4732975,4732975,10100000.0,0.0,10100000,10100000,0
443,32058,1,1,0,0,0,0,0.0,0.0,0,0,0.0,0.0,0.0,62.3869237008,32058.0,0.0,32058,32058,0,0.0,0.0,0,0,0,0.0,0.0,0,0,0,0,0,0,32,32,31.1934618504,31.1934618504,0,0,0.0,0.0,0.0,0,0,0,0,1,1,0,0,1,0.0,0.0,0.0,32,0,0,0,0,0,0,1,0,1,0,346,71,0,32,0.0,0.0,0,0,0.0,0.0,0,0,0
80,50,2,0,0,0,0,0,0.0,0.0,0,0,0.0,0.0,0.0,40000.0,50.0,0.0,50,50,50,50.0,0.0,50,50,0,0.0,0.0,0,0,0,0,0,0,64,0,40000.0,0.0,0,0,0.0,0.0,0.0,0,0,0,0,1,0,0,0,0,0.0,0.0,0.0,64,0,0,0,0,0,0,2,0,0,0,274,-1,0,32,0.0,0.0,0,0,0.0,0.0,0,0,1
53,234,2,2,64,96,32,32,32.0,0.0,48,48,48.0,0.0,683760.6838,17094.01709,78.0,131.6396597,230,1,1,1.0,0.0,1,1,3,3.0,0.0,3,3,0,0,0,0,64,64,8547.008547,8547.008547,32,48,38.4,8.76356092,76.8,0,0,0,0,0,0,0,0,1,48.0,32.0,48.0,64,0,0,0,0,0,0,2,64,2,96,-1,-1,1,32,0.0,0.0,0,0,0.0,0.0,0,0,0
62997,104,1,1,6,6,6,6,6.0,0.0,6,6,6.0,0.0,115384.615384615,19230.7692307692,104.0,0.0,104,104,0,0.0,0.0,0,0,0,0.0,0.0,0,0,0,0,0,0,20,20,9615.3846153846,9615.3846153846,6,6,6.0,0.0,0.0,0,0,0,0,1,1,0,0,1,9.0,6.0,6.0,20,0,0,0,0,0,0,1,6,1,6,119,256,0,20,0.0,0.0,0,0,0.0,0.0,0,0,0
8010,53,1,1,6,6,6,6,6.0,0.0,6,6,6.0,0.0,226415.0943,37735.84906,53.0,0.0,53,53,0,0.0,0.0,0,0,0,0.0,0.0,0,0,0,0,0,0,20,20,18867.92453,18867.92453,6,6,6.0,0.0,0.0,0,0,0,0,1,1,0,0,1,9.0,6.0,6.0,20,0,0,0,0,0,0,1,6,1,6,955,255,0,20,0.0,0.0,0,0,0.0,0.0,0,0,0
35860,229,3,1,77,0,46,0,25.66666667,23.45918441,0,0,0.0,0.0,336244.5415,17467.24891,76.33333333,75.50055187,152,1,229,114.5,160.5132393,228,1,0,0.0,0.0,0,0,1,0,0,0,96,20,13100.43668,4366.812227,0,46,24.6,23.27659769,541.8,0,1,0,0,1,0,0,0,0,30.75,25.66666667,0.0,96,0,0,0,0,0,0,3,77,1,0,118,0,1,32,0.0,0.0,0,0,0.0,0.0,0,0,0
3527,122,1,1,2,6,2,2,2.0,0.0,6,6,6.0,0.0,65573.77049,16393.44262,122.0,0.0,122,122,0,0.0,0.0,0,0,0,0.0,0.0,0,0,0,0,0,0,24,20,8196.721311,8196.721311,2,6,3.333333333,2.309401077,5.333333333,0,0,0,1,0,0,0,0,1,5.0,2.0,6.0,24,0,0,0,0,0,0,1,2,1,6,1024,0,0,24,0.0,0.0,0,0,0.0,0.0,0,0,1
53,152,2,2,46,46,23,23,23.0,0.0,23,23,23.0,0.0,605263.1579,26315.78947,50.66666667,86.02519011,150,1,1,1.0,0.0,1,1,1,1.0,0.0,1,1,0,0,0,0,64,64,13157.89474,13157.89474,23,23,23.0,0.0,0.0,0,0,0,0,0,0,0,0,1,28.75,23.0,23.0,64,0,0,0,0,0,0,2,46,2,46,-1,-1,1,32,0.0,0.0,0,0,0.0,0.0,0,0,0
443,236,3,0,0,0,0,0,0.0,0.0,0,0,0.0,0.0,0.0,12711.86441,118.0,97.5807358,187,49,236,118.0,97.5807358,187,49,0,0.0,0.0,0,0,0,0,0,0,96,0,12711.86441,0.0,0,0,0.0,0.0,0.0,0,0,0,0,1,0,0,0,0,0.0,0.0,0.0,96,0,0,0,0,0,0,3,0,0,0,65535,-1,0,32,0.0,0.0,0,0,0.0,0.0,0,0,0
80,67544676,6,7,434,11595,416,0,72.33333333,168.3872521,5792,0,1656.428571,2120.732252,178.0895359,0.192465206,5628723.0,19400000.0,67400000,1,67400000,13500000.0,30100000.0,67400000,1,67500000,11300000.0,27500000.0,67400000,9,0,0,0,0,164,232,0.088830095,0.103635111,0,5792,859.6428571,1664.53318,2770670.709,1,0,0,0,0,0,0,0,1,925.7692308,72.33333333,1656.428571,164,0,0,0,0,0,0,6,434,7,11595,0,235,3,20,8002.0,0.0,8002,8002,67400000.0,0.0,67400000,67400000,1
32769,42,1,1,0,6,0,0,0.0,0.0,6,6,6.0,0.0,142857.1429,47619.04762,42.0,0.0,42,42,0,0.0,0.0,0,0,0,0.0,0.0,0,0,0,0,0,0,40,20,23809.52381,23809.52381,0,6,2.0,3.464101615,12.0,0,0,0,1,0,0,0,0,1,3.0,0.0,6.0,40,0,0,0,0,0,0,1,0,1,6,29200,0,0,40,0.0,0.0,0,0,0.0,0.0,0,0,1
10243,62,1,1,2,6,2,2,2.0,0.0,6,6,6.0,0.0,129032.2581,32258.06452,62.0,0.0,62,62,0,0.0,0.0,0,0,0,0.0,0.0,0,0,0,0,0,0,24,20,16129.03226,16129.03226,2,6,3.333333333,2.309401077,5.333333333,0,0,0,1,0,0,0,0,1,5.0,2.0,6.0,24,0,0,0,0,0,0,1,2,1,6,1024,0,0,24,0.0,0.0,0,0,0.0,0.0,0,0,1
53,24177,1,1,49,190,49,49,49.0,0.0,190,190,190.0,0.0,9885.4282996236,82.7232493692,24177.0,0.0,24177,24177,0,0.0,0.0,0,0,0,0.0,0.0,0,0,0,0,0,0,32,32,41.3616246846,41.3616246846,49,190,96.0,81.4063879557,6627.0,0,0,0,0,0,0,0,0,1,144.0,49.0,190.0,32,0,0,0,0,0,0,1,49,1,190,-1,-1,0,32,0.0,0.0,0,0,0.0,0.0,0,0,0
2045,75,1,1,2,6,2,2,2.0,0.0,6,6,6.0,0.0,106666.6667,26666.66667,75.0,0.0,75,75,0,0.0,0.0,0,0,0,0.0,0.0,0,0,0,0,0,0,24,20,13333.33333,13333.33333,2,6,3.333333333,2.309401077,5.333333333,0,0,0,1,0,0,0,0,1,5.0,2.0,6.0,24,0,0,0,0,0,0,1,2,1,6,1024,0,0,24,0.0,0.0,0,0,0.0,0.0,0,0,1
10243,42,1,1,0,6,0,0,0.0,0.0,6,6,6.0,0.0,142857.1429,47619.04762,42.0,0.0,42,42,0,0.0,0.0,0,0,0,0.0,0.0,0,0,0,0,0,0,40,20,23809.52381,23809.52381,0,6,2.0,3.464101615,12.0,0,0,0,1,0,0,0,0,1,3.0,0.0,6.0,40,0,0,0,0,0,0,1,0,1,6,29200,0,0,40,0.0,0.0,0,0,0.0,0.0,0,0,1
1060,44,1,1,2,6,2,2,2.0,0.0,6,6,6.0,0.0,181818.1818,45454.54545,44.0,0.0,44,44,0,0.0,0.0,0,0,0,0.0,0.0,0,0,0,0,0,0,24,20,22727.27273,22727.27273,2,6,3.333333333,2.309401077,5.333333333,0,0,0,1,0,0,0,0,1,5.0,2.0,6.0,24,0,0,0,0,0,0,1,2,1,6,1024,0,0,24,0.0,0.0,0,0,0.0,0.0,0,0,1
80,1730991,3,6,26,11607,20,0,8.666666667,10.26320288,5840,0,1934.5,2538.919278,6720.427778,5.199333792,216373.875,611629.258,1730079,3,548,274.0,383.2518754,545,3,1730977,346195.4,773614.4846,1730079,48,0,0,0,0,72,132,1.733111264,3.466222528,0,5840,1163.3,2138.329153,4572451.567,0,0,0,1,0,0,0,0,2,1292.555556,8.666666667,1934.5,72,0,0,0,0,0,0,3,26,6,11607,8192,229,2,20,0.0,0.0,0,0,0.0,0.0,0,0,1
80,2009979,4,0,24,0,6,6,6.0,0.0,0,0,0.0,0.0,11.94042326,1.990070543,669993.0,1159602.058,2008986,4,2009979,669993.0,1159602.058,2008986,4,0,0.0,0.0,0,0,0,0,0,0,80,0,1.990070543,0.0,6,6,6.0,0.0,0.0,0,0,0,0,1,0,0,0,0,7.5,6.0,0.0,80,0,0,0,0,0,0,4,24,0,0,256,-1,3,20,0.0,0.0,0,0,0.0,0.0,0,0,1
80,366738,4,6,758,11595,379,0,189.5,218.815752,4344,0,1932.5,1753.015202,33683.44704,27.26742252,40748.66667,78157.42012,211982,4,230029,76676.33333,117524.7589,211982,4,366602,73320.4,105529.5373,229934,65,0,0,0,0,136,200,10.90696901,16.36045351,0,4344,1123.0,1555.233487,2418751.2,0,0,0,1,0,0,0,0,1,1235.3,189.5,1932.5,136,0,0,0,0,0,0,4,758,6,11595,29200,235,2,32,0.0,0.0,0,0,0.0,0.0,0,0,1
146,64,1,1,2,6,2,2,2.0,0.0,6,6,6.0,0.0,125000.0,31250.0,64.0,0.0,64,64,0,0.0,0.0,0,0,0,0.0,0.0,0,0,0,0,0,0,24,20,15625.0,15625.0,2,6,3.333333333,2.309401077,5.333333333,0,0,0,1,0,0,0,0,1,5.0,2.0,6.0,24,0,0,0,0,0,0,1,2,1,6,1024,0,0,24,0.0,0.0,0,0,0.0,0.0,0,0,1
2727,356296,2,0,12,0,6,6,6.0,0.0,0,0,0.0,0.0,33.67986169,5.613310281,356296.0,0.0,356296,356296,356296,356296.0,0.0,356296,356296,0,0.0,0.0,0,0,0,0,0,0,40,0,5.613310281,0.0,6,6,6.0,0.0,0.0,0,0,0,0,1,0,0,0,0,9.0,6.0,0.0,40,0,0,0,0,0,0,2,12,0,0,360,-1,1,20,0.0,0.0,0,0,0.0,0.0,0,0,0
53,30849,2,2,84,148,42,42,42.0,0.0,74,74,74.0,0.0,7520.503096,129.6638465,10283.0,17804.61628,30842,3,3,3.0,0.0,3,3,4,4.0,0.0,4,4,0,0,0,0,40,40,64.83192324,64.83192324,42,74,54.8,17.52712184,307.2,0,0,0,0,0,0,0,0,1,68.5,42.0,74.0,40,0,0,0,0,0,0,2,84,2,148,-1,-1,1,20,0.0,0.0,0,0,0.0,0.0,0,0,0
8042,52,2,2,4,12,2,2,2.0,0.0,6,6,6.0,0.0,307692.3077,76923.07692,17.33333333,27.42869544,49,1,2,2.0,0.0,2,2,49,49.0,0.0,49,49,0,0,0,0,48,40,38461.53846,38461.53846,2,6,3.6,2.19089023,4.8,0,0,0,1,0,0,0,0,1,4.5,2.0,6.0,48,0,0,0,0,0,0,2,4,2,12,1024,0,1,24,0.0,0.0,0,0,0.0,0.0,0,0,0
80,99673731,5,7,315,11595,303,0,63.0,134.1976155,5792,0,1656.428571,2119.480114,119.4898584,0.120392804,9061248.273,30000000.0,99500000,4,99500000,24900000.0,49800000.0,99500000,4,99700000,16600000.0,40600000.0,99500000,50,0,0,0,0,144,232,0.050163668,0.070229136,0,5792,916.6153846,1715.832963,2944082.756,1,0,0,0,0,0,0,0,1,993.0,63.0,1656.428571,144,0,0,0,0,0,0,5,315,7,11595,0,235,2,20,12976.0,0.0,12976,12976,99500000.0,0.0,99500000,99500000,1
80,676107,3,6,26,11607,20,0,8.666666667,10.26320288,5840,0,1934.5,2538.919278,17205.85647,13.31150247,84513.375,238531.3009,674848,47,865,432.5,412.2432534,724,141,676058,135211.6,301666.1305,674848,47,0,0,0,0,72,132,4.43716749,8.87433498,0,5840,1163.3,2138.329153,4572451.567,0,0,0,1,0,0,0,0,2,1292.555556,8.666666667,1934.5,72,0,0,0,0,0,0,3,26,6,11607,8192,229,2,20,0.0,0.0,0,0,0.0,0.0,0,0,1
80,118633388,12,7,1820,11595,364,0,151.6666667,187.4340288,4344,0,1656.428571,1757.579003,113.0794646,0.160157274,6590743.778,27500000.0,117000000,0,119000000,10800000.0,35200000.0,117000000,0,1707615,284602.5,696712.5454,1706761,16,0,0,0,0,392,232,0.101151962,0.059005311,0,4344,670.75,1244.041837,1547640.092,0,0,0,0,1,0,0,0,0,706.0526316,151.6666667,1656.428571,392,0,0,0,0,0,0,12,1820,7,11595,274,235,5,32,1008.0,0.0,1008,1008,117000000.0,0.0,117000000,117000000,1
52136,4,2,0,37,0,31,6,18.5,17.67766953,0,0,0.0,0.0,9250000.0,500000.0,4.0,0.0,4,4,4,4.0,0.0,4,4,0,0.0,0.0,0,0,1,0,0,0,40,0,500000.0,0.0,6,31,22.66666667,14.43375673,208.3333333,0,1,0,0,1,0,0,0,0,34.0,18.5,0.0,40,0,0,0,0,0,0,2,37,0,0,946,-1,1,20,0.0,0.0,0,0,0.0,0.0,0,0,0
2099,43,1,1,2,6,2,2,2.0,0.0,6,6,6.0,0.0,186046.5116,46511.62791,43.0,0.0,43,43,0,0.0,0.0,0,0,0,0.0,0.0,0,0,0,0,0,0,24,20,23255.81395,23255.81395,2,6,3.333333333,2.309401077,5.333333333,0,0,0,1,0,0,0,0,1,5.0,2.0,6.0,24,0,0,0,0,0,0,1,2,1,6,1024,0,0,24,0.0,0.0,0,0,0.0,0.0,0,0,1
443,2000015,7,6,1596,1086,1028,0,228.0,400.5799962,949,0,181.0,380.2115201,1340.989943,6.49995125,166667.9167,564790.1701,1959822,16,40193,6698.833333,15445.58867,38220,154,1999697,399939.4,892146.365,1995859,431,0,0,0,0,232,200,3.49997375,2.9999775,0,1028,191.5714286,365.0341848,133249.956,0,0,0,1,0,0,0,0,0,206.3076923,228.0,181.0,232,0,0,0,0,0,0,7,1596,6,1086,29200,8,3,32,0.0,0.0,0,0,0.0,0.0,0,0,0
53,142,2,2,88,120,44,44,44.0,0.0,60,60,60.0,0.0,1464788.73239437,28169.014084507,47.3333333333,76.7875858022,136,3,3,3.0,0.0,3,3,3,3.0,0.0,3,3,0,0,0,0,40,40,14084.5070422535,14084.5070422535,44,60,50.4,8.7635609201,76.8,0,0,0,0,0,0,0,0,1,63.0,44.0,60.0,40,0,0,0,0,0,0,2,88,2,120,-1,-1,1,20,0.0,0.0,0,0,0.0,0.0,0,0,0
80,1006,4,0,6,0,6,0,1.5,3.0,0,0,0.0,0.0,5964.214712,3976.143141,335.3333333,577.3511352,1002,1,1006,335.3333333,577.3511352,1002,1,0,0.0,0.0,0,0,0,0,0,0,116,0,3976.143141,0.0,0,6,1.2,2.683281573,7.2,0,0,0,0,1,0,0,0,0,1.5,1.5,0.0,116,0,0,0,0,0,0,4,6,0,0,251,-1,1,20,0.0,0.0,0,0,0.0,0.0,0,0,1
9575,26,1,1,0,6,0,0,0.0,0.0,6,6,6.0,0.0,230769.2308,76923.07692,26.0,0.0,26,26,0,0.0,0.0,0,0,0,0.0,0.0,0,0,0,0,0,0,40,20,38461.53846,38461.53846,0,6,2.0,3.464101615,12.0,0,0,0,1,0,0,0,0,1,3.0,0.0,6.0,40,0,0,0,0,0,0,1,0,1,6,29200,0,0,40,0.0,0.0,0,0,0.0,0.0,0,0,1
59014,22327,2,1,280,6,274,6,140.0,189.5046174,6,6,6.0,0.0,12809.60272,134.3664621,11163.5,15677.26445,22249,78,22327,22327.0,0.0,22327,22327,0,0.0,0.0,0,0,1,0,0,0,40,20,89.57764142,44.78882071,6,274,140.0,154.7298721,23941.33333,0,1,0,0,1,0,0,0,0,186.6666667,140.0,6.0,40,0,0,0,0,0,0,2,280,1,6,60,0,1,20,0.0,0.0,0,0,0.0,0.0,0,0,0
80,1709262,3,5,26,11607,20,0,8.666666667,10.26320288,5840,0,2321.4,3173.373883,6805.861243,4.680382528,244180.2857,645512.0831,1708064,4,898,449.0,489.3178926,795,103,1709166,427291.5,853848.4323,1708064,4,0,0,0,0,72,112,1.755143448,2.92523908,0,5840,1292.555556,2554.159212,6523729.278,0,0,0,1,0,0,0,0,1,1454.125,8.666666667,2321.4,72,0,0,0,0,0,0,3,26,5,11607,8192,229,2,20,0.0,0.0,0,0,0.0,0.0,0,0,1
53,185,2,2,76,180,38,38,38.0,0.0,90,90,90.0,0.0,1383783.78378378,21621.6216216216,61.6666666667,101.6136473774,179,3,3,3.0,0.0,3,3,3,3.0,0.0,3,3,0,0,0,0,40,40,10810.8108108108,10810.8108108108,38,90,58.8,28.4815729903,811.2,0,0,0,0,0,0,0,0,1,73.5,38.0,90.0,40,0,0,0,0,0,0,2,76,2,180,-1,-1,1,20,0.0,0.0,0,0,0.0,0.0,0,0,0
749,16,1,1,2,6,2,2,2.0,0.0,6,6,6.0,0.0,500000.0,125000.0,16.0,0.0,16,16,0,0.0,0.0,0,0,0,0.0,0.0,0,0,0,0,0,0,24,20,62500.0,62500.0,2,6,3.333333333,2.309401077,5.333333333,0,0,0,1,0,0,0,0,1,5.0,2.0,6.0,24,0,0,0,0,0,0,1,2,1,6,1024,0,0,24,0.0,0.0,0,0,0.0,0.0,0,0,1
53,167,2,2,60,264,30,30,30.0,0.0,132,132,132.0,0.0,1940119.76,23952.09581,55.66666667,89.48929172,159,4,4,4.0,0.0,4,4,4,4.0,0.0,4,4,0,0,0,0,64,64,11976.0479,11976.0479,30,132,70.8,55.86770087,3121.2,0,0,0,0,0,0,0,0,1,88.5,30.0,132.0,64,0,0,0,0,0,0,2,60,2,264,-1,-1,1,32,0.0,0.0,0,0,0.0,0.0,0,0,0
443,1,2,0,12,0,6,6,6.0,0.0,0,0,0.0,0.0,12000000.0,2000000.0,1.0,0.0,1,1,1,1.0,0.0,1,1,0,0.0,0.0,0,0,0,0,0,0,40,0,2000000.0,0.0,6,6,6.0,0.0,0.0,1,0,0,0,0,0,0,0,0,9.0,6.0,0.0,40,0,0,0,0,0,0,2,12,0,0,0,-1,1,20,0.0,0.0,0,0,0.0,0.0,0,0,0
43736,88,1,1,0,0,0,0,0.0,0.0,0,0,0.0,0.0,0.0,22727.27273,88.0,0.0,88,88,0,0.0,0.0,0,0,0,0.0,0.0,0,0,0,0,0,0,32,32,11363.63636,11363.63636,0,0,0.0,0.0,0.0,0,0,0,0,1,1,0,0,1,0.0,0.0,0.0,32,0,0,0,0,0,0,1,0,1,0,114,229,0,32,0.0,0.0,0,0,0.0,0.0,0,0,0
84,51,2,2,4,12,2,2,2.0,0.0,6,6,6.0,0.0,313725.4902,78431.37255,17.0,27.71281292,49,1,49,49.0,0.0,49,49,1,1.0,0.0,1,1,0,0,0,0,48,40,39215.68627,39215.68627,2,6,3.6,2.19089023,4.8,0,0,0,1,0,0,0,0,1,4.5,2.0,6.0,48,0,0,0,0,0,0,2,4,2,12,1024,0,1,24,0.0,0.0,0,0,0.0,0.0,0,0,0
53,90589,4,2,120,162,30,30,30.0,0.0,81,81,81.0,0.0,3112.960735,66.23320712,18117.8,26232.23694,57420,1,33121,11040.33333,19118.95419,33117,1,48,48.0,0.0,48,48,0,0,0,0,104,64,44.15547141,22.07773571,30,81,44.57142857,24.88545186,619.2857143,0,0,0,0,0,0,0,0,0,52.0,30.0,81.0,104,0,0,0,0,0,0,4,120,2,162,-1,-1,3,20,0.0,0.0,0,0,0.0,0.0,0,0,0
80,5170894,5,0,30,0,6,6,6.0,0.0,0,0,0.0,0.0,5.801704696,0.966950783,1292723.5,2584095.711,5168867,2,5170894,1292723.5,2584095.711,5168867,2,0,0.0,0.0,0,0,0,0,0,0,100,0,0.966950783,0.0,6,6,6.0,0.0,0.0,0,0,0,0,1,0,0,0,0,7.2,6.0,0.0,100,0,0,0,0,0,0,5,30,0,0,256,-1,4,20,2027.0,0.0,2027,2027,5168867.0,0.0,5168867,5168867,1
80,45762,3,0,0,0,0,0,0.0,0.0,0,0,0.0,0.0,0.0,65.55657532,22881.0,25584.53756,40972,4790,45762,22881.0,25584.53756,40972,4790,0,0.0,0.0,0,0,0,0,0,0,96,0,65.55657532,0.0,0,0,0.0,0.0,0.0,0,0,0,0,1,0,0,0,0,0.0,0.0,0.0,96,0,0,0,0,0,0,3,0,0,0,31020,-1,0,32,0.0,0.0,0,0,0.0,0.0,0,0,0
80,60738557,9,9,2019,1020,2014,0,224.3333333,671.1251746,1020,0,113.3333333,340.0,50.03411589,0.296352118,3572856.294,4796714.868,10000000,79,51100000,6392443.625,5135860.028,10200000,377,60600000,7568940.0,4621281.227,10200000,1473,0,0,0,0,192,252,0.148176059,0.148176059,0,2014,159.9473684,506.1028084,256140.0526,0,0,0,1,0,0,0,0,1,168.8333333,224.3333333,113.3333333,192,0,0,0,0,0,0,9,2019,9,1020,8192,130,6,20,265632.2,176288.1577,580986,186719,9962277.6,91524.92999,10000000,9798560,0
53,59545,2,2,94,194,47,47,47.0,0.0,97,97,97.0,0.0,4836.678143,67.17608531,19848.33333,34373.12563,59539,3,3,3.0,0.0,3,3,3,3.0,0.0,3,3,0,0,0,0,64,64,33.58804266,33.58804266,47,97,67.0,27.38612788,750.0,0,0,0,0,0,0,0,0,1,83.75,47.0,97.0,64,0,0,0,0,0,0,2,94,2,194,-1,-1,1,32,0.0,0.0,0,0,0.0,0.0,0,0,0
53,95323,1,1,47,192,47,47,47.0,0.0,192,192,192.0,0.0,2507.2647734545,20.9812951754,95323.0,0.0,95323,95323,0,0.0,0.0,0,0,0,0.0,0.0,0,0,0,0,0,0,32,20,10.4906475877,10.4906475877,47,192,95.3333333333,83.7157890325,7008.3333333333,0,0,0,0,0,0,0,0,1,143.0,47.0,192.0,32,0,0,0,0,0,0,1,47,1,192,-1,-1,0,32,0.0,0.0,0,0,0.0,0.0,0,0,0
80,4837893,4,0,24,0,6,6,6.0,0.0,0,0,0.0,0.0,4.96083729,0.826806215,1612631.0,2792307.566,4836910,3,4837893,1612631.0,2792307.566,4836910,3,0,0.0,0.0,0,0,0,0,0,0,80,0,0.826806215,0.0,6,6,6.0,0.0,0.0,0,0,0,0,1,0,0,0,0,7.5,6.0,0.0,80,0,0,0,0,0,0,4,24,0,0,256,-1,3,20,0.0,0.0,0,0,0.0,0.0,0,0,1
53,161,2,2,76,108,38,38,38.0,0.0,54,54,54.0,0.0,1142857.14285714,24844.7204968944,53.6666666667,52.1568148312,108,4,4,4.0,0.0,4,4,49,49.0,0.0,49,49,0,0,0,0,40,40,12422.3602484472,12422.3602484472,38,54,44.4,8.7635609201,76.8,0,0,0,0,0,0,0,0,1,55.5,38.0,54.0,40,0,0,0,0,0,0,2,76,2,108,-1,-1,1,20,0.0,0.0,0,0,0.0,0.0,0,0,0
50167,3,2,0,12,0,6,6,6.0,0.0,0,0,0.0,0.0,4000000.0,666666.6667,3.0,0.0,3,3,3,3.0,0.0,3,3,0,0.0,0.0,0,0,0,0,0,0,40,0,666666.6667,0.0,6,6,6.0,0.0,0.0,0,0,0,0,1,0,0,0,0,9.0,6.0,0.0,40,0,0,0,0,0,0,2,12,0,0,127,-1,1,20,0.0,0.0,0,0,0.0,0.0,0,0,0
8080,97575,4,3,207,134,195,0,51.75,95.54187564,128,0,44.66666667,72.23111056,3494.74763,71.73968742,16262.5,38806.27867,95472,22,97575,32525.0,55835.02823,96997,22,96062,48031.0,67091.70561,95472,590,0,0,0,0,92,72,40.9941071,30.74558032,0,195,42.625,75.57576615,5711.696429,0,0,0,1,0,0,0,0,0,48.71428571,51.75,44.66666667,92,0,0,0,0,0,0,4,207,3,134,8192,237,3,20,0.0,0.0,0,0,0.0,0.0,0,0,1
80,419457,3,4,657,421,657,0,219.0,379.3191269,421,0,105.25,210.5,2569.989296,16.68824218,69909.5,107629.4763,209000,3,209189,104594.5,147701.1716,209035,154,210457,70152.33333,120163.2321,208902,3,0,0,0,0,104,136,7.152103791,9.536138388,0,657,134.75,257.3573114,66232.78571,0,0,0,1,0,0,0,0,1,154.0,219.0,105.25,104,0,0,0,0,0,0,3,657,4,421,29200,5037,1,32,0.0,0.0,0,0,0.0,0.0,0,0,0
80,6133883,5,0,30,0,6,6,6.0,0.0,0,0,0.0,0.0,4.890866031,0.815144338,1533470.75,3064732.501,6130569,2,6133883,1533470.75,3064732.501,6130569,2,0,0.0,0.0,0,0,0,0,0,0,100,0,0.815144338,0.0,6,6,6.0,0.0,0.0,0,0,0,0,1,0,0,0,0,7.2,6.0,0.0,100,0,0,0,0,0,0,5,30,0,0,256,-1,4,20,3314.0,0.0,3314,3314,6130569.0,0.0,6130569,6130569,1
53,48344,1,1,50,110,50,50,50.0,0.0,110,110,110.0,0.0,3309.61443,41.37018037,48344.0,0.0,48344,48344,0,0.0,0.0,0,0,0,0.0,0.0,0,0,0,0,0,0,20,32,20.68509019,20.68509019,50,110,70.0,34.64101615,1200.0,0,0,0,0,0,0,0,0,1,105.0,50.0,110.0,20,0,0,0,0,0,0,1,50,1,110,-1,-1,0,20,0.0,0.0,0,0,0.0,0.0,0,0,0
80,99060000,7,8,317,11595,299,0,45.28571429,111.9176994,5792,0,1449.375,2046.673464,120.2503533,0.15142338,7075714.286,26100000.0,97900000,3,98900000,16500000.0,39900000.0,97900000,3,99100000,14200000.0,37400000.0,98900000,45,0,0,0,0,204,264,0.070664244,0.080759136,0,5792,744.875,1577.756503,2489315.583,1,0,0,0,0,0,0,0,1,794.5333333,45.28571429,1449.375,204,0,0,0,0,0,0,7,317,8,11595,0,235,3,20,16048.0,0.0,16048,16048,97900000.0,0.0,97900000,97900000,1
80,98362477,6,6,382,11595,382,0,63.66666667,155.950847,5792,0,1932.5,2537.820147,121.7639121,0.121997741,8942043.364,29700000.0,98400000,1,98400000,19700000.0,44000000.0,98400000,1,1122,224.4,370.0936368,880,1,0,0,0,0,200,200,0.060998871,0.060998871,0,5792,921.3076923,1908.782657,3643451.231,0,0,0,0,1,0,0,0,1,998.0833333,63.66666667,1932.5,200,0,0,0,0,0,0,6,382,6,11595,251,235,1,32,2.0,0.0,2,2,98400000.0,0.0,98400000,98400000,1
9101,32,1,1,6,6,6,6,6.0,0.0,6,6,6.0,0.0,375000.0,62500.0,32.0,0.0,32,32,0,0.0,0.0,0,0,0,0.0,0.0,0,0,0,0,0,0,20,20,31250.0,31250.0,6,6,6.0,0.0,0.0,0,0,0,0,1,1,0,0,1,9.0,6.0,6.0,20,0,0,0,0,0,0,1,6,1,6,51100,64209,0,20,0.0,0.0,0,0,0.0,0.0,0,0,0
53,47946,4,2,172,194,43,43,43.0,0.0,97,97,97.0,0.0,7633.5877862596,125.1407833813,9589.2,13920.1757424251,30525,4,30533,10177.6666666667,17621.3075659366,30525,4,4,4.0,0.0,4,4,0,0,0,0,104,88,83.4271889209,41.7135944604,43,97,58.4285714286,26.3493019696,694.2857142857,0,0,0,0,0,0,0,0,0,68.1666666667,43.0,97.0,104,0,0,0,0,0,0,4,172,2,194,-1,-1,3,20,0.0,0.0,0,0,0.0,0.0,0,0,0
36168,757,1,1,0,0,0,0,0.0,0.0,0,0,0.0,0.0,0.0,2642.007926,757.0,0.0,757,757,0,0.0,0.0,0,0,0,0.0,0.0,0,0,0,0,0,0,32,32,1321.003963,1321.003963,0,0,0.0,0.0,0.0,0,0,0,0,1,1,0,0,1,0.0,0.0,0.0,32,0,0,0,0,0,0,1,0,1,0,227,229,0,32,0.0,0.0,0,0,0.0,0.0,0,0,0
443,5509977,8,6,350,2771,193,0,43.75,74.42493822,1460,0,461.8333333,602.353523,566.4270468,2.540845452,423844.3846,1287976.367,4700256,3,5509977,787139.5714,1731809.866,4700256,3,403674,80734.8,100387.4901,190655,4,0,0,0,0,172,124,1.451911687,1.088933765,0,1460,208.0666667,422.458699,178471.3524,0,0,0,1,0,0,0,0,0,222.9285714,43.75,461.8333333,172,0,0,0,0,0,0,8,350,6,2771,8192,35176,3,20,0.0,0.0,0,0,0.0,0.0,0,0,0
53,91018,1,1,43,164,43,43,43.0,0.0,164,164,164.0,0.0,2274.2754180492,21.9736755367,91018.0,0.0,91018,91018,0,0.0,0.0,0,0,0,0.0,0.0,0,0,0,0,0,0,32,32,10.9868377684,10.9868377684,43,164,83.3333333333,69.8593825719,4880.3333333333,0,0,0,0,0,0,0,0,1,125.0,43.0,164.0,32,0,0,0,0,0,0,1,43,1,164,-1,-1,0,32,0.0,0.0,0,0,0.0,0.0,0,0,0
443,5013906,7,4,1679,152,1080,0,239.8571429,415.2370522,152,0,38.0,76.0,365.1843493,2.19389833,501390.6,1540508.143,4885387,3,5013906,835651.0,2014928.231,4948545,3,87597,29199.0,31973.65059,63557,317,0,0,0,0,152,92,1.396117119,0.797781211,0,1080,152.5833333,327.660428,107361.3561,0,0,0,1,0,0,0,0,0,166.4545455,239.8571429,38.0,152,0,0,0,0,0,0,7,1679,4,152,8192,946,4,20,0.0,0.0,0,0,0.0,0.0,0,0,0
135,29904908,11,6,686,560,168,0,62.36363636,80.65143858,172,0,93.33333333,77.75517132,41.66540155,0.56846856,1869056.75,7422442.391,29700000,1,29900000,2990490.8,9385884.467,29700000,1,520,104.0,97.61915796,212,4,0,0,0,0,244,144,0.367832598,0.200635962,0,172,69.22222222,78.24287643,6121.947712,0,0,0,1,0,0,0,0,0,73.29411765,62.36363636,93.33333333,244,0,0,0,0,0,0,11,686,6,560,8192,2052,9,20,0.0,0.0,0,0,0.0,0.0,0,0,0
53,24613,2,2,66,500,33,33,33.0,0.0,250,250,250.0,0.0,22995.97774,162.5157437,8204.333333,14206.85811,24609,1,3,3.0,0.0,3,3,1,1.0,0.0,1,1,0,0,0,0,40,40,81.25787186,81.25787186,33,250,119.8,118.855795,14126.7,0,0,0,0,0,0,0,0,1,149.75,33.0,250.0,40,0,0,0,0,0,0,2,66,2,500,-1,-1,1,20,0.0,0.0,0,0,0.0,0.0,0,0,0
80,4006258,2,0,0,0,0,0,0.0,0.0,0,0,0.0,0.0,0.0,0.4992189719,4006258.0,0.0,4006258,4006258,4006258,4006258.0,0.0,4006258,4006258,0,0.0,0.0,0,0,0,0,0,0,64,0,0.4992189719,0.0,0,0,0.0,0.0,0.0,0,0,0,0,1,1,0,0,0,0.0,0.0,0.0,64,0,0,0,0,0,0,2,0,0,0,33304,-1,0,32,0.0,0.0,0,0,0.0,0.0,0,0,0
2222,44,1,1,2,6,2,2,2.0,0.0,6,6,6.0,0.0,181818.1818,45454.54545,44.0,0.0,44,44,0,0.0,0.0,0,0,0,0.0,0.0,0,0,0,0,0,0,24,20,22727.27273,22727.27273,2,6,3.333333333,2.309401077,5.333333333,0,0,0,1,0,0,0,0,1,5.0,2.0,6.0,24,0,0,0,0,0,0,1,2,1,6,1024,0,0,24,0.0,0.0,0,0,0.0,0.0,0,0,1
53,190,2,2,64,334,32,32,32.0,0.0,167,167,167.0,0.0,2094736.842,21052.63158,63.33333333,103.6355795,183,3,3,3.0,0.0,3,3,4,4.0,0.0,4,4,0,0,0,0,80,80,10526.31579,10526.31579,32,167,86.0,73.94254526,5467.5,0,0,0,0,0,0,0,0,1,107.5,32.0,167.0,80,0,0,0,0,0,0,2,64,2,334,-1,-1,1,40,0.0,0.0,0,0,0.0,0.0,0,0,0
80,81722709,9,4,62,11601,20,0,6.888888889,5.30199124,8675,0,2900.25,4088.041942,142.7143097,0.159074511,6810225.75,20900000.0,72800000,1,81700000,10200000.0,25500000.0,72800000,1,45951,15317.0,14785.98448,29725,180,0,0,0,0,192,92,0.110128508,0.048946003,0,8675,833.5,2386.768615,5696664.423,0,0,0,0,1,0,0,0,0,897.6153846,6.888888889,2900.25,192,0,0,0,0,0,0,9,62,4,11601,256,229,7,20,1018.0,0.0,1018,1018,40800000.0,45200000.0,72800000,8858751,1
80,11708666,8,5,336,11632,336,0,42.0,118.7939392,7288,0,2326.4,3351.290617,1022.148894,1.110288738,975722.1667,2306643.802,6703103,40,6706719,958102.7143,2534122.342,6704952,198,11700000,2927156.5,3449842.54,6703103,126,0,0,0,0,264,168,0.683254608,0.42703413,0,7288,854.8571429,2181.517568,4759018.901,0,0,0,1,0,0,0,0,0,920.6153846,42.0,2326.4,264,0,0,0,0,0,0,8,336,5,11632,29200,235,1,32,876.0,0.0,876,876,6703103.0,0.0,6703103,6703103,1
53,57778,2,2,80,176,40,40,40.0,0.0,88,88,88.0,0.0,4430.752189,69.23050296,19259.33333,33313.98416,57727,3,3,3.0,0.0,3,3,48,48.0,0.0,48,48,0,0,0,0,80,64,34.61525148,34.61525148,40,88,59.2,26.29068276,691.2,0,0,0,0,0,0,0,0,1,74.0,40.0,88.0,80,0,0,0,0,0,0,2,80,2,176,-1,-1,1,40,0.0,0.0,0,0,0.0,0.0,0,0,0
443,378589,19,14,892,14084,421,0,46.9473684211,111.18826561,1418,0,1006.0,651.0750872448,39557.409222138,87.1657655135,11830.90625,24401.743249942,113566,1,378589,21032.7222222222,29855.326374339,113763,1,340988,26229.8461538462,35718.6632048433,113643,47,0,0,0,0,644,456,50.1863498411,36.9794156724,0,1418,440.4705882353,635.9699933504,404457.832442068,0,0,0,1,0,0,0,0,0,453.8181818182,46.9473684211,1006.0,644,0,0,0,0,0,0,19,892,14,14084,65535,349,6,32,0.0,0.0,0,0,0.0,0.0,0,0,0
53600,20,1,1,6,6,6,6,6.0,0.0,6,6,6.0,0.0,600000.0,100000.0,20.0,0.0,20,20,0,0.0,0.0,0,0,0,0.0,0.0,0,0,0,0,0,0,20,20,50000.0,50000.0,6,6,6.0,0.0,0.0,0,0,0,0,1,1,0,0,1,9.0,6.0,6.0,20,0,0,0,0,0,0,1,6,1,6,335,16560,0,20,0.0,0.0,0,0,0.0,0.0,0,0,0
80,3,2,0,0,0,0,0,0.0,0.0,0,0,0.0,0.0,0.0,666666.6667,3.0,0.0,3,3,3,3.0,0.0,3,3,0,0.0,0.0,0,0,0,0,0,0,64,0,666666.6667,0.0,0,0,0.0,0.0,0.0,0,0,0,0,1,0,0,0,0,0.0,0.0,0.0,64,0,0,0,0,0,0,2,0,0,0,274,-1,0,32,0.0,0.0,0,0,0.0,0.0,0,0,1
53,223,2,2,72,218,36,36,36.0,0.0,109,109,109.0,0.0,1300448.43,17937.21973,74.33333333,88.34213793,172,0,0,0.0,0.0,0,0,51,51.0,0.0,51,51,0,0,0,0,40,80,8968.609865,8968.609865,36,109,65.2,39.9837467,1598.7,0,0,0,0,0,0,0,0,1,81.5,36.0,109.0,40,0,0,0,0,0,0,2,72,2,218,-1,-1,1,20,0.0,0.0,0,0,0.0,0.0,0,0,0
60325,80190693,6,9,12982,56,10135,0,2163.666667,3966.151821,20,0,6.222222222,5.783117191,162.5874464,0.187054126,5727906.643,19600000.0,73600000,1,80200000,16000000.0,35400000.0,79400000,9,79400000,9924757.25,25800000.0,73600000,1,1,0,0,0,132,204,0.07482165,0.112232476,0,10135,900.8125,2525.184514,6376556.829,0,1,0,0,1,1,0,0,1,960.8666667,2163.666667,6.222222222,132,0,0,0,0,0,0,6,12982,9,56,229,256,4,20,18442.0,0.0,18442,18442,39700000.0,47900000.0,73600000,5816957,0
53,48454,2,2,68,202,34,34,34.0,0.0,101,101,101.0,0.0,5572.295373,82.55252404,16151.33333,27970.59986,48449,1,1,1.0,0.0,1,1,4,4.0,0.0,4,4,0,0,0,0,64,64,41.27626202,41.27626202,34,101,60.8,36.69741135,1346.7,0,0,0,0,0,0,0,0,1,76.0,34.0,101.0,64,0,0,0,0,0,0,2,68,2,202,-1,-1,1,32,0.0,0.0,0,0,0.0,0.0,0,0,0
53,171,2,2,68,132,34,34,34.0,0.0,66,66,66.0,0.0,1169590.64327485,23391.8128654971,57.0,92.6660671443,164,3,3,3.0,0.0,3,3,4,4.0,0.0,4,4,0,0,0,0,64,64,11695.9064327485,11695.9064327485,34,66,46.8,17.5271218402,307.2,0,0,0,0,0,0,0,0,1,58.5,34.0,66.0,64,0,0,0,0,0,0,2,68,2,132,-1,-1,1,32,0.0,0.0,0,0,0.0,0.0,0,0,0
53240,15,1,1,0,0,0,0,0.0,0.0,0,0,0.0,0.0,0.0,133333.3333,15.0,0.0,15,15,0,0.0,0.0,0,0,0,0.0,0.0,0,0,0,0,0,0,20,20,66666.66667,66666.66667,0,0,0.0,0.0,0.0,0,0,0,0,1,1,0,0,1,0.0,0.0,0.0,20,0,0,0,0,0,0,1,0,1,0,29,256,0,20,0.0,0.0,0,0,0.0,0.0,0,0,0
40209,306,3,0,31,0,31,0,10.3333333333,17.8978583449,0,0,0.0,0.0,101307.189542484,9803.9215686275,153.0,169.7056274848,273,33,306,153.0,169.7056274848,273,33,0,0.0,0.0,0,0,0,0,0,0,96,0,9803.9215686275,0.0,0,31,7.75,15.5,240.25,0,0,0,0,1,0,0,0,0,10.3333333333,10.3333333333,0.0,96,0,0,0,0,0,0,3,31,0,0,59,-1,1,32,0.0,0.0,0,0,0.0,0.0,0,0,0
32783,44,1,1,2,6,2,2,2.0,0.0,6,6,6.0,0.0,181818.1818,45454.54545,44.0,0.0,44,44,0,0.0,0.0,0,0,0,0.0,0.0,0,0,0,0,0,0,24,20,22727.27273,22727.27273,2,6,3.333333333,2.309401077,5.333333333,0,0,0,1,0,0,0,0,1,5.0,2.0,6.0,24,0,0,0,0,0,0,1,2,1,6,1024,0,0,24,0.0,0.0,0,0,0.0,0.0,0,0,1
80,83493911,8,6,56,11601,20,0,7.0,5.656854249,5840,0,1933.5,2189.772933,139.6149714,0.167676898,6422608.538,22800000.0,82200000,1,83400000,11900000.0,31000000.0,82200000,1,78987,15797.4,33243.7547,75211,16,0,0,0,0,172,132,0.09581537,0.071861528,0,5840,777.5333333,1633.102694,2667024.41,0,0,0,0,1,0,0,0,0,833.0714286,7.0,1933.5,172,0,0,0,0,0,0,8,56,6,11601,256,229,6,20,1235993.0,0.0,1235993,1235993,82200000.0,0.0,82200000,82200000,1
10566,48,1,1,0,6,0,0,0.0,0.0,6,6,6.0,0.0,125000.0,41666.66667,48.0,0.0,48,48,0,0.0,0.0,0,0,0,0.0,0.0,0,0,0,0,0,0,40,20,20833.33333,20833.33333,0,6,2.0,3.464101615,12.0,0,0,0,1,0,0,0,0,1,3.0,0.0,6.0,40,0,0,0,0,0,0,1,0,1,6,29200,0,0,40,0.0,0.0,0,0,0.0,0.0,0,0,1
80,100355865,7,7,337,11595,337,0,48.14285714,127.3740274,5792,0,1656.428571,2118.227235,118.8968876,0.139503556,7719681.923,27800000.0,100000000,4,100000000,16700000.0,40900000.0,100000000,4,81547,13591.16667,27211.14462,68143,46,0,0,0,0,232,232,0.069751778,0.069751778,0,5792,795.4666667,1620.177894,2624976.41,0,0,0,0,1,0,0,0,1,852.2857143,48.14285714,1656.428571,232,0,0,0,0,0,0,7,337,7,11595,274,235,1,32,988.0,0.0,988,988,100000000.0,0.0,100000000,100000000,1
80,1704804,3,5,26,11607,20,0,8.666666667,10.26320288,10135,0,2321.4,4413.201989,6823.658321,4.692621556,243543.4286,643879.1339,1703724,28,691,345.5,350.0178567,593,98,1704758,426189.5,851689.6984,1703724,166,0,0,0,0,72,112,1.759733084,2.932888473,0,10135,1292.555556,3350.634907,11200000.0,0,0,0,1,0,0,0,0,1,1454.125,8.666666667,2321.4,72,0,0,0,0,0,0,3,26,5,11607,8192,229,2,20,0.0,0.0,0,0,0.0,0.0,0,0,1
53,245,2,2,74,330,37,37,37.0,0.0,165,165,165.0,0.0,1648979.592,16326.53061,81.66666667,98.16482737,192,4,4,4.0,0.0,4,4,49,49.0,0.0,49,49,0,0,0,0,40,40,8163.265306,8163.265306,37,165,88.2,70.10848736,4915.2,0,0,0,0,0,0,0,0,1,110.25,37.0,165.0,40,0,0,0,0,0,0,2,74,2,330,-1,-1,1,20,0.0,0.0,0,0,0.0,0.0,0,0,0
22,75,1,1,0,0,0,0,0.0,0.0,0,0,0.0,0.0,0.0,26666.66667,75.0,0.0,75,75,0,0.0,0.0,0,0,0,0.0,0.0,0,0,0,0,0,0,32,32,13333.33333,13333.33333,0,0,0.0,0.0,0.0,0,0,0,0,1,1,0,0,1,0.0,0.0,0.0,32,0,0,0,0,0,0,1,0,1,0,259,247,0,32,0.0,0.0,0,0,0.0,0.0,0,0,1
53,1214228,2,2,58,308,29,29,29.0,0.0,154,154,154.0,0.0,301.4260913,3.294274222,404742.6667,701030.5325,1214223,1,1,1.0,0.0,1,1,4,4.0,0.0,4,4,0,0,0,0,64,64,1.647137111,1.647137111,29,154,79.0,68.46531969,4687.5,0,0,0,0,0,0,0,0,1,98.75,29.0,154.0,64,0,0,0,0,0,0,2,58,2,308,-1,-1,1,32,0.0,0.0,0,0,0.0,0.0,0,0,0
80,8558165,4,0,24,0,6,6,6.0,0.0,0,0,0.0,0.0,2.804339482,0.467389914,2852721.667,4941058.0,8558164,0,8558165,2852721.667,4941058.0,8558164,0,0,0.0,0.0,0,0,0,0,0,0,80,0,0.467389914,0.0,6,6,6.0,0.0,0.0,0,0,0,0,1,0,0,0,0,7.5,6.0,0.0,80,0,0,0,0,0,0,4,24,0,0,256,-1,3,20,1.0,0.0,1,1,8558164.0,0.0,8558164,8558164,1
80,2,2,0,0,0,0,0,0.0,0.0,0,0,0.0,0.0,0.0,1000000.0,2.0,0.0,2,2,2,2.0,0.0,2,2,0,0.0,0.0,0,0,0,0,0,0,64,0,1000000.0,0.0,0,0,0.0,0.0,0.0,0,0,0,0,1,0,0,0,0,0.0,0.0,0.0,64,0,0,0,0,0,0,2,0,0,0,251,-1,0,32,0.0,0.0,0,0,0.0,0.0,0,0,1
10083,57,1,1,0,0,0,0,0.0,0.0,0,0,0.0,0.0,0.0,35087.7193,57.0,0.0,57,57,0,0.0,0.0,0,0,0,0.0,0.0,0,0,0,0,0,0,20,20,17543.85965,17543.85965,0,0,0.0,0.0,0.0,0,0,0,0,1,1,0,0,1,0.0,0.0,0.0,20,0,0,0,0,0,0,1,0,1,0,71,256,0,20,0.0,0.0,0,0,0.0,0.0,0,0,0
80,192434,3,5,26,11607,20,0,8.666666667,10.26320288,8760,0,2321.4,3802.315321,60451.8952,41.57269505,27490.57143,72319.93065,191496,2,725,362.5,446.1843789,678,47,192388,48097.0,95599.80813,191496,2,0,0,0,0,72,112,15.58976065,25.98293441,0,8760,1292.555556,2952.520834,8717379.278,0,0,0,1,0,0,0,0,1,1454.125,8.666666667,2321.4,72,0,0,0,0,0,0,3,26,5,11607,8192,229,2,20,0.0,0.0,0,0,0.0,0.0,0,0,1
80,85639286,8,6,333,11595,333,0,41.625,117.7332791,7240,0,1932.5,2695.639126,139.2818712,0.163476375,6587637.385,23700000.0,85500000,1,85500000,12200000.0,32300000.0,85500000,1,147676,29535.2,58796.70977,134234,83,0,0,0,0,264,200,0.093415071,0.070061303,0,7240,795.2,1877.791872,3526102.314,0,0,0,0,1,0,0,0,0,852.0,41.625,1932.5,264,0,0,0,0,0,0,8,333,6,11595,251,235,1,32,6.0,0.0,6,6,85500000.0,0.0,85500000,85500000,1
80,119290634,15,13,1784,988,897,0,118.9333333,313.8699609,494,0,76.0,185.5137012,23.23736497,0.234720858,4418171.63,5041798.181,10200000,94,119000000,8518158.214,3713786.397,10200000,51905,119000000,9936569.083,1044808.555,10300000,6619487,1,0,0,0,480,416,0.125743317,0.108977541,0,897,126.1724138,293.0476642,85876.9335,0,1,0,0,1,0,0,0,0,130.6785714,118.9333333,76.0,480,0,0,0,0,0,0,15,1784,13,988,304,541,1,32,39114.0,6308.281037,53293,36200,9898737.25,1049647.299,10200000,6566288,0
53,39920,1,1,52,68,52,52,52.0,0.0,68,68,68.0,0.0,3006.0120240481,50.1002004008,39920.0,0.0,39920,39920,0,0.0,0.0,0,0,0,0.0,0.0,0,0,0,0,0,0,20,40,25.0501002004,25.0501002004,52,68,57.3333333333,9.237604307,85.3333333333,0,0,0,0,0,0,0,0,1,86.0,52.0,68.0,20,0,0,0,0,0,0,1,52,1,68,-1,-1,0,20,0.0,0.0,0,0,0.0,0.0,0,0,0
80,84549059,7,6,376,11595,358,0,53.71428571,134.2109214,8688,0,1932.5,3506.021777,141.5864368,0.153756886,7045754.917,24000000.0,83400000,6,84400000,14100000.0,33900000.0,83400000,6,84500000,16900000.0,37700000.0,84400000,45,0,0,0,0,204,200,0.082792169,0.070964716,0,8688,855.5,2381.826473,5673097.346,1,0,0,0,0,0,0,0,0,921.3076923,53.71428571,1932.5,204,0,0,0,0,0,0,7,376,6,11595,0,235,3,20,10989.0,0.0,10989,10989,83400000.0,0.0,83400000,83400000,1
80,78432236,8,5,56,11601,20,0,7.0,5.656854249,8760,0,2320.2,3668.897,148.6251138,0.165748175,6536019.667,19300000.0,67100000,1,78300000,11200000.0,25000000.0,67100000,1,125289,31322.25,55416.28275,114107,185,0,0,0,0,172,112,0.101998877,0.063749298,0,8760,833.0714286,2337.724089,5464953.918,0,0,0,0,1,0,0,0,0,897.1538462,7.0,2320.2,172,0,0,0,0,0,0,8,56,5,11601,256,229,6,20,1023.0,0.0,1023,1023,39200000.0,39500000.0,67100000,11200000,1
1717,43,1,1,2,6,2,2,2.0,0.0,6,6,6.0,0.0,186046.5116,46511.62791,43.0,0.0,43,43,0,0.0,0.0,0,0,0,0.0,0.0,0,0,0,0,0,0,24,20,23255.81395,23255.81395,2,6,3.333333333,2.309401077,5.333333333,0,0,0,1,0,0,0,0,1,5.0,2.0,6.0,24,0,0,0,0,0,0,1,2,1,6,1024,0,0,24,0.0,0.0,0,0,0.0,0.0,0,0,1
80,9599779,5,0,30,0,6,6,6.0,0.0,0,0,0.0,0.0,3.125071942,0.520845324,2399944.75,4799212.19,9598763,1,9599779,2399944.75,4799212.19,9598763,1,0,0.0,0.0,0,0,0,0,0,0,100,0,0.520845324,0.0,6,6,6.0,0.0,0.0,0,0,0,0,1,0,0,0,0,7.2,6.0,0.0,100,0,0,0,0,0,0,5,30,0,0,256,-1,4,20,1016.0,0.0,1016,1016,9598763.0,0.0,9598763,9598763,1
2920,44,1,1,2,6,2,2,2.0,0.0,6,6,6.0,0.0,181818.1818,45454.54545,44.0,0.0,44,44,0,0.0,0.0,0,0,0,0.0,0.0,0,0,0,0,0,0,24,20,22727.27273,22727.27273,2,6,3.333333333,2.309401077,5.333333333,0,0,0,1,0,0,0,0,1,5.0,2.0,6.0,24,0,0,0,0,0,0,1,2,1,6,1024,0,0,24,0.0,0.0,0,0,0.0,0.0,0,0,1
62142,1,2,0,12,0,6,6,6.0,0.0,0,0,0.0,0.0,12000000.0,2000000.0,1.0,0.0,1,1,1,1.0,0.0,1,1,0,0.0,0.0,0,0,0,0,0,0,40,0,2000000.0,0.0,6,6,6.0,0.0,0.0,0,0,0,0,1,0,0,0,0,9.0,6.0,0.0,40,0,0,0,0,0,0,2,12,0,0,32,-1,1,20,0.0,0.0,0,0,0.0,0.0,0,0,0
80,7774845,5,0,30,0,6,6,6.0,0.0,0,0,0.0,0.0,3.858597824,0.643099637,1943711.25,3886740.53,7773822,1,7774845,1943711.25,3886740.53,7773822,1,0,0.0,0.0,0,0,0,0,0,0,100,0,0.643099637,0.0,6,6,6.0,0.0,0.0,0,0,0,0,1,0,0,0,0,7.2,6.0,0.0,100,0,0,0,0,0,0,5,30,0,0,256,-1,4,20,1023.0,0.0,1023,1023,7773822.0,0.0,7773822,7773822,1
23602,19693,15,6,19897,0,2896,0,1326.4666666667,1136.5702081681,0,0,0.0,0.0,1010359.01081603,1066.3687604733,984.65,3818.6691161216,17078,1,19693,1406.6428571429,4546.9552891027,17078,1,17292,3458.4,7729.8634075901,17286,1,0,0,0,0,496,208,761.6919717666,304.6767887066,0,2896,904.4090909091,1122.9799921506,1261084.06277056,0,0,0,1,0,0,0,0,0,947.4761904762,1326.4666666667,0.0,496,0,0,0,0,0,0,15,19897,6,0,29200,362,10,32,0.0,0.0,0,0,0.0,0.0,0,0,0
80,84540242,7,7,431,11595,407,0,61.57142857,152.3459409,7240,0,1656.428571,2566.885263,142.2517811,0.165601608,6503095.538,23400000.0,84400000,0,84400000,14100000.0,34400000.0,84400000,0,84500000,14100000.0,34400000.0,84400000,91,0,0,0,0,184,232,0.082800804,0.082800804,0,7240,802.1333333,1875.676064,3518160.695,1,0,0,0,0,0,0,0,1,859.4285714,61.57142857,1656.428571,184,0,0,0,0,0,0,7,431,7,11595,0,235,4,20,10947.0,0.0,10947,10947,84400000.0,0.0,84400000,84400000,1
80,52,1,1,8,0,8,8,8.0,0.0,0,0,0.0,0.0,153846.1538,38461.53846,52.0,0.0,52,52,0,0.0,0.0,0,0,0,0.0,0.0,0,0,1,0,0,0,32,32,19230.76923,19230.76923,0,8,5.333333333,4.618802154,21.33333333,0,1,0,0,1,0,0,0,1,8.0,8.0,0.0,32,0,0,0,0,0,0,1,8,1,0,229,235,0,32,0.0,0.0,0,0,0.0,0.0,0,0,1
80,648335,3,6,26,11607,20,0,8.666666667,10.26320288,4380,0,1934.5,2177.344966,17942.88447,13.88171239,81041.875,228717.6852,647089,16,933,466.5,410.8290399,757,176,648276,129655.2,289254.522,647089,16,0,0,0,0,72,132,4.627237462,9.254474924,0,4380,1163.3,1903.962654,3625073.789,0,0,0,1,0,0,0,0,2,1292.555556,8.666666667,1934.5,72,0,0,0,0,0,0,3,26,6,11607,8192,229,2,20,0.0,0.0,0,0,0.0,0.0,0,0,1
443,726443,22,37,603,62723,405,0,27.40909091,89.88440147,4344,0,1695.216216,1001.823868,87172.70316,81.2176592,12524.87931,35856.54571,144076,0,726397,34590.33333,53808.23087,144136,73,583186,16199.61111,42616.34971,145426,3,0,0,0,0,716,1192,30.28455089,50.93310831,0,4344,1055.433333,1133.543303,1284920.419,0,0,0,1,0,0,0,0,1,1073.322034,27.40909091,1695.216216,716,0,0,0,0,0,0,22,603,37,62723,65535,243,4,32,0.0,0.0,0,0,0.0,0.0,0,0,0
56808,76,1,1,6,6,6,6,6.0,0.0,6,6,6.0,0.0,157894.736842105,26315.7894736842,76.0,0.0,76,76,0,0.0,0.0,0,0,0,0.0,0.0,0,0,0,0,0,0,20,20,13157.8947368421,13157.8947368421,6,6,6.0,0.0,0.0,0,0,0,0,1,1,0,0,1,9.0,6.0,6.0,20,0,0,0,0,0,0,1,6,1,6,50,16339,0,20,0.0,0.0,0,0,0.0,0.0,0,0,0
80,81915095,9,6,62,11607,20,0,6.888888889,5.30199124,5840,0,1934.5,2538.919278,142.4523771,0.183116433,5851078.214,20900000.0,78500000,3,80600000,10100000.0,27700000.0,78500000,3,1284475,256895.0,573794.7061,1283330,47,0,0,0,0,192,132,0.10986986,0.073246573,0,5840,729.6875,1754.344767,3077725.563,0,0,0,0,1,0,0,0,0,778.3333333,6.888888889,1934.5,192,0,0,0,0,0,0,9,62,6,11607,256,229,7,20,2130957.0,0.0,2130957,2130957,78500000.0,0.0,78500000,78500000,1
80,98653988,8,6,56,11601,20,0,7.0,5.656854249,4380,0,1933.5,1757.789948,118.1604539,0.141910127,7588768.308,25500000.0,92400000,1,97600000,13900000.0,34600000.0,92400000,1,1049646,209929.2,464755.4708,1041287,47,0,0,0,0,172,132,0.081091501,0.060818626,0,4380,777.5333333,1434.571657,2057995.838,0,0,0,0,1,0,0,0,0,833.0714286,7.0,1933.5,172,0,0,0,0,0,0,8,56,6,11601,256,229,6,20,5.0,0.0,5,5,48800000.0,61600000.0,92400000,5251874,1
443,84260899,9,7,1162,645,551,6,129.1111111111,178.0866674154,173,42,92.1428571429,63.1965942422,21.4452969461,0.1898864146,5617393.26666667,16070732.0940804,58674267,3,84260899,10532612.375,21386247.1281441,58674267,3,84172824,14028804.0,24141873.1369327,58709363,3,1,0,0,0,180,140,0.1068111082,0.0830753064,6,551,116.4117647059,133.7782955226,17896.6323529412,0,1,0,0,1,0,0,0,0,123.6875,129.1111111111,92.1428571429,180,0,0,0,0,0,0,9,1162,7,645,257,176,8,20,37139.5,2233.7503217683,38719,35560,42049418.0,23511086.9282048,58674267,25424569,0
53,48912,2,2,64,182,32,32,32.0,0.0,91,91,91.0,0.0,5029.4406280667,81.7795224076,16304.0,28233.2941932039,48905,3,4,4.0,0.0,4,4,3,3.0,0.0,3,3,0,0,0,0,88,40,40.8897612038,40.8897612038,32,91,55.6,32.3156308928,1044.3,0,0,0,0,0,0,0,0,1,69.5,32.0,91.0,88,0,0,0,0,0,0,2,64,2,182,-1,-1,1,44,0.0,0.0,0,0,0.0,0.0,0,0,0
443,5436911,9,7,373,4824,186,0,41.4444444444,67.2255738375,1460,0,689.1428571429,680.0280456401,955.873656935,2.9428475103,362460.733333333,1334596.68934473,5186012,3,5436911,679613.875,1821040.18070022,5186012,3,185763,30960.5,48702.6505305409,110648,54,0,0,0,0,192,152,1.6553517245,1.2874957858,0,1460,305.7058823529,533.9659123841,285119.595588235,0,0,0,1,0,0,0,0,0,324.8125,41.4444444444,689.1428571429,192,0,0,0,0,0,0,9,373,7,4824,8192,110,8,20,250896.0,0.0,250896,250896,5186012.0,0.0,5186012,5186012,0
51651,36,1,1,6,6,6,6,6.0,0.0,6,6,6.0,0.0,333333.3333,55555.55556,36.0,0.0,36,36,0,0.0,0.0,0,0,0,0.0,0.0,0,0,0,0,0,0,20,20,27777.77778,27777.77778,6,6,6.0,0.0,0.0,0,0,0,0,1,1,0,0,1,9.0,6.0,6.0,20,0,0,0,0,0,0,1,6,1,6,117,251,0,20,0.0,0.0,0,0,0.0,0.0,0,0,0
443,888121,4,1,207,0,195,0,51.75,95.54187564,0,0,0.0,0.0,233.0763488,5.629863498,222030.25,292320.5084,616286,20,888121,296040.3333,308735.1545,616286,273,0,0.0,0.0,0,0,0,0,0,0,92,32,4.503890799,1.1259727,0,195,34.5,78.68354339,6191.1,0,0,0,1,0,0,0,0,0,41.4,51.75,0.0,92,0,0,0,0,0,0,4,207,1,0,8192,8192,3,20,0.0,0.0,0,0,0.0,0.0,0,0,0
53,209,2,2,106,238,53,53,53.0,0.0,119,119,119.0,0.0,1645933.014,19138.75598,69.66666667,36.66515148,112,48,49,49.0,0.0,49,49,48,48.0,0.0,48,48,0,0,0,0,40,40,9569.37799,9569.37799,53,119,79.4,36.1496888,1306.8,0,0,0,0,0,0,0,0,1,99.25,53.0,119.0,40,0,0,0,0,0,0,2,106,2,238,-1,-1,1,20,0.0,0.0,0,0,0.0,0.0,0,0,0
54283,31374,2,0,12,0,6,6,6.0,0.0,0,0,0.0,0.0,382.4823102,63.7470517,31374.0,0.0,31374,31374,31374,31374.0,0.0,31374,31374,0,0.0,0.0,0,0,0,0,0,0,40,0,63.7470517,0.0,6,6,6.0,0.0,0.0,0,0,0,0,1,0,0,0,0,9.0,6.0,0.0,40,0,0,0,0,0,0,2,12,0,0,360,-1,1,20,0.0,0.0,0,0,0.0,0.0,0,0,0
80,615268,3,5,26,11607,20,0,8.666666667,10.26320288,7215,0,2321.4,3327.769794,18907.20792,13.00246397,87895.42857,232180.8829,614432,3,610,305.0,427.0924958,607,3,615212,153803.0,307086.1098,614432,4,0,0,0,0,72,112,4.875923988,8.126539979,0,7215,1292.555556,2650.585648,7025604.278,0,0,0,1,0,0,0,0,1,1454.125,8.666666667,2321.4,72,0,0,0,0,0,0,3,26,5,11607,8192,229,2,20,0.0,0.0,0,0,0.0,0.0,0,0,1
53,91481,2,2,90,476,45,45,45.0,0.0,238,238,238.0,0.0,6187.0770979766,43.7249264875,30493.6666666667,52771.5512405437,91429,4,48,48.0,0.0,48,48,4,4.0,0.0,4,4,0,0,0,0,40,40,21.8624632437,21.8624632437,45,238,122.2,105.7104535985,11174.7,0,0,0,0,0,0,0,0,1,152.75,45.0,238.0,40,0,0,0,0,0,0,2,90,2,476,-1,-1,1,20,0.0,0.0,0,0,0.0,0.0,0,0,0
53,62760,2,2,70,116,35,35,35.0,0.0,58,58,58.0,0.0,2963.6711281071,63.73486297,20920.0,36231.0388065261,62756,1,1,1.0,0.0,1,1,3,3.0,0.0,3,3,0,0,0,0,40,40,31.867431485,31.867431485,35,58,44.2,12.5976188226,158.7,0,0,0,0,0,0,0,0,1,55.25,35.0,58.0,40,0,0,0,0,0,0,2,70,2,116,-1,-1,1,20,0.0,0.0,0,0,0.0,0.0,0,0,0
80,82491162,8,5,56,11607,20,0,7.0,5.656854249,8675,0,2321.4,3769.536019,141.3848431,0.15759264,6874263.5,22400000.0,77900000,1,81900000,11700000.0,29200000.0,77900000,1,591772,147943.0,295078.3406,590560,4,0,0,0,0,172,112,0.096980086,0.060612554,0,8675,833.5,2386.768615,5696664.423,0,0,0,0,1,0,0,0,0,897.6153846,7.0,2321.4,172,0,0,0,0,0,0,8,56,5,11607,256,229,6,20,4035839.0,0.0,4035839,4035839,77900000.0,0.0,77900000,77900000,1
53,49951,1,1,52,80,52,52,52.0,0.0,80,80,80.0,0.0,2642.589738,40.03923845,49951.0,0.0,49951,49951,0,0.0,0.0,0,0,0,0.0,0.0,0,0,0,0,0,0,20,32,20.01961923,20.01961923,52,80,61.33333333,16.16580754,261.3333333,0,0,0,0,0,0,0,0,1,92.0,52.0,80.0,20,0,0,0,0,0,0,1,52,1,80,-1,-1,0,20,0.0,0.0,0,0,0.0,0.0,0,0,0
80,8805806,4,4,602,364,602,0,150.5,301.0,364,0,91.0,182.0,109.70035,0.908491511,1257972.286,2173800.375,5002865,40,3802941,1267647.0,2188661.167,3794895,3093,8805710,2935236.667,2609949.801,5004620,3158,0,0,0,0,136,136,0.454245756,0.454245756,0,602,107.3333333,221.137966,48902.0,0,0,0,1,0,0,0,0,1,120.75,150.5,91.0,136,0,0,0,0,0,0,4,602,4,364,29200,236,1,32,0.0,0.0,0,0,0.0,0.0,0,0,1
80,1001,2,0,0,0,0,0,0.0,0.0,0,0,0.0,0.0,0.0,1998.001998,1001.0,0.0,1001,1001,1001,1001.0,0.0,1001,1001,0,0.0,0.0,0,0,0,0,0,0,64,0,1998.001998,0.0,0,0,0.0,0.0,0.0,0,0,0,0,1,0,0,0,0,0.0,0.0,0.0,64,0,0,0,0,0,0,2,0,0,0,251,-1,0,32,0.0,0.0,0,0,0.0,0.0,0,0,1
443,60265662,8,6,885,3961,469,0,110.625,168.78806449,1460,0,660.1666666667,672.2349043799,80.4106325091,0.2323047576,4635820.15384615,16625221.2215692,59967813,6,60265662,8609380.28571429,22646969.3835674,59967813,250,198451,39690.2,36105.1888057659,66971,48,0,0,0,0,172,132,0.1327455757,0.0995591818,0,1460,323.0666666667,507.5267011507,257583.352380952,0,0,1,1,0,0,0,1,0,346.1428571429,110.625,660.1666666667,172,0,0,0,0,0,0,8,885,6,3961,8192,510,7,20,0.0,0.0,0,0,0.0,0.0,0,0,0
80,85042028,6,5,351,11595,351,0,58.5,143.29515,8688,0,2319.0,3774.237539,140.4717206,0.129347809,8504202.8,26800000.0,84900000,3,84900000,17000000.0,38000000.0,84900000,3,145420,36355.0,63565.10708,131196,50,0,0,0,0,200,168,0.07055335,0.058794459,0,8688,995.5,2560.171141,6554476.273,0,0,0,0,1,0,0,0,0,1086.0,58.5,2319.0,200,0,0,0,0,0,0,6,351,5,11595,251,235,1,32,994.0,0.0,994,994,84900000.0,0.0,84900000,84900000,1
443,6129891,9,6,344,2815,187,0,38.22222222,69.5139874,1460,0,469.1666667,690.8121066,515.3435844,2.447025567,437849.3571,1455980.764,5492331,3,6129891,766236.375,1911650.941,5492331,3,551809,110361.8,120114.9409,284265,207,0,0,0,0,192,124,1.46821534,0.978810227,0,1460,197.4375,457.1587571,208994.1292,0,0,0,1,0,0,0,0,0,210.6,38.22222222,469.1666667,192,0,0,0,0,0,0,9,344,6,2815,8192,30016,3,20,637557.0,0.0,637557,637557,5492331.0,0.0,5492331,5492331,0
53,187,2,2,92,212,46,46,46.0,0.0,106,106,106.0,0.0,1625668.449,21390.37433,62.33333333,67.00248752,135,3,3,3.0,0.0,3,3,49,49.0,0.0,49,49,0,0,0,0,40,40,10695.18717,10695.18717,46,106,70.0,32.86335345,1080.0,0,0,0,0,0,0,0,0,1,87.5,46.0,106.0,40,0,0,0,0,0,0,2,92,2,212,-1,-1,1,20,0.0,0.0,0,0,0.0,0.0,0,0,0
123,63021226,2,2,96,96,48,48,48.0,0.0,48,48,48.0,0.0,3.046592588,0.063470679,21000000.0,36300000.0,63000000,23463,63000000,63000000.0,0.0,63000000,63000000,63000000,63000000.0,0.0,63000000,63000000,0,0,0,0,40,64,0.031735339,0.031735339,48,48,48.0,0.0,0.0,0,0,0,0,0,0,0,0,1,60.0,48.0,48.0,40,0,0,0,0,0,0,2,96,2,96,-1,-1,1,20,23463.0,0.0,23463,23463,63000000.0,0.0,63000000,63000000,0
80,4,2,0,0,0,0,0,0.0,0.0,0,0,0.0,0.0,0.0,500000.0,4.0,0.0,4,4,4,4.0,0.0,4,4,0,0.0,0.0,0,0,0,0,0,0,64,0,500000.0,0.0,0,0,0.0,0.0,0.0,0,0,0,0,1,0,0,0,0,0.0,0.0,0.0,64,0,0,0,0,0,0,2,0,0,0,251,-1,0,32,0.0,0.0,0,0,0.0,0.0,0,0,1
80,597035,3,6,26,11601,20,0,8.666666667,10.26320288,4380,0,1933.5,1757.789948,19474.57017,15.07449312,74629.375,206546.073,585721,14,11011,5505.5,7531.394326,10831,180,596981,119396.2,260726.3885,585721,14,0,0,0,0,72,132,5.02483104,10.04966208,0,4380,1162.7,1645.241762,2706820.456,0,0,0,1,0,0,0,0,2,1291.888889,8.666666667,1933.5,72,0,0,0,0,0,0,3,26,6,11601,8192,229,2,20,0.0,0.0,0,0,0.0,0.0,0,0,1
80,67930,3,0,0,0,0,0,0.0,0.0,0,0,0.0,0.0,0.0,44.16310908,33965.0,11508.86997,42103,25827,67930,33965.0,11508.86997,42103,25827,0,0.0,0.0,0,0,0,0,0,0,96,0,44.16310908,0.0,0,0,0.0,0.0,0.0,0,0,0,0,1,0,0,0,0,0.0,0.0,0.0,96,0,0,0,0,0,0,3,0,0,0,264,-1,0,32,0.0,0.0,0,0,0.0,0.0,0,0,0
53,30514,1,1,57,153,57,57,57.0,0.0,153,153,153.0,0.0,6882.0869109261,65.543684866,30514.0,0.0,30514,30514,0,0.0,0.0,0,0,0,0.0,0.0,0,0,0,0,0,0,20,20,32.771842433,32.771842433,57,153,89.0,55.4256258422,3072.0,0,0,0,0,0,0,0,0,1,133.5,57.0,153.0,20,0,0,0,0,0,0,1,57,1,153,-1,-1,0,20,0.0,0.0,0,0,0.0,0.0,0,0,0
80,83505485,8,7,688,11595,341,0,86.0,157.4030314,4344,0,1656.428571,1757.579003,147.0921341,0.179628919,5964677.5,22200000.0,83100000,1,83400000,11900000.0,31400000.0,83100000,1,356635,59439.16667,95820.46607,220936,16,0,0,0,0,252,232,0.09580209,0.083826829,0,4344,767.6875,1379.465728,1902925.696,0,0,0,0,1,0,0,0,0,818.8666667,86.0,1656.428571,252,0,0,0,0,0,0,8,688,7,11595,251,235,3,20,1003.0,0.0,1003,1003,83100000.0,0.0,83100000,83100000,1
58620,49,3,0,18,0,6,6,6.0,0.0,0,0,0.0,0.0,367346.9388,61224.4898,24.5,33.23401872,48,1,49,24.5,33.23401872,48,1,0,0.0,0.0,0,0,0,0,0,0,60,0,61224.4898,0.0,6,6,6.0,0.0,0.0,0,0,0,0,1,0,0,0,0,8.0,6.0,0.0,60,0,0,0,0,0,0,3,18,0,0,398,-1,2,20,0.0,0.0,0,0,0.0,0.0,0,0,0
443,94930,1,1,0,0,0,0,0.0,0.0,0,0,0.0,0.0,0.0,21.06815548,94930.0,0.0,94930,94930,0,0.0,0.0,0,0,0,0.0,0.0,0,0,0,0,0,0,32,32,10.53407774,10.53407774,0,0,0.0,0.0,0.0,0,0,0,0,1,1,0,0,1,0.0,0.0,0.0,32,0,0,0,0,0,0,1,0,1,0,304,252,0,32,0.0,0.0,0,0,0.0,0.0,0,0,0
80,72545546,8,5,56,11607,20,0,7.0,5.656854249,10135,0,2321.4,4413.201989,160.7679678,0.179197769,6045462.167,17600000.0,61300000,2,71300000,10200000.0,22800000.0,61300000,2,1254602,313650.5,626536.4612,1253455,11,0,0,0,0,172,112,0.11027555,0.068922219,0,10135,833.5,2705.044255,7317264.423,0,0,0,0,1,0,0,0,0,897.6153846,7.0,2321.4,172,0,0,0,0,0,0,8,56,5,11607,256,229,6,20,1007.0,0.0,1007,1007,35600000.0,36200000.0,61300000,10000000,1
443,4,2,0,12,0,6,6,6.0,0.0,0,0,0.0,0.0,3000000.0,500000.0,4.0,0.0,4,4,4,4.0,0.0,4,4,0,0.0,0.0,0,0,0,0,0,0,40,0,500000.0,0.0,6,6,6.0,0.0,0.0,1,0,0,0,0,0,0,0,0,9.0,6.0,0.0,40,0,0,0,0,0,0,2,12,0,0,0,-1,1,20,0.0,0.0,0,0,0.0,0.0,0,0,0
56740,21,1,1,0,0,0,0,0.0,0.0,0,0,0.0,0.0,0.0,95238.09524,21.0,0.0,21,21,0,0.0,0.0,0,0,0,0.0,0.0,0,0,0,0,0,0,32,32,47619.04762,47619.04762,0,0,0.0,0.0,0.0,0,0,0,0,1,1,0,0,1,0.0,0.0,0.0,32,0,0,0,0,0,0,1,0,1,0,399,322,0,32,0.0,0.0,0,0,0.0,0.0,0,0,0
80,115445865,10,4,367,11595,367,0,36.7,116.0555901,11595,0,2898.75,5797.5,103.6156644,0.12126896,8880451.154,27600000.0,99400000,1,115000000,12800000.0,32900000.0,99400000,1,1401,467.0,410.5009135,793,6,0,0,0,0,336,136,0.086620686,0.034648274,0,11595,797.4666667,2988.542618,8931386.981,0,0,0,0,1,0,0,0,0,854.4285714,36.7,2898.75,336,0,0,0,0,0,0,10,367,4,11595,251,235,1,32,2009.0,0.0,2009,2009,57700000.0,59000000.0,99400000,16000000,1
443,263720,13,8,1049,5434,565,0,80.69230769,164.4999415,1690,0,679.25,754.4596458,24582.89094,79.62991051,13186.0,24798.92821,101637,1,263720,21976.66667,29447.01778,101637,1,227593,32513.28571,49826.84615,126606,1,0,0,0,0,428,264,49.29470651,30.335204,0,1690,294.6818182,542.2377256,294021.7511,0,0,0,1,0,0,0,0,0,308.7142857,80.69230769,679.25,428,0,0,0,0,0,0,13,1049,8,5434,65535,974,6,32,0.0,0.0,0,0,0.0,0.0,0,0,0
58667,4,2,0,202,0,149,53,101.0,67.8822509939,0,0,0.0,0.0,50500000.0,500000.0,4.0,0.0,4,4,4,4.0,0.0,4,4,0,0.0,0.0,0,0,1,0,0,0,40,0,500000.0,0.0,53,149,117.0,55.4256258422,3072.0,0,1,0,0,1,0,0,0,0,175.5,101.0,0.0,40,0,0,0,0,0,0,2,202,0,0,131,-1,1,20,0.0,0.0,0,0,0.0,0.0,0,0,0
80,85515391,7,6,348,11595,348,0,49.71428571,131.5316366,5803,0,1932.5,2539.075088,139.6590703,0.152019418,7126282.583,24400000.0,84500000,2,85500000,14300000.0,34400000.0,84500000,2,2510,502.0,885.8600341,2083,49,0,0,0,0,240,200,0.08185661,0.070162808,0,5803,853.0714286,1851.708586,3428824.687,0,0,0,0,1,0,0,0,0,918.6923077,49.71428571,1932.5,240,0,0,0,0,0,0,7,348,6,11595,274,235,1,32,6.0,0.0,6,6,84500000.0,0.0,84500000,84500000,1
53,62495,2,2,72,204,36,36,36.0,0.0,102,102,102.0,0.0,4416.353308,64.00512041,20831.66667,36068.51486,62480,4,11,11.0,0.0,11,11,4,4.0,0.0,4,4,0,0,0,0,40,64,32.0025602,32.0025602,36,102,62.4,36.1496888,1306.8,0,0,0,0,0,0,0,0,1,78.0,36.0,102.0,40,0,0,0,0,0,0,2,72,2,204,-1,-1,1,20,0.0,0.0,0,0,0.0,0.0,0,0,0
2607,61,1,1,2,6,2,2,2.0,0.0,6,6,6.0,0.0,131147.541,32786.88525,61.0,0.0,61,61,0,0.0,0.0,0,0,0,0.0,0.0,0,0,0,0,0,0,24,20,16393.44262,16393.44262,2,6,3.333333333,2.309401077,5.333333333,0,0,0,1,0,0,0,0,1,5.0,2.0,6.0,24,0,0,0,0,0,0,1,2,1,6,1024,0,0,24,0.0,0.0,0,0,0.0,0.0,0,0,1
53,59749,1,1,44,108,44,44,44.0,0.0,108,108,108.0,0.0,2543.975631,33.47336357,59749.0,0.0,59749,59749,0,0.0,0.0,0,0,0,0.0,0.0,0,0,0,0,0,0,20,32,16.73668179,16.73668179,44,108,65.33333333,36.95041723,1365.333333,0,0,0,0,0,0,0,0,1,98.0,44.0,108.0,20,0,0,0,0,0,0,1,44,1,108,-1,-1,0,20,0.0,0.0,0,0,0.0,0.0,0,0,0
80,85647266,6,6,406,11595,406,0,67.66666667,165.7488059,8688,0,1932.5,3384.303045,140.121227,0.140109551,7786115.091,25800000.0,85500000,1,85500000,17100000.0,38200000.0,85500000,1,147655,29531.0,57740.46378,132175,48,0,0,0,0,200,200,0.070054776,0.070054776,0,8688,923.1538462,2393.758197,5730078.308,0,0,0,0,1,0,0,0,1,1000.083333,67.66666667,1932.5,200,0,0,0,0,0,0,6,406,6,11595,274,235,1,32,4.0,0.0,4,4,85500000.0,0.0,85500000,85500000,1
80,7620199,4,0,24,0,6,6,6.0,0.0,0,0,0.0,0.0,3.149524048,0.524920675,2540066.333,4398877.889,7619453,320,7620199,2540066.333,4398877.889,7619453,320,0,0.0,0.0,0,0,0,0,0,0,80,0,0.524920675,0.0,6,6,6.0,0.0,0.0,0,0,0,0,1,0,0,0,0,7.5,6.0,0.0,80,0,0,0,0,0,0,4,24,0,0,256,-1,3,20,746.0,0.0,746,746,7619453.0,0.0,7619453,7619453,1
80,36961,3,6,26,11601,20,0,8.666666667,10.26320288,4380,0,1933.5,1757.789948,314574.8221,243.4999053,4620.125,8179.649127,19964,16,20999,10499.5,13472.5055,20026,973,36899,7379.8,10189.2215,21167,16,0,0,0,0,72,132,81.1666351,162.3332702,0,4380,1162.7,1645.241762,2706820.456,0,0,0,1,0,0,0,0,2,1291.888889,8.666666667,1933.5,72,0,0,0,0,0,0,3,26,6,11601,8192,229,2,20,0.0,0.0,0,0,0.0,0.0,0,0,1
80,2122950,5,0,30,0,6,6,6.0,0.0,0,0,0.0,0.0,14.13127959,2.355213265,530737.5,1056144.872,2114948,3,2122950,530737.5,1056144.872,2114948,3,0,0.0,0.0,0,0,0,0,0,0,100,0,2.355213265,0.0,6,6,6.0,0.0,0.0,0,0,0,0,1,0,0,0,0,7.2,6.0,0.0,100,0,0,0,0,0,0,5,30,0,0,256,-1,4,20,0.0,0.0,0,0,0.0,0.0,0,0,1
1000,85,1,1,2,6,2,2,2.0,0.0,6,6,6.0,0.0,94117.64706,23529.41176,85.0,0.0,85,85,0,0.0,0.0,0,0,0,0.0,0.0,0,0,0,0,0,0,24,20,11764.70588,11764.70588,2,6,3.333333333,2.309401077,5.333333333,0,0,0,1,0,0,0,0,1,5.0,2.0,6.0,24,0,0,0,0,0,0,1,2,1,6,1024,0,0,24,0.0,0.0,0,0,0.0,0.0,0,0,1
80,12866660,5,0,30,0,6,6,6.0,0.0,0,0,0.0,0.0,2.331607426,0.388601238,3216665.0,6432654.018,12900000,1,12900000,3216665.0,6432654.018,12900000,1,0,0.0,0.0,0,0,0,0,0,0,100,0,0.388601238,0.0,6,6,6.0,0.0,0.0,0,0,0,0,1,0,0,0,0,7.2,6.0,0.0,100,0,0,0,0,0,0,5,30,0,0,256,-1,4,20,1014.0,0.0,1014,1014,12900000.0,0.0,12900000,12900000,1
80,9111262,4,0,24,0,6,6,6.0,0.0,0,0,0.0,0.0,2.634102718,0.43901712,3037087.333,5259805.867,9110588,312,9111262,3037087.333,5259805.867,9110588,312,0,0.0,0.0,0,0,0,0,0,0,80,0,0.43901712,0.0,6,6,6.0,0.0,0.0,0,0,0,0,1,0,0,0,0,7.5,6.0,0.0,80,0,0,0,0,0,0,4,24,0,0,256,-1,3,20,674.0,0.0,674,674,9110588.0,0.0,9110588,9110588,1
443,117057842,80,98,6142,158404,1149,0,76.775,249.3687715,4380,0,1616.367347,1096.227885,1405.681133,1.520615765,661343.7401,2432403.713,9994289,1,117000000,1481744.835,3519226.536,10100000,1,112000000,1159167.216,3210892.23,10100000,2,0,0,0,0,1612,2104,0.683422816,0.837192949,0,4380,919.2513966,1128.612735,1273766.706,0,0,0,1,0,0,0,0,1,924.4157303,76.775,1616.367347,1612,0,0,0,0,0,0,80,6142,98,158404,8192,1327,79,20,230727.9091,437234.3336,1549039,98728,9991023.0,3308.315976,9994289,9981616,0
80,82214241,8,5,56,11607,20,0,7.0,5.656854249,10220,0,2321.4,4455.182578,141.8610676,0.158123457,6851186.75,22000000.0,76500000,1,81700000,11700000.0,28600000.0,76500000,1,473731,118432.75,235840.1979,472192,45,0,0,0,0,172,112,0.097306743,0.060816714,0,10220,833.5,2726.136143,7431818.269,0,0,0,0,1,0,0,0,0,897.6153846,7.0,2321.4,172,0,0,0,0,0,0,8,56,5,11607,256,229,6,20,996.0,0.0,996,996,40900000.0,50300000.0,76500000,5281879,1
36314,4,2,0,0,0,0,0,0.0,0.0,0,0,0.0,0.0,0.0,500000.0,4.0,0.0,4,4,4,4.0,0.0,4,4,0,0.0,0.0,0,0,0,0,0,0,64,0,500000.0,0.0,0,0,0.0,0.0,0.0,0,0,0,0,1,0,0,0,0,0.0,0.0,0.0,64,0,0,0,0,0,0,2,0,0,0,4972,-1,0,32,0.0,0.0,0,0,0.0,0.0,0,0,0
443,47264288,27,19,5247,19598,674,0,194.3333333,275.0815264,2626,0,1031.473684,973.2689116,525.6611503,0.973250671,1050317.511,2710440.745,10000000,20,47300000,1817857.231,3398348.646,10000000,50,42700000,2369967.222,3872435.225,10000000,193,0,0,0,0,552,428,0.571255829,0.401994842,0,2626,528.6170213,767.8167397,589542.5458,0,0,0,1,0,0,0,0,0,540.1086957,194.3333333,1031.473684,552,0,0,0,0,0,0,27,5247,19,19598,8192,149,26,20,1481767.75,2879536.545,5801072,40919,9183102.25,1621126.096,10000000,6751469,0
80,13632085,3,2,0,0,0,0,0.0,0.0,0,0,0.0,0.0,0.0,0.366781751,3408021.25,4805284.922,10200000,23126,13600000,6816042.5,4842201.477,10200000,3392089,10200000,10200000.0,0.0,10200000,10200000,0,0,0,0,96,64,0.22006905,0.1467127,0,0,0.0,0.0,0.0,0,0,0,0,1,0,0,0,0,0.0,0.0,0.0,96,0,0,0,0,0,0,3,0,2,0,458,1140,0,32,23356.0,0.0,23356,23356,10200000.0,0.0,10200000,10200000,0
80,1609646,3,5,26,11607,20,0,8.666666667,10.26320288,7215,0,2321.4,3327.769794,7227.054893,4.97003689,229949.4286,607841.8206,1608405,4,907,453.5,484.3681451,796,111,1609582,402395.5,804006.4556,1608405,4,0,0,0,0,72,112,1.863763834,3.106273056,0,7215,1292.555556,2650.585648,7025604.278,0,0,0,1,0,0,0,0,1,1454.125,8.666666667,2321.4,72,0,0,0,0,0,0,3,26,5,11607,8192,229,2,20,0.0,0.0,0,0,0.0,0.0,0,0,1
80,100045660,8,6,329,11595,329,0,41.125,116.3190655,4344,0,1932.5,2178.085008,119.1855799,0.139936105,7695820.0,27700000.0,99800000,2,99900000,14300000.0,37700000.0,99800000,2,195429,39085.8,80704.19608,183157,2,0,0,0,0,264,200,0.079963489,0.059972617,0,4344,794.9333333,1620.340902,2625504.638,0,0,0,0,1,0,0,0,0,851.7142857,41.125,1932.5,264,0,0,0,0,0,0,8,329,6,11595,251,235,1,32,1994.0,0.0,1994,1994,99800000.0,0.0,99800000,99800000,1
53,44185386,2,2,89,249,49,40,44.5,6.363961031,177,72,124.5,74.24621202,7.649588033,0.090527669,14700000.0,25500000.0,44100000,23515,44200000,44200000.0,0.0,44200000,44200000,44200000,44200000.0,0.0,44200000,44200000,0,0,0,0,64,64,0.045263835,0.045263835,40,177,75.6,58.17473678,3384.3,0,0,0,0,0,0,0,0,1,94.5,44.5,124.5,64,0,0,0,0,0,0,2,89,2,249,-1,-1,1,32,23515.0,0.0,23515,23515,44100000.0,0.0,44100000,44100000,0
53,33707,4,4,244,508,61,61,61.0,0.0,127,127,127.0,0.0,22309.90595,237.339425,4815.285714,11650.94896,31173,1,33410,11136.66667,19278.01448,33397,3,2531,843.6666667,1457.809773,2527,1,0,0,0,0,104,80,118.6697125,118.6697125,61,127,90.33333333,34.78505426,1210.0,0,0,0,0,0,0,0,0,1,101.625,61.0,127.0,104,0,0,0,0,0,0,4,244,4,508,-1,-1,3,20,0.0,0.0,0,0,0.0,0.0,0,0,0
6668,50,1,1,2,6,2,2,2.0,0.0,6,6,6.0,0.0,160000.0,40000.0,50.0,0.0,50,50,0,0.0,0.0,0,0,0,0.0,0.0,0,0,0,0,0,0,24,20,20000.0,20000.0,2,6,3.333333333,2.309401077,5.333333333,0,0,0,1,0,0,0,0,1,5.0,2.0,6.0,24,0,0,0,0,0,0,1,2,1,6,1024,0,0,24,0.0,0.0,0,0,0.0,0.0,0,0,1
443,4716472,5,1,135,46,46,6,27.0,20.1246118,46,46,46.0,0.0,38.37614217,1.272137309,943294.4,1977370.314,4477590,3,4716472,1179118.0,2201685.165,4477590,3,0,0.0,0.0,0,0,1,0,0,0,100,20,1.060114425,0.212022885,6,46,32.42857143,18.86670032,355.952381,0,1,0,0,1,0,0,0,0,37.83333333,27.0,46.0,100,0,0,0,0,0,0,5,135,1,46,16527,351,4,20,0.0,0.0,0,0,0.0,0.0,0,0,0
1816,21645,3,0,43,0,31,6,14.33333333,14.43375673,0,0,0.0,0.0,1986.601987,138.6001386,10822.5,15301.08364,21642,3,21645,10822.5,15301.08364,21642,3,0,0.0,0.0,0,0,0,0,0,0,60,0,138.6001386,0.0,6,31,12.25,12.5,156.25,0,0,0,0,1,0,0,0,0,16.33333333,14.33333333,0.0,60,0,0,0,0,0,0,3,43,0,0,1013,-1,2,20,0.0,0.0,0,0,0.0,0.0,0,0,0
443,15600495,9,10,783,4574,394,0,87.0,142.6534262,1448,0,457.4,595.7455087,343.38654,1.217910073,866694.1667,2536698.991,9960042,4,10600000,1324932.25,3490013.229,9960042,236,15500000,1717561.889,3535177.529,10100000,4,0,0,0,0,296,328,0.576904771,0.641005301,0,1448,267.85,463.5339396,214863.7132,0,0,0,1,0,0,0,0,1,281.9473684,87.0,457.4,296,0,0,0,0,0,0,9,783,10,4574,29200,71,3,32,639416.0,0.0,639416,639416,9960042.0,0.0,9960042,9960042,0
53,208,2,2,92,216,46,46,46.0,0.0,108,108,108.0,0.0,1480769.231,19230.76923,69.33333333,36.95041723,112,48,48,48.0,0.0,48,48,48,48.0,0.0,48,48,0,0,0,0,64,64,9615.384615,9615.384615,46,108,70.8,33.95879857,1153.2,0,0,0,0,0,0,0,0,1,88.5,46.0,108.0,64,0,0,0,0,0,0,2,92,2,216,-1,-1,1,32,0.0,0.0,0,0,0.0,0.0,0,0,0
80,5856204,3,1,12,0,6,0,4.0,3.4641016151,0,0,0.0,0.0,2.049108945,0.683036315,1952068.0,3349687.93404341,5819898,54,5856204,2928102.0,4089617.12281627,5819898,36306,0,0.0,0.0,0,0,0,0,0,0,72,32,0.5122772362,0.1707590787,0,6,2.4,3.286335345,10.8,0,0,0,1,0,0,0,0,0,3.0,4.0,0.0,72,0,0,0,0,0,0,3,12,1,0,8192,42780,2,20,0.0,0.0,0,0,0.0,0.0,0,0,0
53,30692,2,2,82,146,41,41,41.0,0.0,73,73,73.0,0.0,7428.645901,130.3271211,10230.66667,17714.83831,30686,3,3,3.0,0.0,3,3,3,3.0,0.0,3,3,0,0,0,0,64,64,65.16356054,65.16356054,41,73,53.8,17.52712184,307.2,0,0,0,0,0,0,0,0,1,67.25,41.0,73.0,64,0,0,0,0,0,0,2,82,2,146,-1,-1,1,32,0.0,0.0,0,0,0.0,0.0,0,0,0
55600,74,1,1,0,6,0,0,0.0,0.0,6,6,6.0,0.0,81081.08108,27027.02703,74.0,0.0,74,74,0,0.0,0.0,0,0,0,0.0,0.0,0,0,0,0,0,0,40,20,13513.51351,13513.51351,0,6,2.0,3.464101615,12.0,0,0,0,1,0,0,0,0,1,3.0,0.0,6.0,40,0,0,0,0,0,0,1,0,1,6,29200,0,0,40,0.0,0.0,0,0,0.0,0.0,0,0,1
53,311,2,2,74,654,37,37,37.0,0.0,327,327,327.0,0.0,2340836.013,12861.73633,103.6666667,174.3597813,305,3,3,3.0,0.0,3,3,3,3.0,0.0,3,3,0,0,0,0,40,40,6430.868167,6430.868167,37,327,153.0,158.8395417,25230.0,0,0,0,0,0,0,0,0,1,191.25,37.0,327.0,40,0,0,0,0,0,0,2,74,2,654,-1,-1,1,20,0.0,0.0,0,0,0.0,0.0,0,0,0
80,16110995,4,6,329,11595,329,0,82.25,164.5,5792,0,1932.5,2181.008184,740.1156788,0.620694128,1790110.556,5340574.26,16000000,47,16000000,5347171.333,9252913.895,16000000,1018,79405,15881.0,30063.12176,69109,47,0,0,0,0,144,200,0.248277651,0.372416477,0,5792,1084.0,1826.853743,3337394.6,0,0,0,1,0,0,0,0,1,1192.4,82.25,1932.5,144,0,0,0,0,0,0,4,329,6,11595,29200,235,1,32,0.0,0.0,0,0,16000000.0,0.0,16000000,16000000,1
53,163,2,2,86,118,43,43,43.0,0.0,59,59,59.0,0.0,1251533.742,24539.8773,54.33333333,88.91194146,157,3,3,3.0,0.0,3,3,3,3.0,0.0,3,3,0,0,0,0,40,64,12269.93865,12269.93865,43,59,49.4,8.76356092,76.8,0,0,0,0,0,0,0,0,1,61.75,43.0,59.0,40,0,0,0,0,0,0,2,86,2,118,-1,-1,1,20,0.0,0.0,0,0,0.0,0.0,0,0,0
40412,3,2,0,31,0,31,0,15.5,21.92031022,0,0,0.0,0.0,10300000.0,666666.6667,3.0,0.0,3,3,3,3.0,0.0,3,3,0,0.0,0.0,0,0,1,0,0,0,64,0,666666.6667,0.0,0,31,20.66666667,17.89785834,320.3333333,0,1,0,0,1,0,0,0,0,31.0,15.5,0.0,64,0,0,0,0,0,0,2,31,0,0,110,-1,0,32,0.0,0.0,0,0,0.0,0.0,0,0,0
6668,61,1,1,2,6,2,2,2.0,0.0,6,6,6.0,0.0,131147.541,32786.88525,61.0,0.0,61,61,0,0.0,0.0,0,0,0,0.0,0.0,0,0,0,0,0,0,24,20,16393.44262,16393.44262,2,6,3.333333333,2.309401077,5.333333333,0,0,0,1,0,0,0,0,1,5.0,2.0,6.0,24,0,0,0,0,0,0,1,2,1,6,1024,0,0,24,0.0,0.0,0,0,0.0,0.0,0,0,1
80,139569,3,4,433,2281,427,0,144.3333333333,244.814896061,2267,2,570.25,1131.1682382976,19445.5788892949,50.1544039149,23261.5,29640.5397437361,74555,4,109452,54726.0,28049.511796108,74560,34892,104672,34890.6666666667,59791.8058126139,103931,4,0,0,0,0,72,84,21.494744535,28.6596593799,0,2267,339.25,792.9155512591,628715.071428571,0,0,0,1,0,0,0,0,1,387.7142857143,144.3333333333,570.25,72,0,0,0,0,0,0,3,433,4,2281,8192,30016,2,20,0.0,0.0,0,0,0.0,0.0,0,0,0
80,47438,3,4,435,871,429,0,145.0,245.9695103,859,0,217.75,427.5093566,27530.67161,147.561027,7906.333333,11891.96923,23315,4,23585,11792.5,16425.38342,23407,178,24123,8041.0,13363.23625,23467,4,0,0,0,0,72,92,63.24044015,84.32058687,0,859,163.25,318.2149992,101260.7857,0,0,0,1,0,0,0,0,1,186.5714286,145.0,217.75,72,0,0,0,0,0,0,3,435,4,871,8192,31,2,20,0.0,0.0,0,0,0.0,0.0,0,0,0
1132,50,1,1,2,6,2,2,2.0,0.0,6,6,6.0,0.0,160000.0,40000.0,50.0,0.0,50,50,0,0.0,0.0,0,0,0,0.0,0.0,0,0,0,0,0,0,24,20,20000.0,20000.0,2,6,3.333333333,2.309401077,5.333333333,0,0,0,1,0,0,0,0,1,5.0,2.0,6.0,24,0,0,0,0,0,0,1,2,1,6,1024,0,0,24,0.0,0.0,0,0,0.0,0.0,0,0,0
57786,244,3,2,77,12,46,0,25.6666666667,23.4591844132,6,6,6.0,0.0,364754.098360656,20491.8032786885,61.0,62.6897120746,150,3,244,122.0,168.2914139224,241,3,49,49.0,0.0,49,49,1,0,0,0,96,40,12295.0819672131,8196.7213114754,0,46,22.5,21.1068709192,445.5,0,1,0,0,1,0,0,0,0,27.0,25.6666666667,6.0,96,0,0,0,0,0,0,3,77,2,12,122,0,1,32,0.0,0.0,0,0,0.0,0.0,0,0,0
80,556932,3,4,26,11601,20,0,8.666666667,10.26320288,7215,0,2900.25,3540.00286,20876.87545,12.56885939,92822.0,211492.2738,523689,5,33032,16516.0,23345.83749,33024,8,556927,185642.3333,293219.248,523689,161,0,0,0,0,72,92,5.386654026,7.182205368,0,7215,1453.375,2786.259804,7763243.696,0,0,0,1,0,0,0,0,1,1661.0,8.666666667,2900.25,72,0,0,0,0,0,0,3,26,4,11601,8192,229,2,20,0.0,0.0,0,0,0.0,0.0,0,0,1
80,225,2,0,0,0,0,0,0.0,0.0,0,0,0.0,0.0,0.0,8888.888889,225.0,0.0,225,225,225,225.0,0.0,225,225,0,0.0,0.0,0,0,0,0,0,0,64,0,8888.888889,0.0,0,0,0.0,0.0,0.0,0,0,0,0,1,0,0,0,0,0.0,0.0,0.0,64,0,0,0,0,0,0,2,0,0,0,251,-1,0,32,0.0,0.0,0,0,0.0,0.0,0,0,1
53,192,2,2,66,180,33,33,33.0,0.0,90,90,90.0,0.0,1281250.0,20833.33333,64.0,69.39740629,140,4,4,4.0,0.0,4,4,48,48.0,0.0,48,48,0,0,0,0,40,40,10416.66667,10416.66667,33,90,55.8,31.22018578,974.7,0,0,0,0,0,0,0,0,1,69.75,33.0,90.0,40,0,0,0,0,0,0,2,66,2,180,-1,-1,1,20,0.0,0.0,0,0,0.0,0.0,0,0,0
80,85884387,4,7,413,11595,407,0,103.25,202.5197521,5792,0,1656.428571,2118.227235,139.8158666,0.128079158,8588438.7,27100000.0,85700000,13,85700000,28600000.0,49500000.0,85700000,999,173689,28948.16667,63151.80399,157198,13,0,0,0,0,124,232,0.046574239,0.081504919,0,5792,1001.166667,1764.944338,3115028.515,1,0,0,0,0,0,0,0,1,1092.181818,103.25,1656.428571,124,0,0,0,0,0,0,4,413,7,11595,0,235,1,20,0.0,0.0,0,0,85700000.0,0.0,85700000,85700000,1
443,90,2,0,0,0,0,0,0.0,0.0,0,0,0.0,0.0,0.0,22222.22222,90.0,0.0,90,90,90,90.0,0.0,90,90,0,0.0,0.0,0,0,0,0,0,0,40,0,22222.22222,0.0,0,0,0.0,0.0,0.0,0,0,0,0,1,0,0,0,0,0.0,0.0,0.0,40,0,0,0,0,0,0,2,0,0,0,256,-1,0,20,0.0,0.0,0,0,0.0,0.0,0,0,0
53,164259,1,1,47,175,47,47,47.0,0.0,175,175,175.0,0.0,1351.524117,12.17589295,164259.0,0.0,164259,164259,0,0.0,0.0,0,0,0,0.0,0.0,0,0,0,0,0,0,32,32,6.087946475,6.087946475,47,175,89.66666667,73.90083446,5461.333333,0,0,0,0,0,0,0,0,1,134.5,47.0,175.0,32,0,0,0,0,0,0,1,47,1,175,-1,-1,0,32,0.0,0.0,0,0,0.0,0.0,0,0,0
55207,52495,2,1,0,0,0,0,0.0,0.0,0,0,0.0,0.0,0.0,57.1482998381,26247.5,37055.930868081,52450,45,52495,52495.0,0.0,52495,52495,0,0.0,0.0,0,0,0,0,0,0,76,32,38.0988665587,19.0494332794,0,0,0.0,0.0,0.0,0,0,0,0,1,0,0,0,0,0.0,0.0,0.0,76,0,0,0,0,0,0,2,0,1,0,374,32832,0,32,0.0,0.0,0,0,0.0,0.0,0,0,0
53,136671,2,2,80,274,40,40,40.0,0.0,137,137,137.0,0.0,2590.161775,29.26736469,45557.0,78900.97646,136664,3,4,4.0,0.0,4,4,3,3.0,0.0,3,3,0,0,0,0,40,64,14.63368235,14.63368235,40,137,78.8,53.12908808,2822.7,0,0,0,0,0,0,0,0,1,98.5,40.0,137.0,40,0,0,0,0,0,0,2,80,2,274,-1,-1,1,20,0.0,0.0,0,0,0.0,0.0,0,0,0
80,33468,4,5,373,11595,373,0,93.25,186.5,4344,0,2319.0,1651.945822,357595.3149,268.9135891,4183.5,8207.70382,22150,-1,11000,3666.666667,6347.389568,10996,-1,22409,5602.25,11032.10238,22150,18,0,0,0,0,144,160,119.5171507,149.3964384,0,4344,1196.8,1620.025089,2624481.289,0,0,0,1,1,0,0,0,1,1329.777778,93.25,2319.0,144,0,0,0,0,0,0,4,373,5,11595,28960,235,1,32,0.0,0.0,0,0,0.0,0.0,0,0,1
1085,55,1,1,0,6,0,0,0.0,0.0,6,6,6.0,0.0,109090.9091,36363.63636,55.0,0.0,55,55,0,0.0,0.0,0,0,0,0.0,0.0,0,0,0,0,0,0,40,20,18181.81818,18181.81818,0,6,2.0,3.464101615,12.0,0,0,0,1,0,0,0,0,1,3.0,0.0,6.0,40,0,0,0,0,0,0,1,0,1,6,29200,0,0,40,0.0,0.0,0,0,0.0,0.0,0,0,1
53,148,2,2,104,136,52,52,52.0,0.0,68,68,68.0,0.0,1621621.622,27027.02703,49.33333333,80.25168742,142,3,3,3.0,0.0,3,3,3,3.0,0.0,3,3,0,0,0,0,64,64,13513.51351,13513.51351,52,68,58.4,8.76356092,76.8,0,0,0,0,0,0,0,0,1,73.0,52.0,68.0,64,0,0,0,0,0,0,2,104,2,136,-1,-1,1,32,0.0,0.0,0,0,0.0,0.0,0,0,0
53,60961,2,2,66,140,33,33,33.0,0.0,70,70,70.0,0.0,3379.2096586342,65.6157215269,20320.3333333333,35150.8233236909,60909,4,4,4.0,0.0,4,4,48,48.0,0.0,48,48,0,0,0,0,40,40,32.8078607634,32.8078607634,33,70,47.8,20.2657346277,410.7,0,0,0,0,0,0,0,0,1,59.75,33.0,70.0,40,0,0,0,0,0,0,2,66,2,140,-1,-1,1,20,0.0,0.0,0,0,0.0,0.0,0,0,0
80,99511726,6,5,372,11595,372,0,62.0,151.8683641,7240,0,2319.0,3003.171157,120.2571846,0.110539737,9951172.6,31400000.0,99300000,1,99300000,19900000.0,44400000.0,99300000,1,193485,48371.25,85595.40646,176211,52,0,0,0,0,200,168,0.060294402,0.050245335,0,7240,997.25,2156.79152,4651749.659,0,0,0,0,1,0,0,0,0,1087.909091,62.0,2319.0,200,0,0,0,0,0,0,6,372,5,11595,274,235,1,32,4.0,0.0,4,4,99300000.0,0.0,99300000,99300000,1
56388,3901,3,1,50,6,38,6,16.66666667,18.47520861,6,6,6.0,0.0,14355.29351,1025.378108,1300.333333,2190.996653,3830,3,3901,1950.5,2754.180913,3898,3,0,0.0,0.0,0,0,0,0,0,0,60,20,769.0335811,256.344527,6,38,12.4,14.31083506,204.8,0,0,0,0,1,0,0,0,0,15.5,16.66666667,6.0,60,0,0,0,0,0,0,3,50,1,6,351,0,2,20,0.0,0.0,0,0,0.0,0.0,0,0,0
53,46830,2,2,94,506,47,47,47.0,0.0,253,253,253.0,0.0,12812.2998078155,85.4153320521,15610.0,27032.1169537275,46824,3,3,3.0,0.0,3,3,3,3.0,0.0,3,3,0,0,0,0,64,64,42.7076660261,42.7076660261,47,253,129.4,112.8308468461,12730.8,0,0,0,0,0,0,0,0,1,161.75,47.0,253.0,64,0,0,0,0,0,0,2,94,2,506,-1,-1,1,32,0.0,0.0,0,0,0.0,0.0,0,0,0
88,781,2,2,496,2820,248,248,248.0,0.0,1410,1410,1410.0,0.0,4245838.668,5121.638924,260.3333333,437.0724578,765,4,4,4.0,0.0,4,4,12,12.0,0.0,12,12,0,0,0,0,64,40,2560.819462,2560.819462,248,1410,712.8,636.4536118,405073.2,0,0,0,0,0,0,0,0,1,891.0,248.0,1410.0,64,0,0,0,0,0,0,2,496,2,2820,-1,-1,1,32,0.0,0.0,0,0,0.0,0.0,0,0,0
80,100014947,9,7,384,11595,378,0,42.66666667,125.7656551,5792,0,1656.428571,2118.227235,119.7720977,0.159976088,6667663.133,25800000.0,99900000,1,99900000,12500000.0,35300000.0,99900000,1,152703,25450.5,55500.27073,138167,50,0,0,0,0,284,232,0.08998655,0.069989539,0,5792,704.6470588,1537.643527,2364347.618,0,0,0,0,1,0,0,0,0,748.6875,42.66666667,1656.428571,284,0,0,0,0,0,0,9,384,7,11595,251,235,2,20,1016.0,0.0,1016,1016,99900000.0,0.0,99900000,99900000,1
80,83212303,7,6,325,11595,325,0,46.42857143,122.8384537,5792,0,1932.5,2181.008184,143.2480483,0.156226898,6934358.583,24000000.0,83100000,1,83100000,13800000.0,33900000.0,83100000,1,147632,29526.4,58839.42514,134303,47,0,0,0,0,232,200,0.084122176,0.072104722,0,5792,851.4285714,1667.515827,2780609.033,0,0,0,0,1,0,0,0,0,916.9230769,46.42857143,1932.5,232,0,0,0,0,0,0,7,325,6,11595,251,235,1,32,6.0,0.0,6,6,83100000.0,0.0,83100000,83100000,1
53,301,2,2,64,196,32,32,32.0,0.0,98,98,98.0,0.0,863787.3754,13289.03654,100.3333333,134.1988574,253,1,1,1.0,0.0,1,1,47,47.0,0.0,47,47,0,0,0,0,64,64,6644.518272,6644.518272,32,98,58.4,36.1496888,1306.8,0,0,0,0,0,0,0,0,1,73.0,32.0,98.0,64,0,0,0,0,0,0,2,64,2,196,-1,-1,1,32,0.0,0.0,0,0,0.0,0.0,0,0,0
49750,212,2,0,0,0,0,0,0.0,0.0,0,0,0.0,0.0,0.0,9433.962264,212.0,0.0,212,212,212,212.0,0.0,212,212,0,0.0,0.0,0,0,0,0,0,0,64,0,9433.962264,0.0,0,0,0.0,0.0,0.0,0,0,0,0,1,0,0,0,0,0.0,0.0,0.0,64,0,0,0,0,0,0,2,0,0,0,4380,-1,0,32,0.0,0.0,0,0,0.0,0.0,0,0,0
80,98368542,6,4,321,11595,321,0,53.5,131.0477012,10147,0,2898.75,4880.140256,121.1362877,0.101658516,10900000.0,32800000.0,98400000,4,98400000,19700000.0,44000000.0,98400000,4,6271,2090.333333,3387.908253,6002,89,0,0,0,0,200,136,0.06099511,0.040663406,0,10147,1083.272727,3037.31915,9225307.618,0,0,0,0,1,0,0,0,0,1191.6,53.5,2898.75,200,0,0,0,0,0,0,6,321,4,11595,251,235,1,32,1007.0,0.0,1007,1007,98400000.0,0.0,98400000,98400000,1
22,145,1,1,6,6,6,6,6.0,0.0,6,6,6.0,0.0,82758.62069,13793.10345,145.0,0.0,145,145,0,0.0,0.0,0,0,0,0.0,0.0,0,0,0,0,0,0,20,20,6896.551724,6896.551724,6,6,6.0,0.0,0.0,0,0,0,0,1,1,0,0,1,9.0,6.0,6.0,20,0,0,0,0,0,0,1,6,1,6,16062,245,0,20,0.0,0.0,0,0,0.0,0.0,0,0,0
80,100157665,7,6,375,11595,369,0,53.57142857,139.1088988,4344,0,1932.5,1754.831473,119.5115721,0.129795358,8346472.083,28900000.0,100000000,3,100000000,16700000.0,40800000.0,100000000,3,144447,28889.4,58414.60565,133035,49,0,0,0,0,220,200,0.069889808,0.05990555,0,4344,855.0,1459.882819,2131257.846,0,0,0,0,1,0,0,0,0,920.7692308,53.57142857,1932.5,220,0,0,0,0,0,0,7,375,6,11595,274,235,2,20,1012.0,0.0,1012,1012,100000000.0,0.0,100000000,100000000,1
61112,37,1,1,6,6,6,6,6.0,0.0,6,6,6.0,0.0,324324.3243,54054.05405,37.0,0.0,37,37,0,0.0,0.0,0,0,0,0.0,0.0,0,0,0,0,0,0,20,20,27027.02703,27027.02703,6,6,6.0,0.0,0.0,0,0,0,0,1,1,0,0,1,9.0,6.0,6.0,20,0,0,0,0,0,0,1,6,1,6,22,254,0,20,0.0,0.0,0,0,0.0,0.0,0,0,0
80,80355043,8,4,56,11601,20,0,7.0,5.656854249,5840,0,2900.25,3345.636997,145.0686798,0.149337236,7305003.909,20700000.0,69000000,6,80300000,11500000.0,25700000.0,69000000,6,116697,38899.0,45790.19324,89431,156,0,0,0,0,172,92,0.099558157,0.049779079,0,5840,897.1538462,2174.910107,4730233.974,0,0,0,0,1,0,0,0,0,971.9166667,7.0,2900.25,172,0,0,0,0,0,0,8,56,4,11601,256,229,6,20,865.0,0.0,865,865,40100000.0,40900000.0,69000000,11200000,1
80,4,2,0,0,0,0,0,0.0,0.0,0,0,0.0,0.0,0.0,500000.0,4.0,0.0,4,4,4,4.0,0.0,4,4,0,0.0,0.0,0,0,0,0,0,0,64,0,500000.0,0.0,0,0,0.0,0.0,0.0,0,0,0,0,1,0,0,0,0,0.0,0.0,0.0,64,0,0,0,0,0,0,2,0,0,0,251,-1,0,32,0.0,0.0,0,0,0.0,0.0,0,0,1
80,116936122,9,6,326,11595,326,0,36.22222222,108.6666667,4344,0,1932.5,1754.831473,101.9445471,0.128275162,8352580.143,31200000.0,117000000,1,117000000,14600000.0,41300000.0,117000000,1,142364,28472.8,57572.27014,131114,16,0,0,0,0,296,200,0.076965097,0.051310065,0,4344,745.0625,1391.136009,1935259.396,0,0,0,0,1,0,0,0,0,794.7333333,36.22222222,1932.5,296,0,0,0,0,0,0,9,326,6,11595,251,235,1,32,999.0,0.0,999,999,117000000.0,0.0,117000000,117000000,1
53,210,2,2,76,154,38,38,38.0,0.0,77,77,77.0,0.0,1095238.095,19047.61905,70.0,82.23746105,161,1,1,1.0,0.0,1,1,48,48.0,0.0,48,48,0,0,0,0,40,40,9523.809524,9523.809524,38,77,53.6,21.36117974,456.3,0,0,0,0,0,0,0,0,1,67.0,38.0,77.0,40,0,0,0,0,0,0,2,76,2,154,-1,-1,1,20,0.0,0.0,0,0,0.0,0.0,0,0,0
80,110,2,0,0,0,0,0,0.0,0.0,0,0,0.0,0.0,0.0,18181.81818,110.0,0.0,110,110,110,110.0,0.0,110,110,0,0.0,0.0,0,0,0,0,0,0,40,0,18181.81818,0.0,0,0,0.0,0.0,0.0,0,0,0,0,1,0,0,0,0,0.0,0.0,0.0,40,0,0,0,0,0,0,2,0,0,0,254,-1,0,20,0.0,0.0,0,0,0.0,0.0,0,0,0
137,22,13,0,650,0,50,50,50.0,0.0,0,0,0.0,0.0,29500000.0,590909.0909,1.833333333,1.403458931,6,1,22,1.833333333,1.403458931,6,1,0,0.0,0.0,0,0,0,0,0,0,416,0,590909.0909,0.0,50,50,50.0,0.0,0.0,0,0,0,0,0,0,0,0,0,53.84615385,50.0,0.0,416,0,0,0,0,0,0,13,650,0,0,-1,-1,12,32,0.0,0.0,0,0,0.0,0.0,0,0,0
53,48570,2,2,94,194,47,47,47.0,0.0,97,97,97.0,0.0,5929.586164,82.35536339,16190.0,28000.3428,48522,1,1,1.0,0.0,1,1,47,47.0,0.0,47,47,0,0,0,0,80,64,41.1776817,41.1776817,47,97,67.0,27.38612788,750.0,0,0,0,0,0,0,0,0,1,83.75,47.0,97.0,80,0,0,0,0,0,0,2,94,2,194,-1,-1,1,40,0.0,0.0,0,0,0.0,0.0,0,0,0
53,30554,1,1,62,90,62,62,62.0,0.0,90,90,90.0,0.0,4974.798717,65.45787786,30554.0,0.0,30554,30554,0,0.0,0.0,0,0,0,0.0,0.0,0,0,0,0,0,0,32,20,32.72893893,32.72893893,62,90,71.33333333,16.16580754,261.3333333,0,0,0,0,0,0,0,0,1,107.0,62.0,90.0,32,0,0,0,0,0,0,1,62,1,90,-1,-1,0,32,0.0,0.0,0,0,0.0,0.0,0,0,0
1042,53,1,1,2,6,2,2,2.0,0.0,6,6,6.0,0.0,150943.3962,37735.84906,53.0,0.0,53,53,0,0.0,0.0,0,0,0,0.0,0.0,0,0,0,0,0,0,24,20,18867.92453,18867.92453,2,6,3.333333333,2.309401077,5.333333333,0,0,0,1,0,0,0,0,1,5.0,2.0,6.0,24,0,0,0,0,0,0,1,2,1,6,1024,0,0,24,0.0,0.0,0,0,0.0,0.0,0,0,1
80,996,2,0,0,0,0,0,0.0,0.0,0,0,0.0,0.0,0.0,2008.032129,996.0,0.0,996,996,996,996.0,0.0,996,996,0,0.0,0.0,0,0,0,0,0,0,64,0,2008.032129,0.0,0,0,0.0,0.0,0.0,0,0,0,0,1,0,0,0,0,0.0,0.0,0.0,64,0,0,0,0,0,0,2,0,0,0,274,-1,0,32,0.0,0.0,0,0,0.0,0.0,0,0,1
80,3,2,0,0,0,0,0,0.0,0.0,0,0,0.0,0.0,0.0,666666.6667,3.0,0.0,3,3,3,3.0,0.0,3,3,0,0.0,0.0,0,0,0,0,0,0,64,0,666666.6667,0.0,0,0,0.0,0.0,0.0,0,0,0,0,1,0,0,0,0,0.0,0.0,0.0,64,0,0,0,0,0,0,2,0,0,0,274,-1,0,32,0.0,0.0,0,0,0.0,0.0,0,0,1
555,16,1,1,2,6,2,2,2.0,0.0,6,6,6.0,0.0,500000.0,125000.0,16.0,0.0,16,16,0,0.0,0.0,0,0,0,0.0,0.0,0,0,0,0,0,0,24,20,62500.0,62500.0,2,6,3.333333333,2.309401077,5.333333333,0,0,0,1,0,0,0,0,1,5.0,2.0,6.0,24,0,0,0,0,0,0,1,2,1,6,1024,0,0,24,0.0,0.0,0,0,0.0,0.0,0,0,1
16001,47,1,1,2,6,2,2,2.0,0.0,6,6,6.0,0.0,170212.766,42553.19149,47.0,0.0,47,47,0,0.0,0.0,0,0,0,0.0,0.0,0,0,0,0,0,0,24,20,21276.59574,21276.59574,2,6,3.333333333,2.309401077,5.333333333,0,0,0,1,0,0,0,0,1,5.0,2.0,6.0,24,0,0,0,0,0,0,1,2,1,6,1024,0,0,24,0.0,0.0,0,0,0.0,0.0,0,0,1
53,122,2,2,84,116,42,42,42.0,0.0,58,58,58.0,0.0,1639344.262,32786.88525,40.66666667,66.98009655,118,1,3,3.0,0.0,3,3,1,1.0,0.0,1,1,0,0,0,0,64,64,16393.44262,16393.44262,42,58,48.4,8.76356092,76.8,0,0,0,0,0,0,0,0,1,60.5,42.0,58.0,64,0,0,0,0,0,0,2,84,2,116,-1,-1,1,32,0.0,0.0,0,0,0.0,0.0,0,0,0
3325,44,1,1,0,6,0,0,0.0,0.0,6,6,6.0,0.0,136363.6364,45454.54545,44.0,0.0,44,44,0,0.0,0.0,0,0,0,0.0,0.0,0,0,0,0,0,0,40,20,22727.27273,22727.27273,0,6,2.0,3.464101615,12.0,0,0,0,1,0,0,0,0,1,3.0,0.0,6.0,40,0,0,0,0,0,0,1,0,1,6,29200,0,0,40,0.0,0.0,0,0,0.0,0.0,0,0,1
88,6992,2,2,476,2660,238,238,238.0,0.0,1330,1330,1330.0,0.0,448512.5858,572.0823799,2330.666667,3994.450442,6943,4,4,4.0,0.0,4,4,45,45.0,0.0,45,45,0,0,0,0,40,40,286.0411899,286.0411899,238,1330,674.8,598.1130328,357739.2,0,0,0,0,0,0,0,0,1,843.5,238.0,1330.0,40,0,0,0,0,0,0,2,476,2,2660,-1,-1,1,20,0.0,0.0,0,0,0.0,0.0,0,0,0
80,1260548,3,6,26,11607,20,0,8.666666667,10.26320288,5840,0,1934.5,2538.919278,9228.526006,7.139751917,157568.5,445307.7936,1259649,3,750,375.0,152.7350647,483,267,1260502,252100.4,563236.8763,1259649,3,0,0,0,0,72,132,2.379917306,4.759834612,0,5840,1163.3,2138.329153,4572451.567,0,0,0,1,0,0,0,0,2,1292.555556,8.666666667,1934.5,72,0,0,0,0,0,0,3,26,6,11607,8192,229,2,20,0.0,0.0,0,0,0.0,0.0,0,0,1
58038,230010,6,4,108,18,78,6,18.0,29.39387691,6,0,4.5,3.0,547.8022695,43.47637059,25556.66667,52488.39727,159465,2,230010,46002.0,65884.59788,159521,2,229721,76573.66667,71955.8498,159536,31145,1,0,0,0,120,92,26.08582236,17.39054824,0,78,12.0,21.96360626,482.4,0,1,0,0,1,0,0,0,0,13.2,18.0,4.5,120,0,0,0,0,0,0,6,108,4,18,31,0,5,20,0.0,0.0,0,0,0.0,0.0,0,0,0
443,5340499,9,5,367,3129,210,0,40.7777777778,75.805306176,1630,0,625.8,836.3726442203,654.6204764761,2.6214778806,410807.615384615,1374269.67905706,4982492,4,5340499,667562.375,1744494.05669486,4982492,4,216252,54063.0,56305.5986973469,104739,217,0,0,0,0,296,168,1.6852357804,0.9362421002,0,1630,233.0666666667,534.6788711349,285881.495238095,0,0,0,1,0,0,0,0,0,249.7142857143,40.7777777778,625.8,296,0,0,0,0,0,0,9,367,5,3129,29200,972,3,32,0.0,0.0,0,0,0.0,0.0,0,0,0
416,14,1,1,0,6,0,0,0.0,0.0,6,6,6.0,0.0,428571.4286,142857.1429,14.0,0.0,14,14,0,0.0,0.0,0,0,0,0.0,0.0,0,0,0,0,0,0,40,20,71428.57143,71428.57143,0,6,2.0,3.464101615,12.0,0,0,0,1,0,0,0,0,1,3.0,0.0,6.0,40,0,0,0,0,0,0,1,0,1,6,29200,0,0,40,0.0,0.0,0,0,0.0,0.0,0,0,1
2393,40,1,1,2,6,2,2,2.0,0.0,6,6,6.0,0.0,200000.0,50000.0,40.0,0.0,40,40,0,0.0,0.0,0,0,0,0.0,0.0,0,0,0,0,0,0,24,20,25000.0,25000.0,2,6,3.333333333,2.309401077,5.333333333,0,0,0,1,0,0,0,0,1,5.0,2.0,6.0,24,0,0,0,0,0,0,1,2,1,6,1024,0,0,24,0.0,0.0,0,0,0.0,0.0,0,0,1
53,30747,2,2,92,348,46,46,46.0,0.0,174,174,174.0,0.0,14310.33922,130.0939929,10249.0,17745.72656,30740,3,3,3.0,0.0,3,3,4,4.0,0.0,4,4,0,0,0,0,64,40,65.04699645,65.04699645,46,174,97.2,70.10848736,4915.2,0,0,0,0,0,0,0,0,1,121.5,46.0,174.0,64,0,0,0,0,0,0,2,92,2,348,-1,-1,1,32,0.0,0.0,0,0,0.0,0.0,0,0,0
39149,117113,2,1,0,0,0,0,0.0,0.0,0,0,0.0,0.0,0.0,25.6162851263,58556.5,82737.8573598567,117061,52,117113,117113.0,0.0,117113,117113,0,0.0,0.0,0,0,0,0,0,0,64,32,17.0775234176,8.5387617088,0,0,0.0,0.0,0.0,0,0,0,0,1,1,0,0,0,0.0,0.0,0.0,64,0,0,0,0,0,0,2,0,1,0,32160,44888,0,32,0.0,0.0,0,0,0.0,0.0,0,0,0
53,202,2,2,78,256,39,39,39.0,0.0,128,128,128.0,0.0,1653465.347,19801.9802,67.33333333,77.82244749,153,1,48,48.0,0.0,48,48,1,1.0,0.0,1,1,0,0,0,0,64,64,9900.990099,9900.990099,39,128,74.6,48.74730762,2376.3,0,0,0,0,0,0,0,0,1,93.25,39.0,128.0,64,0,0,0,0,0,0,2,78,2,256,-1,-1,1,32,0.0,0.0,0,0,0.0,0.0,0,0,0
32773,43,1,1,0,6,0,0,0.0,0.0,6,6,6.0,0.0,139534.8837,46511.62791,43.0,0.0,43,43,0,0.0,0.0,0,0,0,0.0,0.0,0,0,0,0,0,0,40,20,23255.81395,23255.81395,0,6,2.0,3.464101615,12.0,0,0,0,1,0,0,0,0,1,3.0,0.0,6.0,40,0,0,0,0,0,0,1,0,1,6,29200,0,0,40,0.0,0.0,0,0,0.0,0.0,0,0,1
41696,63,1,1,0,0,0,0,0.0,0.0,0,0,0.0,0.0,0.0,31746.03175,63.0,0.0,63,63,0,0.0,0.0,0,0,0,0.0,0.0,0,0,0,0,0,0,32,32,15873.01587,15873.01587,0,0,0.0,0.0,0.0,0,0,0,0,1,1,0,0,1,0.0,0.0,0.0,32,0,0,0,0,0,0,1,0,1,0,114,360,0,32,0.0,0.0,0,0,0.0,0.0,0,0,0
80,99605800,5,6,334,11595,322,0,66.8,142.6926768,5792,0,1932.5,2989.558881,119.7621022,0.110435336,9960580.0,31400000.0,99400000,4,99500000,24900000.0,49700000.0,99400000,4,99600000,19900000.0,44500000.0,99500000,48,0,0,0,0,144,200,0.05019788,0.060237456,0,5792,994.5833333,2242.727417,5029826.265,1,0,0,0,0,0,0,0,1,1085.0,66.8,1932.5,144,0,0,0,0,0,0,5,334,6,11595,0,235,2,20,10014.0,0.0,10014,10014,99400000.0,0.0,99400000,99400000,1
8080,997437,3,3,0,18,0,0,0.0,0.0,6,6,6.0,0.0,18.04625255,6.015417515,199487.4,272176.1319,498589,611,996677,498338.5,1218.344984,499200,497477,996652,498326.0,1446.740474,499349,497303,0,0,0,0,92,60,3.007708758,3.007708758,0,6,2.571428571,3.207134903,10.28571429,0,0,0,1,0,0,0,0,1,3.0,0.0,6.0,92,0,0,0,0,0,0,3,0,3,18,8192,0,0,28,0.0,0.0,0,0,0.0,0.0,0,0,0
443,5222731,8,6,373,3710,216,0,46.625,81.15406424,1460,0,618.3333333,680.9950563,781.774899,2.680589906,401748.5385,1367164.775,4948426,3,5222731,746104.4286,1854736.655,4948426,3,53180,10636.0,13110.07637,27050,49,0,0,0,0,172,132,1.531765661,1.148824245,0,1460,272.2,504.6136004,254634.8857,0,0,0,1,0,0,0,0,0,291.6428571,46.625,618.3333333,172,0,0,0,0,0,0,8,373,6,3710,8192,119,3,20,0.0,0.0,0,0,0.0,0.0,0,0,0
53,30980,1,1,44,300,44,44,44.0,0.0,300,300,300.0,0.0,11103.93802,64.55777921,30980.0,0.0,30980,30980,0,0.0,0.0,0,0,0,0.0,0.0,0,0,0,0,0,0,32,32,32.27888961,32.27888961,44,300,129.3333333,147.8016689,21845.33333,0,0,0,0,0,0,0,0,1,194.0,44.0,300.0,32,0,0,0,0,0,0,1,44,1,300,-1,-1,0,32,0.0,0.0,0,0,0.0,0.0,0,0,0
5222,92,1,1,0,6,0,0,0.0,0.0,6,6,6.0,0.0,65217.3913,21739.13043,92.0,0.0,92,92,0,0.0,0.0,0,0,0,0.0,0.0,0,0,0,0,0,0,40,20,10869.56522,10869.56522,0,6,2.0,3.464101615,12.0,0,0,0,1,0,0,0,0,1,3.0,0.0,6.0,40,0,0,0,0,0,0,1,0,1,6,29200,0,0,40,0.0,0.0,0,0,0.0,0.0,0,0,1
80,47511,3,4,26,11601,20,0,8.666666667,10.26320288,8760,0,2900.25,4128.319301,244722.2748,147.3343015,7918.5,12569.15115,28930,68,18308,9154.0,12849.54443,18240,68,47413,15804.33333,14532.59489,28930,187,0,0,0,0,72,92,63.14327208,84.19102945,0,8760,1453.375,3113.952607,9696700.839,0,0,0,1,0,0,0,0,1,1661.0,8.666666667,2900.25,72,0,0,0,0,0,0,3,26,4,11601,8192,229,2,20,0.0,0.0,0,0,0.0,0.0,0,0,1
53,30489,1,1,47,108,47,47,47.0,0.0,108,108,108.0,0.0,5083.800715012,65.5974285808,30489.0,0.0,30489,30489,0,0.0,0.0,0,0,0,0.0,0.0,0,0,0,0,0,0,20,20,32.7987142904,32.7987142904,47,108,67.3333333333,35.2183664206,1240.3333333333,0,0,0,0,0,0,0,0,1,101.0,47.0,108.0,20,0,0,0,0,0,0,1,47,1,108,-1,-1,0,20,0.0,0.0,0,0,0.0,0.0,0,0,0
20,130,2,2,4,12,2,2,2.0,0.0,6,6,6.0,0.0,123076.9231,30769.23077,43.33333333,37.81974793,78,3,49,49.0,0.0,49,49,3,3.0,0.0,3,3,0,0,0,0,48,40,15384.61538,15384.61538,2,6,3.6,2.19089023,4.8,0,0,0,1,0,0,0,0,1,4.5,2.0,6.0,48,0,0,0,0,0,0,2,4,2,12,1024,0,1,24,0.0,0.0,0,0,0.0,0.0,0,0,0
80,85460021,7,7,374,11595,350,0,53.42857143,130.8062908,5792,0,1656.428571,2120.732252,140.0537919,0.16381929,6573847.769,23700000.0,85300000,1,85300000,14200000.0,34800000.0,85300000,1,85500000,14200000.0,34800000.0,85300000,46,0,0,0,0,184,232,0.081909645,0.081909645,0,5792,798.3333333,1620.272449,2625282.81,1,0,0,0,0,0,0,0,1,855.3571429,53.42857143,1656.428571,184,0,0,0,0,0,0,7,374,7,11595,0,235,4,20,12991.0,0.0,12991,12991,85300000.0,0.0,85300000,85300000,1
80,8,2,0,0,0,0,0,0.0,0.0,0,0,0.0,0.0,0.0,250000.0,8.0,0.0,8,8,8,8.0,0.0,8,8,0,0.0,0.0,0,0,0,0,0,0,64,0,250000.0,0.0,0,0,0.0,0.0,0.0,0,0,0,0,1,0,0,0,0,0.0,0.0,0.0,64,0,0,0,0,0,0,2,0,0,0,274,-1,0,32,0.0,0.0,0,0,0.0,0.0,0,0,1
53,209,2,2,90,172,45,45,45.0,0.0,86,86,86.0,0.0,1253588.517,19138.75598,69.66666667,36.66515148,112,48,48,48.0,0.0,48,48,49,49.0,0.0,49,49,0,0,0,0,64,64,9569.37799,9569.37799,45,86,61.4,22.45662486,504.3,0,0,0,0,0,0,0,0,1,76.75,45.0,86.0,64,0,0,0,0,0,0,2,90,2,172,-1,-1,1,32,0.0,0.0,0,0,0.0,0.0,0,0,0
80,83580067,7,5,316,11595,310,0,45.14285714,116.812426,5792,0,2319.0,3170.403917,142.5100557,0.143574903,7598187.909,25200000.0,83500000,0,83500000,13900000.0,34100000.0,83500000,0,117379,29344.75,50238.6715,104152,86,0,0,0,0,220,168,0.083752027,0.059822876,0,5792,916.2307692,2165.593843,4689796.692,0,0,0,0,1,0,0,0,0,992.5833333,45.14285714,2319.0,220,0,0,0,0,0,0,7,316,5,11595,251,235,2,20,4002.0,0.0,4002,4002,83500000.0,0.0,83500000,83500000,1
80,83343117,5,6,353,11595,341,0,70.6,151.1879625,5792,0,1932.5,2181.008184,143.3591691,0.131984504,8334311.7,26300000.0,83300000,4,83300000,20800000.0,41600000.0,83300000,4,60585,12117.0,20872.41741,48299,45,0,0,0,0,144,200,0.059992957,0.071991548,0,5792,996.1666667,1768.397674,3127230.333,1,0,0,0,0,0,0,0,1,1086.727273,70.6,1932.5,144,0,0,0,0,0,0,5,353,6,11595,0,235,2,20,11812.0,0.0,11812,11812,83300000.0,0.0,83300000,83300000,1
80,3,2,0,0,0,0,0,0.0,0.0,0,0,0.0,0.0,0.0,666666.6667,3.0,0.0,3,3,3,3.0,0.0,3,3,0,0.0,0.0,0,0,0,0,0,0,64,0,666666.6667,0.0,0,0,0.0,0.0,0.0,0,0,0,0,1,0,0,0,0,0.0,0.0,0.0,64,0,0,0,0,0,0,2,0,0,0,274,-1,0,32,0.0,0.0,0,0,0.0,0.0,0,0,1
80,4238929,5,0,30,0,6,6,6.0,0.0,0,0,0.0,0.0,7.077259374,1.179543229,1059732.25,2118118.553,4236910,3,4238929,1059732.25,2118118.553,4236910,3,0,0.0,0.0,0,0,0,0,0,0,100,0,1.179543229,0.0,6,6,6.0,0.0,0.0,0,0,0,0,1,0,0,0,0,7.2,6.0,0.0,100,0,0,0,0,0,0,5,30,0,0,256,-1,4,20,0.0,0.0,0,0,0.0,0.0,0,0,1
80,98702890,6,6,356,11595,338,0,59.33333333,136.5498688,10136,0,1932.5,4060.245892,121.0805479,0.121576987,8972990.0,29700000.0,98600000,1,98700000,19700000.0,44100000.0,98600000,1,98700000,19700000.0,44100000.0,98600000,45,0,0,0,0,164,200,0.060788494,0.060788494,0,10136,919.7692308,2798.095011,7829335.692,1,0,0,0,0,0,0,0,1,996.4166667,59.33333333,1932.5,164,0,0,0,0,0,0,6,356,6,11595,0,235,3,20,12995.0,0.0,12995,12995,98600000.0,0.0,98600000,98600000,1
80,2035974,5,0,30,0,6,6,6.0,0.0,0,0,0.0,0.0,14.73496223,2.455827039,508993.5,1017331.104,2034990,2,2035974,508993.5,1017331.104,2034990,2,0,0.0,0.0,0,0,0,0,0,0,100,0,2.455827039,0.0,6,6,6.0,0.0,0.0,0,0,0,0,1,0,0,0,0,7.2,6.0,0.0,100,0,0,0,0,0,0,5,30,0,0,256,-1,4,20,0.0,0.0,0,0,0.0,0.0,0,0,1
53,155,2,2,56,88,28,28,28.0,0.0,44,44,44.0,0.0,929032.2581,25806.45161,51.66666667,83.4286122,148,3,3,3.0,0.0,3,3,4,4.0,0.0,4,4,0,0,0,0,80,80,12903.22581,12903.22581,28,44,34.4,8.76356092,76.8,0,0,0,0,0,0,0,0,1,43.0,28.0,44.0,80,0,0,0,0,0,0,2,56,2,88,-1,-1,1,40,0.0,0.0,0,0,0.0,0.0,0,0,0
53,200,2,2,62,94,31,31,31.0,0.0,47,47,47.0,0.0,780000.0,20000.0,66.66666667,109.4090185,193,3,4,4.0,0.0,4,4,3,3.0,0.0,3,3,0,0,0,0,64,64,10000.0,10000.0,31,47,37.4,8.76356092,76.8,0,0,0,0,0,0,0,0,1,46.75,31.0,47.0,64,0,0,0,0,0,0,2,62,2,94,-1,-1,1,32,0.0,0.0,0,0,0.0,0.0,0,0,0
443,3,2,0,12,0,6,6,6.0,0.0,0,0,0.0,0.0,4000000.0,666666.666666667,3.0,0.0,3,3,3,3.0,0.0,3,3,0,0.0,0.0,0,0,0,0,0,0,40,0,666666.666666667,0.0,6,6,6.0,0.0,0.0,1,0,0,0,0,0,0,0,0,9.0,6.0,0.0,40,0,0,0,0,0,0,2,12,0,0,0,-1,1,20,0.0,0.0,0,0,0.0,0.0,0,0,0
4002,48,1,1,0,6,0,0,0.0,0.0,6,6,6.0,0.0,125000.0,41666.66667,48.0,0.0,48,48,0,0.0,0.0,0,0,0,0.0,0.0,0,0,0,0,0,0,40,20,20833.33333,20833.33333,0,6,2.0,3.464101615,12.0,0,0,0,1,0,0,0,0,1,3.0,0.0,6.0,40,0,0,0,0,0,0,1,0,1,6,29200,0,0,40,0.0,0.0,0,0,0.0,0.0,0,0,1
1070,33,1,1,2,6,2,2,2.0,0.0,6,6,6.0,0.0,242424.2424,60606.06061,33.0,0.0,33,33,0,0.0,0.0,0,0,0,0.0,0.0,0,0,0,0,0,0,24,20,30303.0303,30303.0303,2,6,3.333333333,2.309401077,5.333333333,0,0,0,1,0,0,0,0,1,5.0,2.0,6.0,24,0,0,0,0,0,0,1,2,1,6,1024,0,0,24,0.0,0.0,0,0,0.0,0.0,0,0,1
80,1,2,0,0,0,0,0,0.0,0.0,0,0,0.0,0.0,0.0,2000000.0,1.0,0.0,1,1,1,1.0,0.0,1,1,0,0.0,0.0,0,0,0,0,0,0,64,0,2000000.0,0.0,0,0,0.0,0.0,0.0,0,0,0,0,1,0,0,0,0,0.0,0.0,0.0,64,0,0,0,0,0,0,2,0,0,0,251,-1,0,32,0.0,0.0,0,0,0.0,0.0,0,0,1
8000,44,1,1,2,6,2,2,2.0,0.0,6,6,6.0,0.0,181818.1818,45454.54545,44.0,0.0,44,44,0,0.0,0.0,0,0,0,0.0,0.0,0,0,0,0,0,0,24,20,22727.27273,22727.27273,2,6,3.333333333,2.309401077,5.333333333,0,0,0,1,0,0,0,0,1,5.0,2.0,6.0,24,0,0,0,0,0,0,1,2,1,6,1024,0,0,24,0.0,0.0,0,0,0.0,0.0,0,0,1
80,459781,3,4,26,11601,20,0,8.666666667,10.26320288,8760,0,2900.25,4128.319301,25288.1263,15.22463956,76630.16667,184083.9536,452351,47,6910,3455.0,4819.639821,6863,47,459699,153233.0,259064.2236,452351,420,0,0,0,0,72,92,6.524845524,8.699794032,0,8760,1453.375,3113.952607,9696700.839,0,0,0,1,0,0,0,0,1,1661.0,8.666666667,2900.25,72,0,0,0,0,0,0,3,26,4,11601,8192,229,2,20,0.0,0.0,0,0,0.0,0.0,0,0,1
443,3,2,0,12,0,6,6,6.0,0.0,0,0,0.0,0.0,4000000.0,666666.666666667,3.0,0.0,3,3,3,3.0,0.0,3,3,0,0.0,0.0,0,0,0,0,0,0,40,0,666666.666666667,0.0,6,6,6.0,0.0,0.0,1,0,0,0,0,0,0,0,0,9.0,6.0,0.0,40,0,0,0,0,0,0,2,12,0,0,0,-1,1,20,0.0,0.0,0,0,0.0,0.0,0,0,0
5904,48,2,0,4,0,2,2,2.0,0.0,0,0,0.0,0.0,83333.33333,41666.66667,48.0,0.0,48,48,48,48.0,0.0,48,48,0,0.0,0.0,0,0,0,0,0,0,48,0,41666.66667,0.0,2,2,2.0,0.0,0.0,0,0,0,1,0,0,0,0,0,3.0,2.0,0.0,48,0,0,0,0,0,0,2,4,0,0,1024,-1,1,24,0.0,0.0,0,0,0.0,0.0,0,0,0
443,6000080,8,5,374,3766,193,0,46.75,72.45244746,2042,0,753.2,939.602682,689.9908001,2.166637778,500006.6667,1672686.717,5811189,4,6000080,857154.2857,2184695.751,5811189,4,109277,27319.25,29709.21885,58397,230,0,0,0,0,172,112,1.333315556,0.833322222,0,2042,295.7142857,632.3300536,399841.2967,0,0,0,1,0,0,0,0,0,318.4615385,46.75,753.2,172,0,0,0,0,0,0,8,374,5,3766,8192,60,7,20,188887.0,0.0,188887,188887,5811189.0,0.0,5811189,5811189,0
80,9113379,4,0,24,0,6,6,6.0,0.0,0,0,0.0,0.0,2.633490827,0.438915138,3037793.0,5260008.85,9111528,247,9113379,3037793.0,5260008.85,9111528,247,0,0.0,0.0,0,0,0,0,0,0,80,0,0.438915138,0.0,6,6,6.0,0.0,0.0,0,0,0,0,1,0,0,0,0,7.5,6.0,0.0,80,0,0,0,0,0,0,4,24,0,0,256,-1,3,20,1851.0,0.0,1851,1851,9111528.0,0.0,9111528,9111528,1
53,47784,1,1,53,69,53,53,53.0,0.0,69,69,69.0,0.0,2553.155868,41.85501423,47784.0,0.0,47784,47784,0,0.0,0.0,0,0,0,0.0,0.0,0,0,0,0,0,0,32,32,20.92750712,20.92750712,53,69,58.33333333,9.237604307,85.33333333,0,0,0,0,0,0,0,0,1,87.5,53.0,69.0,32,0,0,0,0,0,0,1,53,1,69,-1,-1,0,32,0.0,0.0,0,0,0.0,0.0,0,0,0
53671,3,2,0,37,0,37,0,18.5,26.1629509039,0,0,0.0,0.0,12333333.3333333,666666.666666667,3.0,0.0,3,3,3,3.0,0.0,3,3,0,0.0,0.0,0,0,1,0,0,0,64,0,666666.666666667,0.0,0,37,24.6666666667,21.36195996,456.3333333333,0,1,0,0,1,0,0,0,0,37.0,18.5,0.0,64,0,0,0,0,0,0,2,37,0,0,63,-1,0,32,0.0,0.0,0,0,0.0,0.0,0,0,0
53,124,2,2,88,188,44,44,44.0,0.0,94,94,94.0,0.0,2225806.452,32258.06452,41.33333333,67.27803009,119,1,4,4.0,0.0,4,4,1,1.0,0.0,1,1,0,0,0,0,40,40,16129.03226,16129.03226,44,94,64.0,27.38612788,750.0,0,0,0,0,0,0,0,0,1,80.0,44.0,94.0,40,0,0,0,0,0,0,2,88,2,188,-1,-1,1,20,0.0,0.0,0,0,0.0,0.0,0,0,0
80,3,2,0,0,0,0,0,0.0,0.0,0,0,0.0,0.0,0.0,666666.6667,3.0,0.0,3,3,3,3.0,0.0,3,3,0,0.0,0.0,0,0,0,0,0,0,64,0,666666.6667,0.0,0,0,0.0,0.0,0.0,0,0,0,0,1,0,0,0,0,0.0,0.0,0.0,64,0,0,0,0,0,0,2,0,0,0,251,-1,0,32,0.0,0.0,0,0,0.0,0.0,0,0,1
80,5037301,4,0,24,0,6,6,6.0,0.0,0,0,0.0,0.0,4.764456204,0.794076034,1679100.333,2907699.923,5036623,326,5037301,1679100.333,2907699.923,5036623,326,0,0.0,0.0,0,0,0,0,0,0,80,0,0.794076034,0.0,6,6,6.0,0.0,0.0,0,0,0,0,1,0,0,0,0,7.5,6.0,0.0,80,0,0,0,0,0,0,4,24,0,0,256,-1,3,20,678.0,0.0,678,678,5036623.0,0.0,5036623,5036623,1
42510,49,1,1,0,6,0,0,0.0,0.0,6,6,6.0,0.0,122448.9796,40816.32653,49.0,0.0,49,49,0,0.0,0.0,0,0,0,0.0,0.0,0,0,0,0,0,0,40,20,20408.16327,20408.16327,0,6,2.0,3.464101615,12.0,0,0,0,1,0,0,0,0,1,3.0,0.0,6.0,40,0,0,0,0,0,0,1,0,1,6,29200,0,0,40,0.0,0.0,0,0,0.0,0.0,0,0,1
80,18571304,7,4,296,11632,296,0,42.28571429,111.877484,11632,0,2908.0,5816.0,642.2812313,0.592311665,1857130.4,4404301.636,13600000,3,13600000,2261680.167,5539304.933,13600000,3,18600000,6190428.667,6860387.973,13600000,880,0,0,0,0,232,136,0.376925605,0.21538606,0,11632,994.0,3351.181718,11200000.0,0,0,0,1,0,0,0,0,0,1084.363636,42.28571429,2908.0,232,0,0,0,0,0,0,7,296,4,11632,29200,235,1,32,898.0,0.0,898,898,13600000.0,0.0,13600000,13600000,1
80,703270,3,5,26,11607,20,0,8.666666667,10.26320288,7215,0,2321.4,3327.769794,16541.29993,11.37543191,100467.1429,265353.0577,702231,3,819,409.5,574.8778131,816,3,703223,175805.75,350950.3512,702231,4,0,0,0,0,72,112,4.265786967,7.109644944,0,7215,1292.555556,2650.585648,7025604.278,0,0,0,1,0,0,0,0,1,1454.125,8.666666667,2321.4,72,0,0,0,0,0,0,3,26,5,11607,8192,229,2,20,0.0,0.0,0,0,0.0,0.0,0,0,1
53,178,2,2,64,158,32,32,32.0,0.0,79,79,79.0,0.0,1247191.01123596,22471.9101123596,59.3333333333,98.4394907206,173,2,3,3.0,0.0,3,3,2,2.0,0.0,2,2,0,0,0,0,64,64,11235.9550561798,11235.9550561798,32,79,50.8,25.7429602027,662.7,0,0,0,0,0,0,0,0,1,63.5,32.0,79.0,64,0,0,0,0,0,0,2,64,2,158,-1,-1,1,32,0.0,0.0,0,0,0.0,0.0,0,0,0
8651,4,2,0,4,0,2,2,2.0,0.0,0,0,0.0,0.0,1000000.0,500000.0,4.0,0.0,4,4,4,4.0,0.0,4,4,0,0.0,0.0,0,0,0,0,0,0,48,0,500000.0,0.0,2,2,2.0,0.0,0.0,0,0,0,1,0,0,0,0,0,3.0,2.0,0.0,48,0,0,0,0,0,0,2,4,0,0,1024,-1,1,24,0.0,0.0,0,0,0.0,0.0,0,0,0
443,115569004,26,28,680,20459,324,0,26.15384615,75.79693519,1630,0,730.6785714,730.1313963,182.9123664,0.467253313,2180547.245,4162527.133,10200000,4,116000000,4622760.16,5103144.691,10200000,48,113000000,4170411.926,5119569.507,10200000,47,0,0,0,0,840,904,0.224973817,0.242279496,0,1630,384.3454545,629.2142136,395910.5266,0,0,0,1,0,0,0,0,1,391.462963,26.15384615,730.6785714,840,0,0,0,0,0,0,26,680,28,20459,29200,122,4,32,36931.63636,23527.65669,107870,29773,10200000.0,35314.46307,10200000,10100000,0
80,85159301,8,7,383,11595,371,0,47.875,130.5903491,4344,0,1656.428571,1547.737688,140.6540432,0.176140478,6082807.214,22700000.0,85000000,2,85000000,12100000.0,32100000.0,85000000,2,150684,25114.0,55157.36284,137212,48,0,0,0,0,240,232,0.093941588,0.08219889,0,4344,748.625,1284.521279,1649994.917,0,0,0,0,1,0,0,0,0,798.5333333,47.875,1656.428571,240,0,0,0,0,0,0,8,383,7,11595,274,235,3,20,3004.0,0.0,3004,3004,85000000.0,0.0,85000000,85000000,1
80,19,2,0,12,0,6,6,6.0,0.0,0,0,0.0,0.0,631578.9474,105263.1579,19.0,0.0,19,19,19,19.0,0.0,19,19,0,0.0,0.0,0,0,0,0,0,0,40,0,105263.1579,0.0,6,6,6.0,0.0,0.0,0,0,0,0,1,0,0,0,0,9.0,6.0,0.0,40,0,0,0,0,0,0,2,12,0,0,16300,-1,1,20,0.0,0.0,0,0,0.0,0.0,0,0,0
80,81921878,8,6,56,11607,20,0,7.0,5.656854249,4380,0,1934.5,2177.344966,142.3673417,0.17089452,6301682.923,18700000.0,67500000,1,80300000,11500000.0,25200000.0,67500000,1,1650689,330137.8,737719.825,1649811,3,0,0,0,0,172,132,0.097654011,0.073240508,0,4380,777.9333333,1627.46176,2648631.781,0,0,0,0,1,0,0,0,0,833.5,7.0,1934.5,172,0,0,0,0,0,0,8,56,6,11607,256,229,6,20,1021.0,0.0,1021,1021,40100000.0,38700000.0,67500000,12800000,1
80,4,2,0,0,0,0,0,0.0,0.0,0,0,0.0,0.0,0.0,500000.0,4.0,0.0,4,4,4,4.0,0.0,4,4,0,0.0,0.0,0,0,0,0,0,0,64,0,500000.0,0.0,0,0,0.0,0.0,0.0,0,0,0,0,1,0,0,0,0,0.0,0.0,0.0,64,0,0,0,0,0,0,2,0,0,0,251,-1,0,32,0.0,0.0,0,0,0.0,0.0,0,0,1
80,4,3,0,0,0,0,0,0.0,0.0,0,0,0.0,0.0,0.0,750000.0,2.0,1.414213562,3,1,4,2.0,1.414213562,3,1,0,0.0,0.0,0,0,0,0,0,0,96,0,750000.0,0.0,0,0,0.0,0.0,0.0,0,0,0,0,1,0,0,0,0,0.0,0.0,0.0,96,0,0,0,0,0,0,3,0,0,0,251,-1,0,32,0.0,0.0,0,0,0.0,0.0,0,0,1
8402,1,2,0,4,0,2,2,2.0,0.0,0,0,0.0,0.0,4000000.0,2000000.0,1.0,0.0,1,1,1,1.0,0.0,1,1,0,0.0,0.0,0,0,0,0,0,0,48,0,2000000.0,0.0,2,2,2.0,0.0,0.0,0,0,0,1,0,0,0,0,0,3.0,2.0,0.0,48,0,0,0,0,0,0,2,4,0,0,1024,-1,1,24,0.0,0.0,0,0,0.0,0.0,0,0,0
901,44,1,1,0,6,0,0,0.0,0.0,6,6,6.0,0.0,136363.6364,45454.54545,44.0,0.0,44,44,0,0.0,0.0,0,0,0,0.0,0.0,0,0,0,0,0,0,40,20,22727.27273,22727.27273,0,6,2.0,3.464101615,12.0,0,0,0,1,0,0,0,0,1,3.0,0.0,6.0,40,0,0,0,0,0,0,1,0,1,6,29200,0,0,40,0.0,0.0,0,0,0.0,0.0,0,0,1
5190,44,1,1,0,6,0,0,0.0,0.0,6,6,6.0,0.0,136363.6364,45454.54545,44.0,0.0,44,44,0,0.0,0.0,0,0,0,0.0,0.0,0,0,0,0,0,0,40,20,22727.27273,22727.27273,0,6,2.0,3.464101615,12.0,0,0,0,1,0,0,0,0,1,3.0,0.0,6.0,40,0,0,0,0,0,0,1,0,1,6,29200,0,0,40,0.0,0.0,0,0,0.0,0.0,0,0,1
80,834069,3,5,26,11601,20,0,8.666666667,10.26320288,7300,0,2320.2,3022.508098,13940.09369,9.591532595,119152.7143,308961.6309,819726,3,13529,6764.5,9099.757167,13199,330,834066,208516.5,407520.6384,819726,179,0,0,0,0,72,112,3.596824723,5.994707872,0,7300,1291.888889,2460.652985,6054813.111,0,0,0,1,0,0,0,0,1,1453.375,8.666666667,2320.2,72,0,0,0,0,0,0,3,26,5,11601,8192,229,2,20,0.0,0.0,0,0,0.0,0.0,0,0,1
80,98445755,6,7,377,11595,359,0,62.83333333,145.1212137,4344,0,1656.428571,1760.597234,121.6101192,0.132052418,8203812.917,28400000.0,98400000,1,98400000,19700000.0,44000000.0,98400000,1,98400000,16400000.0,40200000.0,98400000,46,0,0,0,0,164,232,0.06094727,0.071105148,0,4344,855.5714286,1459.333236,2129653.495,1,0,0,0,0,0,0,0,1,921.3846154,62.83333333,1656.428571,164,0,0,0,0,0,0,6,377,7,11595,0,235,3,20,11009.0,0.0,11009,11009,98400000.0,0.0,98400000,98400000,1
80,2,2,0,0,0,0,0,0.0,0.0,0,0,0.0,0.0,0.0,1000000.0,2.0,0.0,2,2,2,2.0,0.0,2,2,0,0.0,0.0,0,0,0,0,0,0,64,0,1000000.0,0.0,0,0,0.0,0.0,0.0,0,0,0,0,1,0,0,0,0,0.0,0.0,0.0,64,0,0,0,0,0,0,2,0,0,0,274,-1,0,32,0.0,0.0,0,0,0.0,0.0,0,0,1
53,133666,1,1,54,81,54,54,54.0,0.0,81,81,81.0,0.0,1009.9800996514,14.962668143,133666.0,0.0,133666,133666,0,0.0,0.0,0,0,0,0.0,0.0,0,0,0,0,0,0,20,20,7.4813340715,7.4813340715,54,81,63.0,15.5884572681,243.0,0,0,0,0,0,0,0,0,1,94.5,54.0,81.0,20,0,0,0,0,0,0,1,54,1,81,-1,-1,0,20,0.0,0.0,0,0,0.0,0.0,0,0,0
80,501133,3,6,26,11601,20,0,8.666666667,10.26320288,5840,0,1933.5,2201.078258,23201.42557,17.95930422,62641.625,166185.0496,473376,26,26745,13372.5,16585.18955,25100,1645,501055,100211.0,208917.7833,473376,191,0,0,0,0,72,132,5.986434739,11.97286948,0,5840,1162.7,1918.795458,3681776.011,0,0,0,1,0,0,0,0,2,1291.888889,8.666666667,1933.5,72,0,0,0,0,0,0,3,26,6,11601,8192,229,2,20,0.0,0.0,0,0,0.0,0.0,0,0,1
80,85855091,8,6,718,11595,356,0,89.75,164.3461069,4344,0,1932.5,1754.831473,143.416073,0.163065461,6604237.769,23700000.0,85500000,0,85700000,12200000.0,32300000.0,85500000,0,362396,72479.2,104513.6197,227900,15,0,0,0,0,252,200,0.093180263,0.069885198,0,4344,820.8666667,1412.967539,1996477.267,0,0,0,0,1,0,0,0,0,879.5,89.75,1932.5,252,0,0,0,0,0,0,8,718,6,11595,251,235,3,20,998.0,0.0,998,998,85500000.0,0.0,85500000,85500000,1
53,146,2,2,88,200,44,44,44.0,0.0,100,100,100.0,0.0,1972602.73972603,27397.2602739726,48.6666666667,78.2325592917,139,3,3,3.0,0.0,3,3,4,4.0,0.0,4,4,0,0,0,0,64,64,13698.6301369863,13698.6301369863,44,100,66.4,30.6724632203,940.8,0,0,0,0,0,0,0,0,1,83.0,44.0,100.0,64,0,0,0,0,0,0,2,88,2,200,-1,-1,1,32,0.0,0.0,0,0,0.0,0.0,0,0,0
6059,53,1,1,0,6,0,0,0.0,0.0,6,6,6.0,0.0,113207.5472,37735.84906,53.0,0.0,53,53,0,0.0,0.0,0,0,0,0.0,0.0,0,0,0,0,0,0,40,20,18867.92453,18867.92453,0,6,2.0,3.464101615,12.0,0,0,0,1,0,0,0,0,1,3.0,0.0,6.0,40,0,0,0,0,0,0,1,0,1,6,29200,0,0,40,0.0,0.0,0,0,0.0,0.0,0,0,1
1151,60,2,2,4,12,2,2,2.0,0.0,6,6,6.0,0.0,266666.6667,66666.66667,20.0,24.75883681,48,1,1,1.0,0.0,1,1,48,48.0,0.0,48,48,0,0,0,0,48,40,33333.33333,33333.33333,2,6,3.6,2.19089023,4.8,0,0,0,1,0,0,0,0,1,4.5,2.0,6.0,48,0,0,0,0,0,0,2,4,2,12,1024,0,1,24,0.0,0.0,0,0,0.0,0.0,0,0,0
80,70245525,8,6,56,11607,20,0,7.0,5.656854249,4380,0,1934.5,2177.344966,166.0319287,0.199300952,5403501.923,18100000.0,65500000,1,70000000,10000000.0,24500000.0,65500000,1,213854,42770.8,94944.93835,212612,17,0,0,0,0,172,132,0.113886258,0.085414694,0,4380,777.9333333,1627.46176,2648631.781,0,0,0,0,1,0,0,0,0,833.5,7.0,1934.5,172,0,0,0,0,0,0,8,56,6,11607,256,229,6,20,4524922.0,0.0,4524922,4524922,65500000.0,0.0,65500000,65500000,1
80,4,2,0,0,0,0,0,0.0,0.0,0,0,0.0,0.0,0.0,500000.0,4.0,0.0,4,4,4,4.0,0.0,4,4,0,0.0,0.0,0,0,0,0,0,0,64,0,500000.0,0.0,0,0,0.0,0.0,0.0,0,0,0,0,1,0,0,0,0,0.0,0.0,0.0,64,0,0,0,0,0,0,2,0,0,0,274,-1,0,32,0.0,0.0,0,0,0.0,0.0,0,0,1
80,84291081,7,7,738,11595,360,0,105.4285714,173.9260927,5792,0,1656.428571,2120.732252,146.3144126,0.166091119,6483929.308,23300000.0,83900000,1,84200000,14000000.0,34200000.0,83900000,1,84300000,14000000.0,34200000.0,83900000,46,0,0,0,0,196,232,0.08304556,0.08304556,0,5792,822.6,1610.248508,2592900.257,1,0,0,0,0,0,0,0,1,881.3571429,105.4285714,1656.428571,196,0,0,0,0,0,0,7,738,7,11595,0,235,4,20,12017.0,0.0,12017,12017,83900000.0,0.0,83900000,83900000,1
443,100318902,69,83,4126,126049,477,0,59.79710145,139.1268549,4380,0,1518.662651,1088.46565,1297.61189,1.515168099,664363.5894,2326964.772,10100000,3,100000000,1475277.971,3313466.911,10100000,3,100000000,1223003.488,3075305.114,10100000,47,0,0,0,0,1392,1768,0.687806571,0.827361528,0,4380,850.8169935,1086.350327,1180157.032,0,0,0,1,0,0,0,0,1,856.4144737,59.79710145,1518.662651,1392,0,0,0,0,0,0,69,4126,83,126049,8192,1214,68,20,1472995.222,3122579.64,9029515,32227,9673533.778,1001373.431,10100000,7006358,0
443,1229537,6,8,800,602,485,0,133.3333333333,192.9970638809,405,0,75.25,144.811947021,1140.2666206873,11.3863999213,94579.7692307692,264874.963495405,970415,3,259122,51824.4,50013.669224523,113860,160,1157725,165389.285714286,369685.498639368,1000465,3,0,0,0,0,132,168,4.8798856805,6.5065142407,0,485,93.4666666667,159.0057800686,25282.8380952381,0,0,0,1,0,0,0,0,1,100.1428571429,133.3333333333,75.25,132,0,0,0,0,0,0,6,800,8,602,8192,5168,5,20,0.0,0.0,0,0,0.0,0.0,0,0,0
8500,36,1,1,0,6,0,0,0.0,0.0,6,6,6.0,0.0,166666.6667,55555.55556,36.0,0.0,36,36,0,0.0,0.0,0,0,0,0.0,0.0,0,0,0,0,0,0,40,20,27777.77778,27777.77778,0,6,2.0,3.464101615,12.0,0,0,0,1,0,0,0,0,1,3.0,0.0,6.0,40,0,0,0,0,0,0,1,0,1,6,29200,0,0,40,0.0,0.0,0,0,0.0,0.0,0,0,1
40806,34,1,1,0,0,0,0,0.0,0.0,0,0,0.0,0.0,0.0,58823.52941,34.0,0.0,34,34,0,0.0,0.0,0,0,0,0.0,0.0,0,0,0,0,0,0,32,32,29411.76471,29411.76471,0,0,0.0,0.0,0.0,0,0,0,0,1,0,0,0,1,0.0,0.0,0.0,32,0,0,0,0,0,0,1,0,1,0,357,352,0,32,0.0,0.0,0,0,0.0,0.0,0,0,0
123,248,2,2,96,96,48,48,48.0,0.0,48,48,48.0,0.0,774193.548387097,16129.0322580645,82.6666666667,138.8608416125,243,1,4,4.0,0.0,4,4,1,1.0,0.0,1,1,0,0,0,0,64,64,8064.5161290323,8064.5161290323,48,48,48.0,0.0,0.0,0,0,0,0,0,0,0,0,1,60.0,48.0,48.0,64,0,0,0,0,0,0,2,96,2,96,-1,-1,1,32,0.0,0.0,0,0,0.0,0.0,0,0,0
22,36,1,1,0,0,0,0,0.0,0.0,0,0,0.0,0.0,0.0,55555.55556,36.0,0.0,36,36,0,0.0,0.0,0,0,0,0.0,0.0,0,0,0,0,0,0,32,32,27777.77778,27777.77778,0,0,0.0,0.0,0.0,0,0,0,0,1,1,0,0,1,0.0,0.0,0.0,32,0,0,0,0,0,0,1,0,1,0,259,247,0,32,0.0,0.0,0,0,0.0,0.0,0,0,1
443,4207821,5,1,135,46,46,6,27.0,20.1246117975,46,46,46.0,0.0,43.0151377637,1.425916169,841564.2,1748827.9901516,3966683,4,4207821,1051955.25,1946176.99060584,3966683,4,0,0.0,0.0,0,0,1,0,0,0,100,20,1.1882634741,0.2376526948,6,46,32.4285714286,18.8667003197,355.9523809524,0,1,0,0,1,0,0,0,0,37.8333333333,27.0,46.0,100,0,0,0,0,0,0,5,135,1,46,16537,395,4,20,0.0,0.0,0,0,0.0,0.0,0,0,0
49161,72,1,1,0,6,0,0,0.0,0.0,6,6,6.0,0.0,83333.33333,27777.77778,72.0,0.0,72,72,0,0.0,0.0,0,0,0,0.0,0.0,0,0,0,0,0,0,40,20,13888.88889,13888.88889,0,6,2.0,3.464101615,12.0,0,0,0,1,0,0,0,0,1,3.0,0.0,6.0,40,0,0,0,0,0,0,1,0,1,6,29200,0,0,40,0.0,0.0,0,0,0.0,0.0,0,0,1
80,98721937,8,5,328,11595,328,0,41.0,115.9655121,4344,0,2319.0,2196.731436,120.7735622,0.131682992,8226828.083,28500000.0,98600000,1,98700000,14100000.0,37300000.0,98600000,1,76677,19169.25,30616.2665,64334,192,0,0,0,0,264,168,0.081035687,0.050647304,0,4344,851.6428571,1667.443165,2780366.709,0,0,0,0,1,0,0,0,0,917.1538462,41.0,2319.0,264,0,0,0,0,0,0,8,328,5,11595,274,235,1,32,1022.0,0.0,1022,1022,98600000.0,0.0,98600000,98600000,1
53,516,1,1,50,111,50,50,50.0,0.0,111,111,111.0,0.0,312015.5039,3875.968992,516.0,0.0,516,516,0,0.0,0.0,0,0,0,0.0,0.0,0,0,0,0,0,0,40,40,1937.984496,1937.984496,50,111,70.33333333,35.21836642,1240.333333,0,0,0,0,0,0,0,0,1,105.5,50.0,111.0,40,0,0,0,0,0,0,1,50,1,111,-1,-1,0,40,0.0,0.0,0,0,0.0,0.0,0,0,0
49666,52,1,3,6,18,6,6,6.0,0.0,6,6,6.0,0.0,461538.461538462,76923.0769230769,17.3333333333,27.4286954362,49,1,0,0.0,0.0,0,0,50,25.0,33.941125497,49,1,0,0,0,0,20,60,19230.7692307692,57692.3076923077,6,6,6.0,0.0,0.0,0,0,0,0,1,1,0,0,3,7.5,6.0,6.0,20,0,0,0,0,0,0,1,6,3,18,16155,2049,0,20,0.0,0.0,0,0,0.0,0.0,0,0,0
443,116262321,46,45,934,48970,573,0,20.30434783,90.40866959,2896,0,1088.222222,768.5321277,429.2362269,0.782712741,1291803.567,3321294.265,10000000,2,116000000,2583607.133,4355729.016,10000000,2,111000000,2514064.273,4381623.689,10000000,4,0,0,0,0,1480,1448,0.39565699,0.387055751,0,2896,542.4347826,760.2456992,577973.5232,0,0,0,1,0,0,0,0,0,548.3956044,20.30434783,1088.222222,1480,0,0,0,0,0,0,46,934,45,48970,29200,61,4,32,51964.66667,127338.0237,456317,15036,9636561.833,1262310.51,10000000,5628190,0
53,30799,1,1,43,59,43,43,43.0,0.0,59,59,59.0,0.0,3311.795838,64.93717328,30799.0,0.0,30799,30799,0,0.0,0.0,0,0,0,0.0,0.0,0,0,0,0,0,0,20,20,32.46858664,32.46858664,43,59,48.33333333,9.237604307,85.33333333,0,0,0,0,0,0,0,0,1,72.5,43.0,59.0,20,0,0,0,0,0,0,1,43,1,59,-1,-1,0,20,0.0,0.0,0,0,0.0,0.0,0,0,0
53,33258,2,2,106,386,53,53,53.0,0.0,193,193,193.0,0.0,14793.43316,120.2718143,11086.0,19155.63032,33205,3,3,3.0,0.0,3,3,50,50.0,0.0,50,50,0,0,0,0,64,64,60.13590715,60.13590715,53,193,109.0,76.68115805,5880.0,0,0,0,0,0,0,0,0,1,136.25,53.0,193.0,64,0,0,0,0,0,0,2,106,2,386,-1,-1,1,32,0.0,0.0,0,0,0.0,0.0,0,0,0
1075,22,1,1,2,6,2,2,2.0,0.0,6,6,6.0,0.0,363636.3636,90909.09091,22.0,0.0,22,22,0,0.0,0.0,0,0,0,0.0,0.0,0,0,0,0,0,0,24,20,45454.54545,45454.54545,2,6,3.333333333,2.309401077,5.333333333,0,0,0,1,0,0,0,0,1,5.0,2.0,6.0,24,0,0,0,0,0,0,1,2,1,6,1024,0,0,24,0.0,0.0,0,0,0.0,0.0,0,0,1
5039,63,1,3,6,18,6,6,6.0,0.0,6,6,6.0,0.0,380952.381,63492.06349,21.0,24.2693222,48,1,0,0.0,0.0,0,0,49,24.5,33.23401872,48,1,0,0,0,0,20,60,15873.01587,47619.04762,6,6,6.0,0.0,0.0,0,0,0,0,1,1,0,0,3,7.5,6.0,6.0,20,0,0,0,0,0,0,1,6,3,18,229,255,0,20,0.0,0.0,0,0,0.0,0.0,0,0,0
53,163,2,2,64,232,32,32,32.0,0.0,116,116,116.0,0.0,1815950.92,24539.8773,54.33333333,88.04733575,156,3,4,4.0,0.0,4,4,3,3.0,0.0,3,3,0,0,0,0,64,64,12269.93865,12269.93865,32,116,65.6,46.00869483,2116.8,0,0,0,0,0,0,0,0,1,82.0,32.0,116.0,64,0,0,0,0,0,0,2,64,2,232,-1,-1,1,32,0.0,0.0,0,0,0.0,0.0,0,0,0
80,100160653,9,6,381,11595,381,0,42.33333333,127.0,4344,0,1932.5,1754.831473,119.5679106,0.149759407,7154332.357,26700000.0,100000000,1,100000000,12500000.0,35400000.0,100000000,1,148456,29691.2,60264.94548,137162,16,0,0,0,0,296,200,0.089855644,0.059903763,0,4344,748.5,1390.099037,1932375.333,0,0,0,0,1,0,0,0,0,798.4,42.33333333,1932.5,296,0,0,0,0,0,0,9,381,6,11595,251,235,1,32,999.0,0.0,999,999,100000000.0,0.0,100000000,100000000,1
53,41653,2,2,66,190,33,33,33.0,0.0,95,95,95.0,0.0,6146.015893213,96.0314983315,13884.3333333333,24044.9066817348,41649,1,1,1.0,0.0,1,1,3,3.0,0.0,3,3,0,0,0,0,64,64,48.0157491657,48.0157491657,33,95,57.8,33.9587985653,1153.2,0,0,0,0,0,0,0,0,1,72.25,33.0,95.0,64,0,0,0,0,0,0,2,66,2,190,-1,-1,1,32,0.0,0.0,0,0,0.0,0.0,0,0,0
443,1,2,0,12,0,6,6,6.0,0.0,0,0,0.0,0.0,12000000.0,2000000.0,1.0,0.0,1,1,1,1.0,0.0,1,1,0,0.0,0.0,0,0,0,0,0,0,40,0,2000000.0,0.0,6,6,6.0,0.0,0.0,1,0,0,0,0,0,0,0,0,9.0,6.0,0.0,40,0,0,0,0,0,0,2,12,0,0,0,-1,1,20,0.0,0.0,0,0,0.0,0.0,0,0,0
80,980,2,0,0,0,0,0,0.0,0.0,0,0,0.0,0.0,0.0,2040.816327,980.0,0.0,980,980,980,980.0,0.0,980,980,0,0.0,0.0,0,0,0,0,0,0,64,0,2040.816327,0.0,0,0,0.0,0.0,0.0,0,0,0,0,1,0,0,0,0,0.0,0.0,0.0,64,0,0,0,0,0,0,2,0,0,0,251,-1,0,32,0.0,0.0,0,0,0.0,0.0,0,0,1
3390,65,1,1,2,6,2,2,2.0,0.0,6,6,6.0,0.0,123076.9231,30769.23077,65.0,0.0,65,65,0,0.0,0.0,0,0,0,0.0,0.0,0,0,0,0,0,0,24,20,15384.61538,15384.61538,2,6,3.333333333,2.309401077,5.333333333,0,0,0,1,0,0,0,0,1,5.0,2.0,6.0,24,0,0,0,0,0,0,1,2,1,6,1024,0,0,24,0.0,0.0,0,0,0.0,0.0,0,0,1
1801,49,1,1,2,6,2,2,2.0,0.0,6,6,6.0,0.0,163265.3061,40816.32653,49.0,0.0,49,49,0,0.0,0.0,0,0,0,0.0,0.0,0,0,0,0,0,0,24,20,20408.16327,20408.16327,2,6,3.333333333,2.309401077,5.333333333,0,0,0,1,0,0,0,0,1,5.0,2.0,6.0,24,0,0,0,0,0,0,1,2,1,6,1024,0,0,24,0.0,0.0,0,0,0.0,0.0,0,0,1
53,53320,1,1,64,117,64,64,64.0,0.0,117,117,117.0,0.0,3394.59865,37.50937734,53320.0,0.0,53320,53320,0,0.0,0.0,0,0,0,0.0,0.0,0,0,0,0,0,0,20,20,18.75468867,18.75468867,64,117,81.66666667,30.59956427,936.3333333,0,0,0,0,0,0,0,0,1,122.5,64.0,117.0,20,0,0,0,0,0,0,1,64,1,117,-1,-1,0,20,0.0,0.0,0,0,0.0,0.0,0,0,0
88,1172,9,6,3110,3108,1555,0,345.5555555556,685.6905481176,1554,0,518.0,802.4821493342,5305460.75085324,12798.6348122867,83.7142857143,220.3460315648,846,1,1172,146.5,310.5469828728,913,1,1046,209.2,360.5436173336,846,3,0,0,0,0,304,208,7679.180887372,5119.4539249147,0,1555,388.625,695.193582153,483294.116666667,0,0,0,1,0,0,0,0,0,414.5333333333,345.5555555556,518.0,304,0,0,0,0,0,0,9,3110,6,3108,29200,2081,2,32,0.0,0.0,0,0,0.0,0.0,0,0,0
80,100192835,8,5,309,11595,309,0,38.625,109.2479977,10136,0,2319.0,4414.366206,118.810891,0.129749797,8349402.917,28900000.0,100000000,1,100000000,14300000.0,37800000.0,100000000,1,150662,37665.5,67301.8767,138272,190,0,0,0,0,264,168,0.079846029,0.049903768,0,10136,850.2857143,2700.555511,7293000.066,0,0,0,0,1,0,0,0,0,915.6923077,38.625,2319.0,264,0,0,0,0,0,0,8,309,5,11595,251,235,1,32,6.0,0.0,6,6,100000000.0,0.0,100000000,100000000,1
38842,3635,3,1,38,6,38,0,12.66666667,21.93931023,6,6,6.0,0.0,12104.5392,1100.412655,1211.666667,2064.95916,3596,3,3635,1817.5,2566.090509,3632,3,0,0.0,0.0,0,0,0,0,0,0,96,20,825.3094911,275.1031637,0,38,8.8,16.52876281,273.2,0,0,0,0,1,0,0,0,0,11.0,12.66666667,6.0,96,0,0,0,0,0,0,3,38,1,6,349,0,1,32,0.0,0.0,0,0,0.0,0.0,0,0,0
53894,99145712,7,6,11595,376,4344,0,1656.428571,1760.597234,358,0,62.66666667,144.7130494,120.74148,0.131120144,8262142.667,28500000.0,98900000,1,99100000,16500000.0,40400000.0,98900000,46,98900000,19800000.0,44200000.0,98900000,1,0,0,0,0,232,164,0.070603154,0.060516989,0,4344,855.0714286,1459.628955,2130516.687,0,0,0,0,1,0,0,0,0,920.8461538,1656.428571,62.66666667,232,0,0,0,0,0,0,7,11595,6,376,235,229,4,32,16963.0,0.0,16963,16963,98900000.0,0.0,98900000,98900000,0
53,320,2,2,86,198,43,43,43.0,0.0,99,99,99.0,0.0,887500.0,12500.0,106.6666667,102.4808925,225,47,47,47.0,0.0,47,47,48,48.0,0.0,48,48,0,0,0,0,40,40,6250.0,6250.0,43,99,65.4,30.67246322,940.8,0,0,0,0,0,0,0,0,1,81.75,43.0,99.0,40,0,0,0,0,0,0,2,86,2,198,-1,-1,1,20,0.0,0.0,0,0,0.0,0.0,0,0,0
53,60283,2,2,50,82,25,25,25.0,0.0,41,41,41.0,0.0,2189.672047,66.35369839,20094.33333,34798.3441,60276,3,4,4.0,0.0,4,4,3,3.0,0.0,3,3,0,0,0,0,64,64,33.17684919,33.17684919,25,41,31.4,8.76356092,76.8,0,0,0,0,0,0,0,0,1,39.25,25.0,41.0,64,0,0,0,0,0,0,2,50,2,82,-1,-1,1,32,0.0,0.0,0,0,0.0,0.0,0,0,0
80,820972,3,6,26,11601,20,0,8.666666667,10.26320288,4380,0,1933.5,1757.789948,14162.48057,10.96261505,102621.5,284134.1657,805708,17,14634,7317.0,10279.91838,14586,48,820853,164170.6,358684.5293,805708,17,0,0,0,0,72,132,3.654205016,7.308410031,0,4380,1162.7,1645.241762,2706820.456,0,0,0,1,0,0,0,0,2,1291.888889,8.666666667,1933.5,72,0,0,0,0,0,0,3,26,6,11601,8192,229,2,20,0.0,0.0,0,0,0.0,0.0,0,0,1
80,98710056,9,6,336,11595,336,0,37.33333333,112.0,5792,0,1932.5,2537.820147,120.8691443,0.151960202,7050718.286,26400000.0,98700000,1,98700000,12300000.0,34900000.0,98700000,1,1409,281.8,455.8044537,1083,2,0,0,0,0,296,200,0.091176121,0.060784081,0,5792,745.6875,1747.876644,3055072.763,0,0,0,0,1,0,0,0,0,795.4,37.33333333,1932.5,296,0,0,0,0,0,0,9,336,6,11595,251,235,1,32,1004.0,0.0,1004,1004,98700000.0,0.0,98700000,98700000,1
80,12149,2,0,12,0,6,6,6.0,0.0,0,0,0.0,0.0,987.7356161,164.6226027,12149.0,0.0,12149,12149,12149,12149.0,0.0,12149,12149,0,0.0,0.0,0,0,0,0,0,0,40,0,164.6226027,0.0,6,6,6.0,0.0,0.0,0,0,0,0,1,0,0,0,0,9.0,6.0,0.0,40,0,0,0,0,0,0,2,12,0,0,64240,-1,1,20,0.0,0.0,0,0,0.0,0.0,0,0,0
60883,84,2,1,0,0,0,0,0.0,0.0,0,0,0.0,0.0,0.0,35714.2857142857,42.0,53.7401153702,80,4,4,4.0,0.0,4,4,0,0.0,0.0,0,0,0,0,0,0,64,32,23809.5238095238,11904.7619047619,0,0,0.0,0.0,0.0,0,0,0,0,1,1,0,0,0,0.0,0.0,0.0,64,0,0,0,0,0,0,2,0,1,0,349,32832,0,32,0.0,0.0,0,0,0.0,0.0,0,0,0
80,982486,3,4,26,11607,20,0,8.666666667,10.26320288,11595,0,2901.75,5795.50069,11840.37228,7.124783457,163747.6667,400721.0331,981716,66,609,304.5,275.0645379,499,110,982420,327473.3333,566590.8292,981716,92,0,0,0,0,72,92,3.053478625,4.071304833,0,11595,1454.125,4097.537534,16800000.0,0,0,0,1,0,0,0,0,1,1661.857143,8.666666667,2901.75,72,0,0,0,0,0,0,3,26,4,11607,8192,229,2,20,0.0,0.0,0,0,0.0,0.0,0,0,1
443,393036,10,6,720,1151,469,0,72.0,147.7084214856,1013,0,191.8333333333,406.057344062,4760.3781841867,40.7087391486,26202.4,38904.1738631143,88720,4,393036,43670.6666666667,72453.3886578123,208958,48,301523,60304.6,40068.8633267778,89625,4,0,0,0,0,332,200,25.4429619679,15.2657771807,0,1013,110.0588235294,260.7073240696,67968.3088235294,0,0,0,1,0,0,0,0,0,116.9375,72.0,191.8333333333,332,0,0,0,0,0,0,10,720,6,1151,65535,114,5,32,0.0,0.0,0,0,0.0,0.0,0,0,0
21,2,2,0,14,0,14,0,7.0,9.899494937,0,0,0.0,0.0,7000000.0,1000000.0,2.0,0.0,2,2,2,2.0,0.0,2,2,0,0.0,0.0,0,0,1,0,0,0,64,0,1000000.0,0.0,0,14,9.333333333,8.082903769,65.33333333,0,1,0,0,1,0,0,0,0,14.0,7.0,0.0,64,0,0,0,0,0,0,2,14,0,0,229,-1,0,32,0.0,0.0,0,0,0.0,0.0,0,0,1
80,81852913,8,5,56,11607,20,0,7.0,5.656854249,7300,0,2321.4,3346.363967,142.487293,0.15882147,6821076.083,20200000.0,70300000,1,80500000,11500000.0,26200000.0,70300000,117,1389648,347412.0,694079.4442,1388531,17,0,0,0,0,172,112,0.097736289,0.061085181,0,7300,833.5,2184.061804,4770125.962,0,0,0,0,1,0,0,0,0,897.6153846,7.0,2321.4,172,0,0,0,0,0,0,8,56,5,11607,256,229,6,20,862.0,0.0,862,862,40200000.0,42600000.0,70300000,10100000,1
912,48,2,0,4,0,2,2,2.0,0.0,0,0,0.0,0.0,83333.33333,41666.66667,48.0,0.0,48,48,48,48.0,0.0,48,48,0,0.0,0.0,0,0,0,0,0,0,48,0,41666.66667,0.0,2,2,2.0,0.0,0.0,0,0,0,1,0,0,0,0,0,3.0,2.0,0.0,48,0,0,0,0,0,0,2,4,0,0,1024,-1,1,24,0.0,0.0,0,0,0.0,0.0,0,0,0
80,85699239,6,8,350,11595,332,0,58.33333333,134.100957,4344,0,1449.375,1547.981999,139.3828013,0.163362011,6592249.154,23700000.0,85500000,4,85500000,17100000.0,38200000.0,85500000,4,85700000,12200000.0,32300000.0,85500000,48,0,0,0,0,164,264,0.07001229,0.09334972,0,4344,796.7333333,1313.877819,1726274.924,1,0,0,0,0,0,0,0,1,853.6428571,58.33333333,1449.375,164,0,0,0,0,0,0,6,350,8,11595,0,235,3,20,8985.0,0.0,8985,8985,85500000.0,0.0,85500000,85500000,1
443,5965575,10,8,347,7232,190,0,34.7,67.4092806008,1448,0,904.0,691.0505460115,1270.4559074356,3.0173118266,350916.176470588,1407622.63345522,5813012,9,5965575,662841.666666667,1931462.7195225,5813012,19,80596,11513.7142857143,18479.8168255197,41361,49,0,0,0,0,328,264,1.6762843481,1.3410274785,0,1448,398.8947368421,619.6010270719,383905.432748538,0,0,0,1,0,0,0,0,0,421.0555555556,34.7,904.0,328,0,0,0,0,0,0,10,347,8,7232,29200,118,3,32,152544.0,0.0,152544,152544,5813012.0,0.0,5813012,5813012,0
80,7050763,4,0,24,0,6,6,6.0,0.0,0,0,0.0,0.0,3.403886927,0.567314488,2350254.333,4069066.836,7048808,972,7050763,2350254.333,4069066.836,7048808,972,0,0.0,0.0,0,0,0,0,0,0,80,0,0.567314488,0.0,6,6,6.0,0.0,0.0,0,0,0,0,1,0,0,0,0,7.5,6.0,0.0,80,0,0,0,0,0,0,4,24,0,0,256,-1,3,20,1955.0,0.0,1955,1955,7048808.0,0.0,7048808,7048808,1
53,14729597,2,2,108,156,62,46,54.0,11.3137085,78,78,78.0,0.0,17.92309729,0.27156208,4909865.667,8358814.836,14600000,59660,14700000,14700000.0,0.0,14700000,14700000,14600000,14600000.0,0.0,14600000,14600000,0,0,0,0,40,52,0.13578104,0.13578104,46,78,65.2,13.38656042,179.2,0,0,0,0,0,0,0,0,1,81.5,54.0,78.0,40,0,0,0,0,0,0,2,108,2,156,-1,-1,1,20,108184.0,0.0,108184,108184,14600000.0,0.0,14600000,14600000,0
53,168,2,2,70,102,35,35,35.0,0.0,51,51,51.0,0.0,1023809.524,23809.52381,56.0,57.41950888,117,3,3,3.0,0.0,3,3,48,48.0,0.0,48,48,0,0,0,0,40,40,11904.7619,11904.7619,35,51,41.4,8.76356092,76.8,0,0,0,0,0,0,0,0,1,51.75,35.0,51.0,40,0,0,0,0,0,0,2,70,2,102,-1,-1,1,20,0.0,0.0,0,0,0.0,0.0,0,0,0
60520,57,1,1,6,6,6,6,6.0,0.0,6,6,6.0,0.0,210526.3158,35087.7193,57.0,0.0,57,57,0,0.0,0.0,0,0,0,0.0,0.0,0,0,0,0,0,0,20,20,17543.85965,17543.85965,6,6,6.0,0.0,0.0,1,0,0,0,0,0,0,0,1,9.0,6.0,6.0,20,0,0,0,0,0,0,1,6,1,6,0,0,0,20,0.0,0.0,0,0,0.0,0.0,0,0,0
53,30801,4,2,140,126,35,35,35.0,0.0,63,63,63.0,0.0,8636.083244,194.7988702,6160.2,9621.415655,21981,3,21987,7329.0,12689.00422,21981,3,47,47.0,0.0,47,47,0,0,0,0,104,40,129.8659134,64.93295672,35,63,43.0,13.66260102,186.6666667,0,0,0,0,0,0,0,0,0,50.16666667,35.0,63.0,104,0,0,0,0,0,0,4,140,2,126,-1,-1,3,20,0.0,0.0,0,0,0.0,0.0,0,0,0
137,29,13,0,650,0,50,50,50.0,0.0,0,0,0.0,0.0,22400000.0,448275.8621,2.416666667,3.679385654,14,1,29,2.416666667,3.679385654,14,1,0,0.0,0.0,0,0,0,0,0,0,416,0,448275.8621,0.0,50,50,50.0,0.0,0.0,0,0,0,0,0,0,0,0,0,53.84615385,50.0,0.0,416,0,0,0,0,0,0,13,650,0,0,-1,-1,12,32,0.0,0.0,0,0,0.0,0.0,0,0,0
8000,49,2,0,4,0,2,2,2.0,0.0,0,0,0.0,0.0,81632.65306,40816.32653,49.0,0.0,49,49,49,49.0,0.0,49,49,0,0.0,0.0,0,0,0,0,0,0,48,0,40816.32653,0.0,2,2,2.0,0.0,0.0,0,0,0,1,0,0,0,0,0,3.0,2.0,0.0,48,0,0,0,0,0,0,2,4,0,0,1024,-1,1,24,0.0,0.0,0,0,0.0,0.0,0,0,0
443,232706,7,5,376,3508,201,0,53.71428571,78.68653906,1460,0,701.6,731.5646246,16690.58812,51.56721357,21155.09091,33947.9371,85496,49,232706,38784.33333,41414.65455,92108,339,133982,33495.5,62700.96926,127448,49,0,0,0,0,152,112,30.08087458,21.48633899,0,1460,298.7692308,539.9757948,291573.859,0,0,0,1,0,0,0,0,0,323.6666667,53.71428571,701.6,152,0,0,0,0,0,0,7,376,5,3508,8192,60,6,20,0.0,0.0,0,0,0.0,0.0,0,0,0
80,18381,3,2,18,11,6,6,6.0,0.0,11,0,5.5,7.778174593,1577.71612,272.0200207,4595.25,7864.082586,16381,228,2000,1000.0,32.52691193,1023,977,18153,18153.0,0.0,18153,18153,0,0,0,0,60,64,163.2120124,108.8080083,0,11,5.833333333,3.488074923,12.16666667,1,0,0,0,0,0,0,0,0,7.0,6.0,5.5,60,0,0,0,0,0,0,3,18,2,11,0,235,2,20,0.0,0.0,0,0,0.0,0.0,0,0,1
80,100760920,9,7,350,11595,350,0,38.88888889,116.6666667,5792,0,1656.428571,2118.227235,118.547945,0.158791722,6717394.667,26000000.0,101000000,1,101000000,12600000.0,35500000.0,101000000,1,208589,34764.83333,78758.06506,195194,46,0,0,0,0,296,232,0.089320344,0.069471378,0,5792,702.6470588,1538.200854,2366061.868,0,0,0,0,1,0,0,0,0,746.5625,38.88888889,1656.428571,296,0,0,0,0,0,0,9,350,7,11595,251,235,1,32,2010.0,0.0,2010,2010,101000000.0,0.0,101000000,101000000,1
4445,48,1,1,0,6,0,0,0.0,0.0,6,6,6.0,0.0,125000.0,41666.66667,48.0,0.0,48,48,0,0.0,0.0,0,0,0,0.0,0.0,0,0,0,0,0,0,40,20,20833.33333,20833.33333,0,6,2.0,3.464101615,12.0,0,0,0,1,0,0,0,0,1,3.0,0.0,6.0,40,0,0,0,0,0,0,1,0,1,6,29200,0,0,40,0.0,0.0,0,0,0.0,0.0,0,0,1
53,164,2,2,80,112,40,40,40.0,0.0,56,56,56.0,0.0,1170731.70731707,24390.243902439,54.6666666667,87.7572409168,156,4,4,4.0,0.0,4,4,4,4.0,0.0,4,4,0,0,0,0,64,64,12195.1219512195,12195.1219512195,40,56,46.4,8.7635609201,76.8,0,0,0,0,0,0,0,0,1,58.0,40.0,56.0,64,0,0,0,0,0,0,2,80,2,112,-1,-1,1,32,0.0,0.0,0,0,0.0,0.0,0,0,0
443,246731,11,7,587,5527,191,0,53.36363636,71.31517753,2920,0,789.5714286,1082.281211,24780.02359,72.9539458,14513.58824,30430.22125,126324,3,246731,24673.1,37169.40298,126324,3,90018,15003.0,22166.55242,47650,191,0,0,0,0,232,152,44.58296687,28.37097892,0,2920,321.7894737,726.7400253,528151.0643,0,0,0,1,0,0,0,0,0,339.6666667,53.36363636,789.5714286,232,0,0,0,0,0,0,11,587,7,5527,8192,30,10,20,0.0,0.0,0,0,0.0,0.0,0,0,0
8652,87,1,1,0,6,0,0,0.0,0.0,6,6,6.0,0.0,68965.51724,22988.50575,87.0,0.0,87,87,0,0.0,0.0,0,0,0,0.0,0.0,0,0,0,0,0,0,40,20,11494.25287,11494.25287,0,6,2.0,3.464101615,12.0,0,0,0,1,0,0,0,0,1,3.0,0.0,6.0,40,0,0,0,0,0,0,1,0,1,6,29200,0,0,40,0.0,0.0,0,0,0.0,0.0,0,0,1
80,68308837,6,6,358,11595,358,0,59.66666667,146.152888,4344,0,1932.5,1754.831473,174.9846802,0.175672732,6209894.273,20500000.0,68200000,1,68200000,13600000.0,30500000.0,68200000,1,139662,27932.4,56865.17508,129363,15,0,0,0,0,200,200,0.087836366,0.087836366,0,4344,919.4615385,1498.397623,2245195.436,0,0,0,0,1,0,0,0,1,996.0833333,59.66666667,1932.5,200,0,0,0,0,0,0,6,358,6,11595,274,235,1,32,4.0,0.0,4,4,68200000.0,0.0,68200000,68200000,1
53,140,2,2,88,144,44,44,44.0,0.0,72,72,72.0,0.0,1657142.857,28571.42857,46.66666667,74.76853171,133,3,4,4.0,0.0,4,4,3,3.0,0.0,3,3,0,0,0,0,40,40,14285.71429,14285.71429,44,72,55.2,15.33623161,235.2,0,0,0,0,0,0,0,0,1,69.0,44.0,72.0,40,0,0,0,0,0,0,2,88,2,144,-1,-1,1,20,0.0,0.0,0,0,0.0,0.0,0,0,0
53,31011,4,2,152,188,38,38,38.0,0.0,94,94,94.0,0.0,10963.85154,193.479733,6202.2,10987.06119,25366,3,25372,8457.333333,14643.33488,25366,3,3,3.0,0.0,3,3,0,0,0,0,104,40,128.9864887,64.49324433,38,94,54.0,27.32520204,746.6666667,0,0,0,0,0,0,0,0,0,63.0,38.0,94.0,104,0,0,0,0,0,0,4,152,2,188,-1,-1,3,20,0.0,0.0,0,0,0.0,0.0,0,0,0
53,286,2,2,66,190,33,33,33.0,0.0,95,95,95.0,0.0,895104.8951,13986.01399,95.33333333,163.3901262,284,1,1,1.0,0.0,1,1,1,1.0,0.0,1,1,0,0,0,0,64,64,6993.006993,6993.006993,33,95,57.8,33.95879857,1153.2,0,0,0,0,0,0,0,0,1,72.25,33.0,95.0,64,0,0,0,0,0,0,2,66,2,190,-1,-1,1,32,0.0,0.0,0,0,0.0,0.0,0,0,0
48141,3,2,0,12,0,6,6,6.0,0.0,0,0,0.0,0.0,4000000.0,666666.6667,3.0,0.0,3,3,3,3.0,0.0,3,3,0,0.0,0.0,0,0,0,0,0,0,40,0,666666.6667,0.0,6,6,6.0,0.0,0.0,1,0,0,0,0,0,0,0,0,9.0,6.0,0.0,40,0,0,0,0,0,0,2,12,0,0,0,-1,1,20,0.0,0.0,0,0,0.0,0.0,0,0,0
4662,24,1,1,2,6,2,2,2.0,0.0,6,6,6.0,0.0,333333.3333,83333.33333,24.0,0.0,24,24,0,0.0,0.0,0,0,0,0.0,0.0,0,0,0,0,0,0,24,20,41666.66667,41666.66667,2,6,3.333333333,2.309401077,5.333333333,0,0,0,1,0,0,0,0,1,5.0,2.0,6.0,24,0,0,0,0,0,0,1,2,1,6,1024,0,0,24,0.0,0.0,0,0,0.0,0.0,0,0,1
53,239,2,2,94,220,47,47,47.0,0.0,110,110,110.0,0.0,1313807.53138075,16736.4016736402,79.6666666667,135.3895613898,236,1,1,1.0,0.0,1,1,2,2.0,0.0,2,2,0,0,0,0,64,64,8368.2008368201,8368.2008368201,47,110,72.2,34.5065211228,1190.7,0,0,0,0,0,0,0,0,1,90.25,47.0,110.0,64,0,0,0,0,0,0,2,94,2,220,-1,-1,1,32,0.0,0.0,0,0,0.0,0.0,0,0,0
55164,6592,3,0,43,0,31,6,14.33333333,14.43375673,0,0,0.0,0.0,6523.058252,455.0970874,3296.0,4591.951437,6543,49,6592,3296.0,4591.951437,6543,49,0,0.0,0.0,0,0,0,0,0,0,60,0,455.0970874,0.0,6,31,12.25,12.5,156.25,0,0,0,0,1,0,0,0,0,16.33333333,14.33333333,0.0,60,0,0,0,0,0,0,3,43,0,0,70,-1,2,20,0.0,0.0,0,0,0.0,0.0,0,0,0
39258,107,1,2,0,0,0,0,0.0,0.0,0,0,0.0,0.0,0.0,28037.38318,53.5,7.778174593,59,48,0,0.0,0.0,0,0,48,48.0,0.0,48,48,0,0,0,0,32,64,9345.794393,18691.58879,0,0,0.0,0.0,0.0,0,0,0,0,1,1,0,0,2,0.0,0.0,0.0,32,0,0,0,0,0,0,1,0,2,0,243,290,0,32,0.0,0.0,0,0,0.0,0.0,0,0,0
443,5483755,9,7,352,5458,195,0,39.11111111,71.67189903,1460,0,779.7142857,720.1640355,1059.492993,2.91770876,365583.6667,1183304.325,4628157,3,5483755,685469.375,1598088.782,4628157,3,560273,93378.83333,139475.3888,297814,156,0,0,0,0,192,144,1.641211177,1.276497582,0,1460,341.7647059,582.9186832,339794.1912,0,0,0,1,0,0,0,0,0,363.125,39.11111111,779.7142857,192,0,0,0,0,0,0,9,352,7,5458,8192,30016,3,20,0.0,0.0,0,0,0.0,0.0,0,0,0
53,50539,1,1,56,90,56,56,56.0,0.0,90,90,90.0,0.0,2888.8581095788,39.5733987614,50539.0,0.0,50539,50539,0,0.0,0.0,0,0,0,0.0,0.0,0,0,0,0,0,0,32,20,19.7866993807,19.7866993807,56,90,67.3333333333,19.6299091524,385.3333333333,0,0,0,0,0,0,0,0,1,101.0,56.0,90.0,32,0,0,0,0,0,0,1,56,1,90,-1,-1,0,32,0.0,0.0,0,0,0.0,0.0,0,0,0
51342,82,1,1,0,0,0,0,0.0,0.0,0,0,0.0,0.0,0.0,24390.2439,82.0,0.0,82,82,0,0.0,0.0,0,0,0,0.0,0.0,0,0,0,0,0,0,20,20,12195.12195,12195.12195,0,0,0.0,0.0,0.0,0,0,0,0,1,1,0,0,1,0.0,0.0,0.0,20,0,0,0,0,0,0,1,0,1,0,119,16180,0,20,0.0,0.0,0,0,0.0,0.0,0,0,0
80,2075644,4,0,24,0,6,6,6.0,0.0,0,0,0.0,0.0,11.56267645,1.927112742,691881.3333,1197799.492,2074981,3,2075644,691881.3333,1197799.492,2074981,3,0,0.0,0.0,0,0,0,0,0,0,80,0,1.927112742,0.0,6,6,6.0,0.0,0.0,0,0,0,0,1,0,0,0,0,7.5,6.0,0.0,80,0,0,0,0,0,0,4,24,0,0,256,-1,3,20,0.0,0.0,0,0,0.0,0.0,0,0,1
9575,50,1,1,2,6,2,2,2.0,0.0,6,6,6.0,0.0,160000.0,40000.0,50.0,0.0,50,50,0,0.0,0.0,0,0,0,0.0,0.0,0,0,0,0,0,0,24,20,20000.0,20000.0,2,6,3.333333333,2.309401077,5.333333333,0,0,0,1,0,0,0,0,1,5.0,2.0,6.0,24,0,0,0,0,0,0,1,2,1,6,1024,0,0,24,0.0,0.0,0,0,0.0,0.0,0,0,1
80,85232218,9,6,732,11595,366,0,81.33333333,161.39083,7240,0,1932.5,2695.639126,144.628408,0.175989788,6088015.571,22700000.0,84900000,0,85100000,10600000.0,30000000.0,84900000,0,351605,70321.0,103238.995,229005,90,0,0,0,0,296,200,0.105593873,0.070395915,0,7240,770.4375,1816.781365,3300694.529,0,0,0,0,1,0,0,0,0,821.8,81.33333333,1932.5,296,0,0,0,0,0,0,9,732,6,11595,251,235,2,32,1001.0,0.0,1001,1001,84900000.0,0.0,84900000,84900000,1
51172,1,2,0,37,0,37,0,18.5,26.1629509,0,0,0.0,0.0,37000000.0,2000000.0,1.0,0.0,1,1,1,1.0,0.0,1,1,0,0.0,0.0,0,0,1,0,0,0,64,0,2000000.0,0.0,0,37,24.66666667,21.36195996,456.3333333,0,1,0,0,1,0,0,0,0,37.0,18.5,0.0,64,0,0,0,0,0,0,2,37,0,0,118,-1,0,32,0.0,0.0,0,0,0.0,0.0,0,0,0
80,11505415,8,5,341,11632,341,0,42.625,120.5617062,10184,0,2326.4,4437.056321,1040.640429,1.129902746,958784.5833,2260216.943,6500691,1,6508758,929822.5714,2459262.22,6506905,1,11500000,2876336.5,3376490.328,6500691,153,0,0,0,0,264,168,0.695324767,0.434577979,0,10184,855.2142857,2713.03634,7360566.181,0,0,0,1,0,0,0,0,0,921.0,42.625,2326.4,264,0,0,0,0,0,0,8,341,5,11632,29200,235,1,32,940.0,0.0,940,940,6500691.0,0.0,6500691,6500691,1
64623,79,1,1,0,6,0,0,0.0,0.0,6,6,6.0,0.0,75949.36709,25316.4557,79.0,0.0,79,79,0,0.0,0.0,0,0,0,0.0,0.0,0,0,0,0,0,0,40,20,12658.22785,12658.22785,0,6,2.0,3.464101615,12.0,0,0,0,1,0,0,0,0,1,3.0,0.0,6.0,40,0,0,0,0,0,0,1,0,1,6,29200,0,0,40,0.0,0.0,0,0,0.0,0.0,0,0,1
22,13206106,21,32,2008,2745,640,0,95.61904762,140.0451628,976,0,85.78125,220.240592,359.9092723,4.013295062,253963.5769,681578.4021,2372320,3,10900000,547390.0,957422.762,2421711,604,13200000,425999.6452,845047.3437,2372320,3,0,0,0,0,680,1032,1.590173515,2.423121547,0,976,88.01851852,189.5902723,35944.47135,0,0,0,1,0,0,0,0,1,89.67924528,95.61904762,85.78125,680,0,0,0,0,0,0,21,2008,32,2745,29200,247,16,32,0.0,0.0,0,0,0.0,0.0,0,0,1
36288,319,2,0,0,0,0,0,0.0,0.0,0,0,0.0,0.0,0.0,6269.592476489,319.0,0.0,319,319,319,319.0,0.0,319,319,0,0.0,0.0,0,0,0,0,0,0,64,0,6269.592476489,0.0,0,0,0.0,0.0,0.0,0,0,0,0,1,0,0,0,0,0.0,0.0,0.0,64,0,0,0,0,0,0,2,0,0,0,118,-1,0,32,0.0,0.0,0,0,0.0,0.0,0,0,0
80,18574,2,2,12,0,6,6,6.0,0.0,0,0,0.0,0.0,646.0643911,215.354797,6191.333333,9889.943242,17600,48,974,974.0,0.0,974,974,18526,18526.0,0.0,18526,18526,0,0,0,0,40,64,107.6773985,107.6773985,0,6,3.6,3.286335345,10.8,1,0,0,0,0,0,0,0,1,4.5,6.0,0.0,40,0,0,0,0,0,0,2,12,2,0,0,235,1,20,0.0,0.0,0,0,0.0,0.0,0,0,1
53,92154,1,1,49,65,49,49,49.0,0.0,65,65,65.0,0.0,1237.0597044078,21.7028018317,92154.0,0.0,92154,92154,0,0.0,0.0,0,0,0,0.0,0.0,0,0,0,0,0,0,20,32,10.8514009159,10.8514009159,49,65,54.3333333333,9.237604307,85.3333333333,0,0,0,0,0,0,0,0,1,81.5,49.0,65.0,20,0,0,0,0,0,0,1,49,1,65,-1,-1,0,20,0.0,0.0,0,0,0.0,0.0,0,0,0
443,178,2,0,12,0,6,6,6.0,0.0,0,0,0.0,0.0,67415.73034,11235.95506,178.0,0.0,178,178,178,178.0,0.0,178,178,0,0.0,0.0,0,0,0,0,0,0,40,0,11235.95506,0.0,6,6,6.0,0.0,0.0,0,0,0,0,1,0,0,0,0,9.0,6.0,0.0,40,0,0,0,0,0,0,2,12,0,0,256,-1,1,20,0.0,0.0,0,0,0.0,0.0,0,0,0
80,101164,5,0,0,0,0,0,0.0,0.0,0,0,0.0,0.0,0.0,49.42469653,25291.0,50202.71769,100595,93,101164,25291.0,50202.71769,100595,93,0,0.0,0.0,0,0,0,0,0,0,160,0,49.42469653,0.0,0,0,0.0,0.0,0.0,0,0,0,0,1,0,0,0,0,0.0,0.0,0.0,160,0,0,0,0,0,0,5,0,0,0,251,-1,0,32,0.0,0.0,0,0,0.0,0.0,0,0,1
443,180294,7,5,376,3508,201,0,53.71428571,78.68653906,1460,0,701.6,731.5646246,21542.59154,66.55795534,16390.36364,34040.56904,85328,48,180294,30049.0,44037.08815,88302,101,88510,22127.5,42140.9825,85308,48,0,0,0,0,152,112,38.82547395,27.73248139,0,1460,298.7692308,539.9757948,291573.859,0,0,0,1,0,0,0,0,0,323.6666667,53.71428571,701.6,152,0,0,0,0,0,0,7,376,5,3508,8192,60,6,20,0.0,0.0,0,0,0.0,0.0,0,0,0
53,48522,2,2,136,266,68,68,68.0,0.0,133,133,133.0,0.0,8284.901694,82.43683278,16174.0,28009.85967,48517,1,4,4.0,0.0,4,4,1,1.0,0.0,1,1,0,0,0,0,64,40,41.21841639,41.21841639,68,133,94.0,35.60196624,1267.5,0,0,0,0,0,0,0,0,1,117.5,68.0,133.0,64,0,0,0,0,0,0,2,136,2,266,-1,-1,1,32,0.0,0.0,0,0,0.0,0.0,0,0,0
2401,43,1,1,0,6,0,0,0.0,0.0,6,6,6.0,0.0,139534.8837,46511.62791,43.0,0.0,43,43,0,0.0,0.0,0,0,0,0.0,0.0,0,0,0,0,0,0,40,20,23255.81395,23255.81395,0,6,2.0,3.464101615,12.0,0,0,0,1,0,0,0,0,1,3.0,0.0,6.0,40,0,0,0,0,0,0,1,0,1,6,29200,0,0,40,0.0,0.0,0,0,0.0,0.0,0,0,1
80,3570460,3,3,0,0,0,0,0.0,0.0,0,0,0.0,0.0,0.0,1.68045574,714092.0,977043.9644,2027779,32,1542681,771340.5,1032940.879,1501740,40941,3529551,1764775.5,372266.9716,2028008,1501543,0,0,0,0,104,112,0.84022787,0.84022787,0,0,0.0,0.0,0.0,0,0,0,1,0,0,0,0,1,0.0,0.0,0.0,104,0,0,0,0,0,0,3,0,3,0,29200,29,0,32,0.0,0.0,0,0,0.0,0.0,0,0,0
80,9185089,4,0,24,0,6,6,6.0,0.0,0,0,0.0,0.0,2.612930588,0.435488431,3061696.333,5302345.901,9184318,353,9185089,3061696.333,5302345.901,9184318,353,0,0.0,0.0,0,0,0,0,0,0,80,0,0.435488431,0.0,6,6,6.0,0.0,0.0,0,0,0,0,1,0,0,0,0,7.5,6.0,0.0,80,0,0,0,0,0,0,4,24,0,0,256,-1,3,20,771.0,0.0,771,771,9184318.0,0.0,9184318,9184318,1
80,99456782,7,6,311,11595,305,0,44.42857143,114.9229556,4344,0,1932.5,1754.831473,119.7102878,0.13071004,8288065.167,28700000.0,99300000,1,99300000,16600000.0,40500000.0,99300000,1,150519,30103.8,61217.86672,139288,14,0,0,0,0,220,200,0.070382329,0.060327711,0,4344,850.4285714,1461.620898,2136335.648,0,0,0,0,1,0,0,0,0,915.8461538,44.42857143,1932.5,220,0,0,0,0,0,0,7,311,6,11595,251,235,2,20,1959.0,0.0,1959,1959,99300000.0,0.0,99300000,99300000,1
53,23699,2,2,68,182,34,34,34.0,0.0,91,91,91.0,0.0,10548.9683108992,168.7834929744,7899.6666666667,13636.7400918744,23646,6,6,6.0,0.0,6,6,47,47.0,0.0,47,47,0,0,0,0,40,80,84.3917464872,84.3917464872,34,91,56.8,31.2201857778,974.7,0,0,0,0,0,0,0,0,1,71.0,34.0,91.0,40,0,0,0,0,0,0,2,68,2,182,-1,-1,1,20,0.0,0.0,0,0,0.0,0.0,0,0,0
80,1816119,3,4,26,11607,20,0,8.666666667,10.26320288,11595,0,2901.75,5795.50069,6405.417266,3.854372979,302686.5,741007.6789,1815262,5,806,403.0,475.175757,739,67,1816063,605354.3333,1047810.85,1815262,5,0,0,0,0,72,92,1.651874134,2.202498845,0,11595,1454.125,4097.537534,16800000.0,0,0,0,1,0,0,0,0,1,1661.857143,8.666666667,2901.75,72,0,0,0,0,0,0,3,26,4,11607,8192,229,2,20,0.0,0.0,0,0,0.0,0.0,0,0,1
3369,7,1,1,0,6,0,0,0.0,0.0,6,6,6.0,0.0,857142.8571,285714.2857,7.0,0.0,7,7,0,0.0,0.0,0,0,0,0.0,0.0,0,0,0,0,0,0,40,20,142857.1429,142857.1429,0,6,2.0,3.464101615,12.0,0,0,0,1,0,0,0,0,1,3.0,0.0,6.0,40,0,0,0,0,0,0,1,0,1,6,29200,0,0,40,0.0,0.0,0,0,0.0,0.0,0,0,1
80,100042915,7,5,328,11595,328,0,46.85714286,123.9723471,7240,0,2319.0,3331.638186,119.1788544,0.119948524,9094810.455,30100000.0,99900000,0,99900000,16700000.0,40800000.0,99900000,0,151584,37896.0,65947.7068,136266,183,0,0,0,0,232,168,0.069969972,0.049978552,0,7240,917.1538462,2244.630922,5038367.974,0,0,0,0,1,0,0,0,0,993.5833333,46.85714286,2319.0,232,0,0,0,0,0,0,7,328,5,11595,251,235,1,32,3.0,0.0,3,3,99900000.0,0.0,99900000,99900000,1
80,10273436,5,7,2127,2862,1460,0,425.4,646.4640748,1460,0,408.8571429,661.9041795,485.6213637,1.168061007,933948.7273,3006810.977,9998536,1,274884,68721.0,92638.66832,205511,168,10200000,1706783.333,4062675.733,9998536,1,0,0,0,0,112,152,0.486692086,0.681368921,0,1460,383.7692308,609.6936599,371726.359,0,0,0,1,0,0,0,0,1,415.75,425.4,408.8571429,112,0,0,0,0,0,0,5,2127,7,2862,8192,64,2,20,0.0,0.0,0,0,0.0,0.0,0,0,0
53,61145,1,1,46,78,46,46,46.0,0.0,78,78,78.0,0.0,2027.96631,32.70913403,61145.0,0.0,61145,61145,0,0.0,0.0,0,0,0,0.0,0.0,0,0,0,0,0,0,20,20,16.35456701,16.35456701,46,78,56.66666667,18.47520861,341.3333333,0,0,0,0,0,0,0,0,1,85.0,46.0,78.0,20,0,0,0,0,0,0,1,46,1,78,-1,-1,0,20,0.0,0.0,0,0,0.0,0.0,0,0,0
80,73295,3,4,442,872,436,0,147.3333333,250.0106664,860,0,218.0,428.0093457,17927.55304,95.50446824,12215.83333,13290.91081,26393,4,49584,24792.0,2264.155913,26393,23191,50144,16714.66667,28651.50553,49798,4,0,0,0,0,72,92,40.93048639,54.57398185,0,860,164.25,319.3698036,101997.0714,0,0,0,1,0,0,0,0,1,187.7142857,147.3333333,218.0,72,0,0,0,0,0,0,3,442,4,872,8192,31,2,20,0.0,0.0,0,0,0.0,0.0,0,0,0
53,200,2,2,90,172,45,45,45.0,0.0,86,86,86.0,0.0,1310000.0,20000.0,66.66666667,31.46956201,103,48,49,49.0,0.0,49,49,48,48.0,0.0,48,48,0,0,0,0,64,64,10000.0,10000.0,45,86,61.4,22.45662486,504.3,0,0,0,0,0,0,0,0,1,76.75,45.0,86.0,64,0,0,0,0,0,0,2,90,2,172,-1,-1,1,32,0.0,0.0,0,0,0.0,0.0,0,0,0
443,1,2,0,12,0,6,6,6.0,0.0,0,0,0.0,0.0,12000000.0,2000000.0,1.0,0.0,1,1,1,1.0,0.0,1,1,0,0.0,0.0,0,0,0,0,0,0,40,0,2000000.0,0.0,6,6,6.0,0.0,0.0,1,0,0,0,0,0,0,0,0,9.0,6.0,0.0,40,0,0,0,0,0,0,2,12,0,0,0,-1,1,20,0.0,0.0,0,0,0.0,0.0,0,0,0
80,11397783,6,5,1137,3525,379,0,189.5,207.5868493,2077,0,705.0,990.6447396,409.0269134,0.965099967,1139778.3,2307013.977,5983786,45,6397588,1279517.6,2633380.432,5986692,214,11400000,2849434.5,3083592.147,5983786,191,0,0,0,0,200,168,0.526418164,0.438681803,0,2077,388.5,676.2442404,457306.2727,0,0,0,1,0,0,0,0,0,423.8181818,189.5,705.0,200,0,0,0,0,0,0,6,1137,5,3525,29200,235,3,32,410991.0,0.0,410991,410991,5983786.0,0.0,5983786,5983786,1
53,149,2,2,76,172,38,38,38.0,0.0,86,86,86.0,0.0,1664429.53,26845.63758,49.66666667,79.09698688,141,4,4,4.0,0.0,4,4,4,4.0,0.0,4,4,0,0,0,0,40,40,13422.81879,13422.81879,38,86,57.2,26.29068276,691.2,0,0,0,0,0,0,0,0,1,71.5,38.0,86.0,40,0,0,0,0,0,0,2,76,2,172,-1,-1,1,20,0.0,0.0,0,0,0.0,0.0,0,0,0
80,12119683,5,0,30,0,6,6,6.0,0.0,0,0,0.0,0.0,2.475312267,0.412552044,3029920.75,6055148.741,12100000,1,12100000,3029920.75,6055148.741,12100000,1,0,0.0,0.0,0,0,0,0,0,0,100,0,0.412552044,0.0,6,6,6.0,0.0,0.0,0,0,0,0,1,0,0,0,0,7.2,6.0,0.0,100,0,0,0,0,0,0,5,30,0,0,256,-1,4,20,7040.0,0.0,7040,7040,12100000.0,0.0,12100000,12100000,1
80,98422938,9,7,337,11595,331,0,37.44444444,110.1012161,4344,0,1656.428571,1547.737688,121.2319023,0.162563731,6561529.2,25400000.0,98300000,0,98300000,12300000.0,34700000.0,98300000,0,145673,24278.83333,54031.38699,134213,48,0,0,0,0,284,232,0.091442099,0.071121632,0,4344,701.8823529,1257.824952,1582123.61,0,0,0,0,1,0,0,0,0,745.75,37.44444444,1656.428571,284,0,0,0,0,0,0,9,337,7,11595,251,235,2,20,1063.0,0.0,1063,1063,98300000.0,0.0,98300000,98300000,1
1972,16,1,1,2,6,2,2,2.0,0.0,6,6,6.0,0.0,500000.0,125000.0,16.0,0.0,16,16,0,0.0,0.0,0,0,0,0.0,0.0,0,0,0,0,0,0,24,20,62500.0,62500.0,2,6,3.333333333,2.309401077,5.333333333,0,0,0,1,0,0,0,0,1,5.0,2.0,6.0,24,0,0,0,0,0,0,1,2,1,6,1024,0,0,24,0.0,0.0,0,0,0.0,0.0,0,0,1
80,388306,3,6,26,11607,20,0,8.666666667,10.26320288,5840,0,1934.5,2538.919278,29958.33183,23.17759705,48538.25,136861.598,387253,1,789,394.5,556.4930368,788,1,388181,77636.2,173081.3949,387253,2,0,0,0,0,72,132,7.725865683,15.45173137,0,5840,1163.3,2138.329153,4572451.567,0,0,0,1,0,0,0,0,2,1292.555556,8.666666667,1934.5,72,0,0,0,0,0,0,3,26,6,11607,8192,229,2,20,0.0,0.0,0,0,0.0,0.0,0,0,1
80,91791563,8,6,56,11601,20,0,7.0,5.656854249,5840,0,1933.5,2189.772933,126.9942424,0.152519464,7060889.462,23100000.0,83600000,1,91000000,13000000.0,31300000.0,83600000,1,816134,163226.8,352316.651,793233,58,0,0,0,0,172,132,0.08715398,0.065365485,0,5840,777.5333333,1633.102694,2667024.41,0,0,0,0,1,0,0,0,0,833.0714286,7.0,1933.5,172,0,0,0,0,0,0,8,56,6,11601,256,229,6,20,3989.0,0.0,3989,3989,45500000.0,53900000.0,83600000,7371812,1
80,3,2,0,0,0,0,0,0.0,0.0,0,0,0.0,0.0,0.0,666666.6667,3.0,0.0,3,3,3,3.0,0.0,3,3,0,0.0,0.0,0,0,0,0,0,0,64,0,666666.6667,0.0,0,0,0.0,0.0,0.0,0,0,0,0,1,0,0,0,0,0.0,0.0,0.0,64,0,0,0,0,0,0,2,0,0,0,251,-1,0,32,0.0,0.0,0,0,0.0,0.0,0,0,1
53,31045,2,2,60,450,30,30,30.0,0.0,225,225,225.0,0.0,16427.7661459172,128.8452246739,10348.3333333333,17918.6429545692,31039,3,3,3.0,0.0,3,3,3,3.0,0.0,3,3,0,0,0,0,40,40,64.4226123369,64.4226123369,30,225,108.0,106.8058987135,11407.5,0,0,0,0,0,0,0,0,1,135.0,30.0,225.0,40,0,0,0,0,0,0,2,60,2,450,-1,-1,1,20,0.0,0.0,0,0,0.0,0.0,0,0,0
9535,44,1,1,0,6,0,0,0.0,0.0,6,6,6.0,0.0,136363.6364,45454.54545,44.0,0.0,44,44,0,0.0,0.0,0,0,0,0.0,0.0,0,0,0,0,0,0,40,20,22727.27273,22727.27273,0,6,2.0,3.464101615,12.0,0,0,0,1,0,0,0,0,1,3.0,0.0,6.0,40,0,0,0,0,0,0,1,0,1,6,29200,0,0,40,0.0,0.0,0,0,0.0,0.0,0,0,1
80,2614913,4,0,24,0,6,6,6.0,0.0,0,0,0.0,0.0,9.17812562,1.529687603,871637.6667,1509717.26,2614909,1,2614913,871637.6667,1509717.26,2614909,1,0,0.0,0.0,0,0,0,0,0,0,80,0,1.529687603,0.0,6,6,6.0,0.0,0.0,0,0,0,0,1,0,0,0,0,7.5,6.0,0.0,80,0,0,0,0,0,0,4,24,0,0,256,-1,3,20,0.0,0.0,0,0,0.0,0.0,0,0,1
80,9011,2,1,12,0,6,6,6.0,0.0,0,0,0.0,0.0,1331.705693,332.9264233,4505.5,6360.425497,9003,8,9011,9011.0,0.0,9011,9011,0,0.0,0.0,0,0,0,0,0,0,40,32,221.9509488,110.9754744,0,6,4.5,3.0,9.0,1,0,0,0,0,0,0,0,0,6.0,6.0,0.0,40,0,0,0,0,0,0,2,12,1,0,0,235,1,20,0.0,0.0,0,0,0.0,0.0,0,0,1
80,8895789,5,0,30,0,6,6,6.0,0.0,0,0,0.0,0.0,3.372382146,0.562063691,2223947.25,4445236.672,8891802,4,8895789,2223947.25,4445236.672,8891802,4,0,0.0,0.0,0,0,0,0,0,0,100,0,0.562063691,0.0,6,6,6.0,0.0,0.0,0,0,0,0,1,0,0,0,0,7.2,6.0,0.0,100,0,0,0,0,0,0,5,30,0,0,256,-1,4,20,3987.0,0.0,3987,3987,8891802.0,0.0,8891802,8891802,1
80,1043498,3,4,26,11607,20,0,8.666666667,10.26320288,11595,0,2901.75,5795.50069,11148.08078,6.708206436,173916.3333,425644.2861,1042759,5,640,320.0,380.4234483,589,51,1043449,347816.3333,601838.0995,1042759,5,0,0,0,0,72,92,2.874945616,3.833260821,0,11595,1454.125,4097.537534,16800000.0,0,0,0,1,0,0,0,0,1,1661.857143,8.666666667,2901.75,72,0,0,0,0,0,0,3,26,4,11607,8192,229,2,20,0.0,0.0,0,0,0.0,0.0,0,0,1
21,3,2,0,14,0,14,0,7.0,9.899494937,0,0,0.0,0.0,4666666.667,666666.6667,3.0,0.0,3,3,3,3.0,0.0,3,3,0,0.0,0.0,0,0,1,0,0,0,64,0,666666.6667,0.0,0,14,9.333333333,8.082903769,65.33333333,0,1,0,0,1,0,0,0,0,14.0,7.0,0.0,64,0,0,0,0,0,0,2,14,0,0,229,-1,0,32,0.0,0.0,0,0,0.0,0.0,0,0,1
8290,68,1,1,2,6,2,2,2.0,0.0,6,6,6.0,0.0,117647.0588,29411.76471,68.0,0.0,68,68,0,0.0,0.0,0,0,0,0.0,0.0,0,0,0,0,0,0,24,20,14705.88235,14705.88235,2,6,3.333333333,2.309401077,5.333333333,0,0,0,1,0,0,0,0,1,5.0,2.0,6.0,24,0,0,0,0,0,0,1,2,1,6,1024,0,0,24,0.0,0.0,0,0,0.0,0.0,0,0,1
53,213991,2,2,68,358,34,34,34.0,0.0,179,179,179.0,0.0,1990.7379282306,18.692374913,71330.3333333333,123498.399545635,213934,9,9,9.0,0.0,9,9,48,48.0,0.0,48,48,0,0,0,0,40,64,9.3461874565,9.3461874565,34,179,92.0,79.4197708382,6307.5,0,0,0,0,0,0,0,0,1,115.0,34.0,179.0,40,0,0,0,0,0,0,2,68,2,358,-1,-1,1,20,0.0,0.0,0,0,0.0,0.0,0,0,0
110,47,2,0,4,0,2,2,2.0,0.0,0,0,0.0,0.0,85106.38298,42553.19149,47.0,0.0,47,47,47,47.0,0.0,47,47,0,0.0,0.0,0,0,0,0,0,0,48,0,42553.19149,0.0,2,2,2.0,0.0,0.0,0,0,0,1,0,0,0,0,0,3.0,2.0,0.0,48,0,0,0,0,0,0,2,4,0,0,1024,-1,1,24,0.0,0.0,0,0,0.0,0.0,0,0,0
53,119279,1,1,47,104,47,47,47.0,0.0,104,104,104.0,0.0,1265.93952,16.76741086,119279.0,0.0,119279,119279,0,0.0,0.0,0,0,0,0.0,0.0,0,0,0,0,0,0,20,32,8.38370543,8.38370543,47,104,66.0,32.90896534,1083.0,0,0,0,0,0,0,0,0,1,99.0,47.0,104.0,20,0,0,0,0,0,0,1,47,1,104,-1,-1,0,20,0.0,0.0,0,0,0.0,0.0,0,0,0
80,116065229,16,14,520,802,436,0,32.5,107.6104084,796,0,57.28571429,212.6226085,11.39014683,0.258475344,4002249.276,4884671.869,10000000,10,116000000,7737681.933,4136630.744,10000000,510,110000000,8488840.231,3761338.615,10000000,456,0,0,0,0,332,424,0.137853517,0.120621827,0,796,42.64516129,159.9869887,25595.83656,0,0,0,1,0,0,0,0,0,44.06666667,32.5,57.28571429,332,0,0,0,0,0,0,16,520,14,802,8192,288,15,20,31377.81818,25065.29083,106949,23537,10000000.0,17004.45209,10000000,9950652,0
80,7321832,5,0,30,0,6,6,6.0,0.0,0,0,0.0,0.0,4.097335202,0.6828892,1830458.0,3657570.763,7316813,0,7321832,1830458.0,3657570.763,7316813,0,0,0.0,0.0,0,0,0,0,0,0,100,0,0.6828892,0.0,6,6,6.0,0.0,0.0,0,0,0,0,1,0,0,0,0,7.2,6.0,0.0,100,0,0,0,0,0,0,5,30,0,0,256,-1,4,20,5019.0,0.0,5019,5019,7316813.0,0.0,7316813,7316813,1
57314,2,2,0,53,0,53,0,26.5,37.4766594,0,0,0.0,0.0,26500000.0,1000000.0,2.0,0.0,2,2,2,2.0,0.0,2,2,0,0.0,0.0,0,0,1,0,0,0,64,0,1000000.0,0.0,0,53,35.33333333,30.59956427,936.3333333,0,1,0,0,1,0,0,0,0,53.0,26.5,0.0,64,0,0,0,0,0,0,2,53,0,0,149,-1,0,32,0.0,0.0,0,0,0.0,0.0,0,0,0
80,3001819,3,0,0,0,0,0,0.0,0.0,0,0,0.0,0.0,0.0,0.999394034,1500909.5,711475.994,2003999,997820,3001819,1500909.5,711475.994,2003999,997820,0,0.0,0.0,0,0,0,0,0,0,120,0,0.999394034,0.0,0,0,0.0,0.0,0.0,0,0,0,1,0,0,0,0,0,0.0,0.0,0.0,120,0,0,0,0,0,0,3,0,0,0,29200,-1,0,40,0.0,0.0,0,0,0.0,0.0,0,0,1
443,116877202,35,44,895,53923,357,0,25.5714285714,69.2141968242,4380,0,1225.5227272727,1083.9866447439,469.0221793639,0.6759230941,1498425.66666667,3497296.07714202,9998706,3,116877202,3437564.76470588,4763833.00621514,10160639,3,112570776,2617925.02325581,4473908.64974387,10160803,48,0,0,0,0,712,1024,0.2994595986,0.3764634954,0,4380,685.225,1001.4744064173,1002950.98670886,0,0,0,1,0,0,0,0,1,693.8987341772,25.5714285714,1225.5227272727,712,0,0,0,0,0,0,35,895,44,53923,8192,62,34,20,236816.272727273,248127.241088556,984948,161868,9996896.90909091,2647.5390631507,9998706,9991794,0
51273,92,1,1,0,0,0,0,0.0,0.0,0,0,0.0,0.0,0.0,21739.13043,92.0,0.0,92,92,0,0.0,0.0,0,0,0,0.0,0.0,0,0,0,0,0,0,20,20,10869.56522,10869.56522,0,0,0.0,0.0,0.0,0,0,0,0,1,1,0,0,1,0.0,0.0,0.0,20,0,0,0,0,0,0,1,0,1,0,60,255,0,20,0.0,0.0,0,0,0.0,0.0,0,0,0
51855,172,3,1,43,6,31,6,14.33333333,14.43375673,6,6,6.0,0.0,284883.7209,23255.81395,57.33333333,58.96891837,124,12,172,86.0,53.74011537,124,48,0,0.0,0.0,0,0,0,0,0,0,60,20,17441.86047,5813.953488,6,31,11.0,11.18033989,125.0,0,0,0,0,1,0,0,0,0,13.75,14.33333333,6.0,60,0,0,0,0,0,0,3,43,1,6,980,0,2,20,0.0,0.0,0,0,0.0,0.0,0,0,0
53,169,2,2,64,96,32,32,32.0,0.0,48,48,48.0,0.0,946745.5621,23668.63905,56.33333333,58.94347575,119,2,2,2.0,0.0,2,2,48,48.0,0.0,48,48,0,0,0,0,40,40,11834.31953,11834.31953,32,48,38.4,8.76356092,76.8,0,0,0,0,0,0,0,0,1,48.0,32.0,48.0,40,0,0,0,0,0,0,2,64,2,96,-1,-1,1,20,0.0,0.0,0,0,0.0,0.0,0,0,0
8300,47,2,0,4,0,2,2,2.0,0.0,0,0,0.0,0.0,85106.38298,42553.19149,47.0,0.0,47,47,47,47.0,0.0,47,47,0,0.0,0.0,0,0,0,0,0,0,48,0,42553.19149,0.0,2,2,2.0,0.0,0.0,0,0,0,1,0,0,0,0,0,3.0,2.0,0.0,48,0,0,0,0,0,0,2,4,0,0,1024,-1,1,24,0.0,0.0,0,0,0.0,0.0,0,0,0
60698,77,1,1,0,0,0,0,0.0,0.0,0,0,0.0,0.0,0.0,25974.02597,77.0,0.0,77,77,0,0.0,0.0,0,0,0,0.0,0.0,0,0,0,0,0,0,32,32,12987.01299,12987.01299,0,0,0.0,0.0,0.0,0,0,0,0,1,1,0,0,1,0.0,0.0,0.0,32,0,0,0,0,0,0,1,0,1,0,146,360,0,32,0.0,0.0,0,0,0.0,0.0,0,0,0
443,1561665,5,4,604,188,517,0,120.8,223.619543,176,0,47.0,86.04649906,507.1510215,5.76307979,195208.125,508327.3338,1452129,69,1561665,390416.25,749354.8415,1514326,139,86362,28787.33333,31493.92432,62594,278,0,0,0,0,112,92,3.201710994,2.561368795,0,517,79.2,163.7435665,26811.95556,0,0,0,1,0,0,0,0,0,88.0,120.8,47.0,112,0,0,0,0,0,0,5,604,4,188,8192,946,4,20,0.0,0.0,0,0,0.0,0.0,0,0,0
80,84663187,7,6,335,11595,335,0,47.85714286,126.6180985,4344,0,1932.5,1754.831473,140.911303,0.153549618,7055265.583,24400000.0,84500000,4,84500000,14100000.0,34500000.0,84500000,4,149518,29903.6,60191.7678,137179,48,0,0,0,0,232,200,0.082680563,0.070869054,0,4344,852.1428571,1461.049826,2134666.593,0,0,0,0,1,0,0,0,0,917.6923077,47.85714286,1932.5,232,0,0,0,0,0,0,7,335,6,11595,251,235,1,32,551.0,0.0,551,551,84500000.0,0.0,84500000,84500000,1
53,3060411,2,2,93,198,50,43,46.5,4.9497474683,127,71,99.0,39.5979797464,95.0852679591,1.3070139926,1020137.0,1687391.46557638,2968487,30497,2998984,2998984.0,0.0,2998984,2998984,3029914,3029914.0,0.0,3029914,3029914,0,0,0,0,52,52,0.6535069963,0.6535069963,43,127,66.8,35.5555902778,1264.2,0,0,0,0,0,0,0,0,1,83.5,46.5,99.0,52,0,0,0,0,0,0,2,93,2,198,-1,-1,1,20,0.0,0.0,0,0,0.0,0.0,0,0,0
54545,22039,29,1,57604,6,2920,6,1986.344828,800.9046794,6,6,6.0,0.0,2614002.45,1361.223286,759.9655172,2979.373622,16236,2,22039,787.1071429,3030.544057,16236,2,0,0.0,0.0,0,0,0,0,0,0,580,20,1315.849176,45.37410953,6,2920,1905.483871,855.504992,731888.7914,0,0,0,0,1,0,0,0,0,1969.0,1986.344828,6.0,580,0,0,0,0,0,0,29,57604,1,6,62,0,28,20,0.0,0.0,0,0,0.0,0.0,0,0,0
80,5874854,5,0,30,0,6,6,6.0,0.0,0,0,0.0,0.0,5.106509881,0.85108498,1468713.5,2934753.267,5870843,3,5874854,1468713.5,2934753.267,5870843,3,0,0.0,0.0,0,0,0,0,0,0,100,0,0.85108498,0.0,6,6,6.0,0.0,0.0,0,0,0,0,1,0,0,0,0,7.2,6.0,0.0,100,0,0,0,0,0,0,5,30,0,0,256,-1,4,20,4011.0,0.0,4011,4011,5870843.0,0.0,5870843,5870843,1
53,229,2,2,84,228,42,42,42.0,0.0,114,114,114.0,0.0,1362445.415,17467.24891,76.33333333,93.51648696,181,1,1,1.0,0.0,1,1,47,47.0,0.0,47,47,0,0,0,0,64,64,8733.624454,8733.624454,42,114,70.8,39.43602414,1555.2,0,0,0,0,0,0,0,0,1,88.5,42.0,114.0,64,0,0,0,0,0,0,2,84,2,228,-1,-1,1,32,0.0,0.0,0,0,0.0,0.0,0,0,0
443,90,2,0,12,0,6,6,6.0,0.0,0,0,0.0,0.0,133333.333333333,22222.2222222222,90.0,0.0,90,90,90,90.0,0.0,90,90,0,0.0,0.0,0,0,0,0,0,0,40,0,22222.2222222222,0.0,6,6,6.0,0.0,0.0,0,0,0,0,1,0,0,0,0,9.0,6.0,0.0,40,0,0,0,0,0,0,2,12,0,0,254,-1,1,20,0.0,0.0,0,0,0.0,0.0,0,0,0
50389,43,1,1,0,6,0,0,0.0,0.0,6,6,6.0,0.0,139534.8837,46511.62791,43.0,0.0,43,43,0,0.0,0.0,0,0,0,0.0,0.0,0,0,0,0,0,0,40,20,23255.81395,23255.81395,0,6,2.0,3.464101615,12.0,0,0,0,1,0,0,0,0,1,3.0,0.0,6.0,40,0,0,0,0,0,0,1,0,1,6,29200,0,0,40,0.0,0.0,0,0,0.0,0.0,0,0,1
52984,99,1,1,6,6,6,6,6.0,0.0,6,6,6.0,0.0,121212.1212,20202.0202,99.0,0.0,99,99,0,0.0,0.0,0,0,0,0.0,0.0,0,0,0,0,0,0,20,20,10101.0101,10101.0101,6,6,6.0,0.0,0.0,0,0,0,0,1,1,0,0,1,9.0,6.0,6.0,20,0,0,0,0,0,0,1,6,1,6,58,256,0,20,0.0,0.0,0,0,0.0,0.0,0,0,0
60185,118,1,1,6,6,6,6,6.0,0.0,6,6,6.0,0.0,101694.9153,16949.15254,118.0,0.0,118,118,0,0.0,0.0,0,0,0,0.0,0.0,0,0,0,0,0,0,20,20,8474.576271,8474.576271,6,6,6.0,0.0,0.0,0,0,0,0,1,1,0,0,1,9.0,6.0,6.0,20,0,0,0,0,0,0,1,6,1,6,60,251,0,20,0.0,0.0,0,0,0.0,0.0,0,0,0
80,85194242,7,6,332,11595,332,0,47.42857143,125.484205,5792,0,1932.5,2181.008184,139.9977243,0.152592472,7099520.167,24500000.0,85000000,4,85000000,14200000.0,34700000.0,85000000,4,175622,35124.4,71204.45042,162108,47,0,0,0,0,232,200,0.082165177,0.070427295,0,5792,851.9285714,1667.346877,2780045.61,0,0,0,0,1,0,0,0,0,917.4615385,47.42857143,1932.5,232,0,0,0,0,0,0,7,332,6,11595,274,235,1,32,995.0,0.0,995,995,85000000.0,0.0,85000000,85000000,1
80,922100,3,5,26,11601,20,0,8.666666667,10.26320288,5840,0,2320.2,2436.833027,12609.26147,8.675848606,131728.5714,346242.3118,916923,47,4776,2388.0,3310.67395,4729,47,922006,230501.5,457619.3744,916923,167,0,0,0,0,72,112,3.253443227,5.422405379,0,5840,1291.888889,2110.95076,4456113.111,0,0,0,1,0,0,0,0,1,1453.375,8.666666667,2320.2,72,0,0,0,0,0,0,3,26,5,11601,8192,229,2,20,0.0,0.0,0,0,0.0,0.0,0,0,1
21,143505,20,24,176,426,43,0,8.8,12.68069399,52,0,17.75,16.49044519,4194.975785,306.6095258,3337.325581,14251.40229,83315,0,143398,7547.263158,29131.37302,127285,0,143353,6232.73913,19216.79523,83315,1,0,0,0,0,656,784,139.3679663,167.2415595,0,52,13.37777778,15.3493987,235.6040404,0,0,0,1,0,0,0,0,1,13.68181818,8.8,17.75,656,0,0,0,0,0,0,20,176,24,426,29200,227,12,32,0.0,0.0,0,0,0.0,0.0,0,0,0
80,85167099,6,6,361,11595,361,0,60.16666667,147.3776329,7240,0,1932.5,2695.639126,140.382849,0.14089948,7742463.545,25600000.0,85000000,3,85000000,17000000.0,38000000.0,85000000,3,147504,29500.8,58222.43136,133091,70,0,0,0,0,200,200,0.07044974,0.07044974,0,7240,919.6923077,1997.376796,3989514.064,0,0,0,0,1,0,0,0,1,996.3333333,60.16666667,1932.5,200,0,0,0,0,0,0,6,361,6,11595,274,235,1,32,979.0,0.0,979,979,85000000.0,0.0,85000000,85000000,1
80,62566,3,6,317,11595,317,0,105.6666667,183.0200353,5792,0,1932.5,2179.547086,190390.9472,143.8480964,7820.75,18256.58366,52186,2,10012,5006.0,7076.724666,10010,2,62506,12501.2,22594.60315,52186,47,0,0,0,0,104,200,47.94936547,95.89873094,0,5792,1191.2,1887.690523,3563375.511,0,0,0,1,0,0,0,0,2,1323.555556,105.6666667,1932.5,104,0,0,0,0,0,0,3,317,6,11595,29200,235,1,32,0.0,0.0,0,0,0.0,0.0,0,0,1
6007,68,1,1,0,6,0,0,0.0,0.0,6,6,6.0,0.0,88235.29412,29411.76471,68.0,0.0,68,68,0,0.0,0.0,0,0,0,0.0,0.0,0,0,0,0,0,0,40,20,14705.88235,14705.88235,0,6,2.0,3.464101615,12.0,0,0,0,1,0,0,0,0,1,3.0,0.0,6.0,40,0,0,0,0,0,0,1,0,1,6,29200,0,0,40,0.0,0.0,0,0,0.0,0.0,0,0,1
443,14550103,4,2,31,0,31,0,7.75,15.5,0,0,0.0,0.0,2.13056911,0.412368215,2910020.6,4414502.078,10000000,47,14600000,4850034.333,5033022.139,10000000,47,10000000,10000000.0,0.0,10000000,10000000,0,0,0,0,128,64,0.274912143,0.137456072,0,31,4.428571429,11.71689866,137.2857143,0,0,0,0,1,0,0,0,0,5.166666667,7.75,0.0,128,0,0,0,0,0,0,4,31,2,0,55024,10870,1,32,32389.0,0.0,32389,32389,10000000.0,0.0,10000000,10000000,0
443,11581816,10,12,1284,7703,517,0,128.4,200.3775326,3460,0,641.9166667,1273.015422,775.95776,1.8995294,551515.0476,2186400.374,9999872,3,1581940,175771.1111,485654.7208,1470402,3,11600000,1051090.636,2998341.119,9999921,4,0,0,0,0,212,252,0.863422455,1.036106946,0,3460,390.7391304,948.3379824,899344.9289,0,0,0,1,0,0,0,0,1,408.5,128.4,641.9166667,212,0,0,0,0,0,0,10,1284,12,7703,8192,33,4,20,1581940.0,0.0,1581940,1581940,9999872.0,0.0,9999872,9999872,0
53,30998,1,1,47,175,47,47,47.0,0.0,175,175,175.0,0.0,7161.752371,64.52029163,30998.0,0.0,30998,30998,0,0.0,0.0,0,0,0,0.0,0.0,0,0,0,0,0,0,32,32,32.26014582,32.26014582,47,175,89.66666667,73.90083446,5461.333333,0,0,0,0,0,0,0,0,1,134.5,47.0,175.0,32,0,0,0,0,0,0,1,47,1,175,-1,-1,0,32,0.0,0.0,0,0,0.0,0.0,0,0,0
80,3,2,0,0,0,0,0,0.0,0.0,0,0,0.0,0.0,0.0,666666.6667,3.0,0.0,3,3,3,3.0,0.0,3,3,0,0.0,0.0,0,0,0,0,0,0,64,0,666666.6667,0.0,0,0,0.0,0.0,0.0,0,0,0,0,1,0,0,0,0,0.0,0.0,0.0,64,0,0,0,0,0,0,2,0,0,0,274,-1,0,32,0.0,0.0,0,0,0.0,0.0,0,0,1
53,61389,2,2,66,246,33,33,33.0,0.0,123,123,123.0,0.0,5082.3437423643,65.1582531072,20463.0,35436.0274720517,61381,4,4,4.0,0.0,4,4,4,4.0,0.0,4,4,0,0,0,0,88,64,32.5791265536,32.5791265536,33,123,69.0,49.2950301755,2430.0,0,0,0,0,0,0,0,0,1,86.25,33.0,123.0,88,0,0,0,0,0,0,2,66,2,246,-1,-1,1,44,0.0,0.0,0,0,0.0,0.0,0,0,0
80,89553635,8,5,56,11607,20,0,7.0,5.656854249,10135,0,2321.4,4413.201989,130.2348029,0.145164403,7462802.917,24800000.0,86000000,4,88200000,12600000.0,32400000.0,86000000,161,1359917,339979.25,679283.9211,1358905,4,0,0,0,0,172,112,0.089331941,0.055832463,0,10135,833.5,2705.044255,7317264.423,0,0,0,0,1,0,0,0,0,897.6153846,7.0,2321.4,172,0,0,0,0,0,0,8,56,5,11607,256,229,6,20,2163967.0,0.0,2163967,2163967,86000000.0,0.0,86000000,86000000,1
53,161,2,2,80,274,40,40,40.0,0.0,137,137,137.0,0.0,2198757.76397516,24844.7204968944,53.6666666667,86.8926540815,154,3,3,3.0,0.0,3,3,4,4.0,0.0,4,4,0,0,0,0,40,40,12422.3602484472,12422.3602484472,40,137,78.8,53.129088078,2822.7,0,0,0,0,0,0,0,0,1,98.5,40.0,137.0,40,0,0,0,0,0,0,2,80,2,274,-1,-1,1,20,0.0,0.0,0,0,0.0,0.0,0,0,0
80,448650,3,6,26,11607,20,0,8.666666667,10.26320288,5840,0,1934.5,2538.919278,25928.8978,20.06018054,56081.25,157498.7064,445866,47,2415,1207.5,1638.366412,2366,49,448565,89713.0,199098.1205,445866,47,0,0,0,0,72,132,6.686726847,13.37345369,0,5840,1163.3,2138.329153,4572451.567,0,0,0,1,0,0,0,0,2,1292.555556,8.666666667,1934.5,72,0,0,0,0,0,0,3,26,6,11607,8192,229,2,20,0.0,0.0,0,0,0.0,0.0,0,0,1
80,99705962,7,7,383,11595,377,0,54.71428571,142.1322322,5792,0,1656.428571,2118.227235,120.1332374,0.140412867,7669689.385,27600000.0,99600000,1,99600000,16600000.0,40600000.0,99600000,1,138712,23118.66667,50697.96475,126143,46,0,0,0,0,220,232,0.070206434,0.070206434,0,5792,798.5333333,1619.191635,2621781.552,0,0,0,0,1,0,0,0,1,855.5714286,54.71428571,1656.428571,220,0,0,0,0,0,0,7,383,7,11595,251,235,2,20,1190.0,0.0,1190,1190,99600000.0,0.0,99600000,99600000,1
10082,43,1,1,2,6,2,2,2.0,0.0,6,6,6.0,0.0,186046.5116,46511.62791,43.0,0.0,43,43,0,0.0,0.0,0,0,0,0.0,0.0,0,0,0,0,0,0,24,20,23255.81395,23255.81395,2,6,3.333333333,2.309401077,5.333333333,0,0,0,1,0,0,0,0,1,5.0,2.0,6.0,24,0,0,0,0,0,0,1,2,1,6,1024,0,0,24,0.0,0.0,0,0,0.0,0.0,0,0,1
443,14336951,1,5,0,0,0,0,0.0,0.0,0,0,0.0,0.0,0.0,0.418499024,2867390.2,3278155.794,8000043,36633,0,0.0,0.0,0,0,14300000,3575079.5,3315053.48,8000043,300246,0,0,0,0,32,160,0.069749837,0.348749187,0,0,0.0,0.0,0.0,0,0,0,1,0,0,0,0,5,0.0,0.0,0.0,32,0,0,0,0,0,0,1,0,5,0,8192,42780,0,32,6336908.0,0.0,6336908,6336908,8000043.0,0.0,8000043,8000043,0
80,85927990,6,7,366,11595,348,0,61.0,140.6314332,4344,0,1656.428571,1760.597234,139.1979494,0.151289469,7160665.833,24700000.0,85700000,3,85700000,17100000.0,38300000.0,85700000,3,85900000,14300000.0,35000000.0,85700000,33,0,0,0,0,164,232,0.069825909,0.08146356,0,4344,854.7857143,1459.624092,2130502.489,1,0,0,0,0,0,0,0,1,920.5384615,61.0,1656.428571,164,0,0,0,0,0,0,6,366,7,11595,0,235,3,20,11005.0,0.0,11005,11005,85700000.0,0.0,85700000,85700000,1
53,36960,1,1,54,70,54,54,54.0,0.0,70,70,70.0,0.0,3354.9783549784,54.1125541126,36960.0,0.0,36960,36960,0,0.0,0.0,0,0,0,0.0,0.0,0,0,0,0,0,0,20,20,27.0562770563,27.0562770563,54,70,59.3333333333,9.237604307,85.3333333333,0,0,0,0,0,0,0,0,1,89.0,54.0,70.0,20,0,0,0,0,0,0,1,54,1,70,-1,-1,0,20,0.0,0.0,0,0,0.0,0.0,0,0,0
53,30496,1,1,55,71,55,55,55.0,0.0,71,71,71.0,0.0,4131.6894018888,65.5823714586,30496.0,0.0,30496,30496,0,0.0,0.0,0,0,0,0.0,0.0,0,0,0,0,0,0,20,44,32.7911857293,32.7911857293,55,71,60.3333333333,9.237604307,85.3333333333,0,0,0,0,0,0,0,0,1,90.5,55.0,71.0,20,0,0,0,0,0,0,1,55,1,71,-1,-1,0,20,0.0,0.0,0,0,0.0,0.0,0,0,0
53,162,2,2,88,120,44,44,44.0,0.0,60,60,60.0,0.0,1283950.61728395,24691.3580246914,54.0,54.2494239601,111,3,3,3.0,0.0,3,3,48,48.0,0.0,48,48,0,0,0,0,40,40,12345.6790123457,12345.6790123457,44,60,50.4,8.7635609201,76.8,0,0,0,0,0,0,0,0,1,63.0,44.0,60.0,40,0,0,0,0,0,0,2,88,2,120,-1,-1,1,20,0.0,0.0,0,0,0.0,0.0,0,0,0
9593,40,1,1,0,6,0,0,0.0,0.0,6,6,6.0,0.0,150000.0,50000.0,40.0,0.0,40,40,0,0.0,0.0,0,0,0,0.0,0.0,0,0,0,0,0,0,40,20,25000.0,25000.0,0,6,2.0,3.464101615,12.0,0,0,0,1,0,0,0,0,1,3.0,0.0,6.0,40,0,0,0,0,0,0,1,0,1,6,29200,0,0,40,0.0,0.0,0,0,0.0,0.0,0,0,1
62090,86,1,1,0,0,0,0,0.0,0.0,0,0,0.0,0.0,0.0,23255.8139534884,86.0,0.0,86,86,0,0.0,0.0,0,0,0,0.0,0.0,0,0,0,0,0,0,32,32,11627.9069767442,11627.9069767442,0,0,0.0,0.0,0.0,0,0,0,0,1,0,0,0,1,0.0,0.0,0.0,32,0,0,0,0,0,0,1,0,1,0,117,33304,0,32,0.0,0.0,0,0,0.0,0.0,0,0,0
995,16,1,1,2,6,2,2,2.0,0.0,6,6,6.0,0.0,500000.0,125000.0,16.0,0.0,16,16,0,0.0,0.0,0,0,0,0.0,0.0,0,0,0,0,0,0,24,20,62500.0,62500.0,2,6,3.333333333,2.309401077,5.333333333,0,0,0,1,0,0,0,0,1,5.0,2.0,6.0,24,0,0,0,0,0,0,1,2,1,6,1024,0,0,24,0.0,0.0,0,0,0.0,0.0,0,0,1
80,34914,3,4,26,11601,20,0,8.666666667,10.26320288,7215,0,2900.25,3540.00286,333018.2735,200.4926391,5819.0,11942.99204,29933,79,30170,15085.0,21145.32118,30037,133,34810,11603.33333,16203.85165,30145,160,0,0,0,0,72,92,85.92541674,114.5672223,0,7215,1453.375,2786.259804,7763243.696,0,0,0,1,0,0,0,0,1,1661.0,8.666666667,2900.25,72,0,0,0,0,0,0,3,26,4,11601,8192,229,2,20,0.0,0.0,0,0,0.0,0.0,0,0,1
53,24378,2,2,78,190,39,39,39.0,0.0,95,95,95.0,0.0,10993.51875,164.0823693,8126.0,14071.1808,24374,1,1,1.0,0.0,1,1,3,3.0,0.0,3,3,0,0,0,0,80,80,82.04118467,82.04118467,39,95,61.4,30.67246322,940.8,0,0,0,0,0,0,0,0,1,76.75,39.0,95.0,80,0,0,0,0,0,0,2,78,2,190,-1,-1,1,40,0.0,0.0,0,0,0.0,0.0,0,0,0
52673,44,1,1,0,6,0,0,0.0,0.0,6,6,6.0,0.0,136363.6364,45454.54545,44.0,0.0,44,44,0,0.0,0.0,0,0,0,0.0,0.0,0,0,0,0,0,0,40,20,22727.27273,22727.27273,0,6,2.0,3.464101615,12.0,0,0,0,1,0,0,0,0,1,3.0,0.0,6.0,40,0,0,0,0,0,0,1,0,1,6,29200,0,0,40,0.0,0.0,0,0,0.0,0.0,0,0,1
53,261052,2,2,60,450,30,30,30.0,0.0,225,225,225.0,0.0,1953.633759,15.32261772,87017.33333,150712.3803,261045,3,3,3.0,0.0,3,3,4,4.0,0.0,4,4,0,0,0,0,40,40,7.661308858,7.661308858,30,225,108.0,106.8058987,11407.5,0,0,0,0,0,0,0,0,1,135.0,30.0,225.0,40,0,0,0,0,0,0,2,60,2,450,-1,-1,1,20,0.0,0.0,0,0,0.0,0.0,0,0,0
45732,88397,2,1,0,0,0,0,0.0,0.0,0,0,0.0,0.0,0.0,33.93780332,44198.5,62426.92218,88341,56,88397,88397.0,0.0,88397,88397,0,0.0,0.0,0,0,0,0,0,0,64,32,22.62520221,11.31260111,0,0,0.0,0.0,0.0,0,0,0,0,1,1,0,0,0,0.0,0.0,0.0,64,0,0,0,0,0,0,2,0,1,0,145,359,0,32,0.0,0.0,0,0,0.0,0.0,0,0,0
53,195,2,2,64,158,32,32,32.0,0.0,79,79,79.0,0.0,1138461.538,20512.82051,65.0,110.8512517,193,1,1,1.0,0.0,1,1,1,1.0,0.0,1,1,0,0,0,0,40,40,10256.41026,10256.41026,32,79,50.8,25.7429602,662.7,0,0,0,0,0,0,0,0,1,63.5,32.0,79.0,40,0,0,0,0,0,0,2,64,2,158,-1,-1,1,20,0.0,0.0,0,0,0.0,0.0,0,0,0
443,1035551,9,8,534,5431,197,0,59.33333333,83.93598751,1460,0,678.875,660.7306427,5760.218473,16.41638123,64721.9375,107965.933,369447,3,1035551,129443.875,137961.4019,369447,3,824379,117768.4286,172940.4529,397974,49,0,0,0,0,192,172,8.691025358,7.725355873,0,1460,331.3888889,534.3625272,285543.3105,0,0,0,1,0,0,0,0,0,350.8823529,59.33333333,678.875,192,0,0,0,0,0,0,9,534,8,5431,8192,980,4,20,0.0,0.0,0,0,0.0,0.0,0,0,0
443,43,2,0,12,0,6,6,6.0,0.0,0,0,0.0,0.0,279069.7674,46511.62791,43.0,0.0,43,43,43,43.0,0.0,43,43,0,0.0,0.0,0,0,0,0,0,0,40,0,46511.62791,0.0,6,6,6.0,0.0,0.0,0,0,0,0,1,0,0,0,0,9.0,6.0,0.0,40,0,0,0,0,0,0,2,12,0,0,63096,-1,1,20,0.0,0.0,0,0,0.0,0.0,0,0,0
53,150938,1,1,49,209,49,49,49.0,0.0,209,209,209.0,0.0,1709.311108,13.2504737,150938.0,0.0,150938,150938,0,0.0,0.0,0,0,0,0.0,0.0,0,0,0,0,0,0,32,20,6.625236852,6.625236852,49,209,102.3333333,92.37604307,8533.333333,0,0,0,0,0,0,0,0,1,153.5,49.0,209.0,32,0,0,0,0,0,0,1,49,1,209,-1,-1,0,32,0.0,0.0,0,0,0.0,0.0,0,0,0
53,23837,2,2,68,182,34,34,34.0,0.0,91,91,91.0,0.0,10487.89697,167.8063515,7945.666667,13757.96832,23832,1,1,1.0,0.0,1,1,4,4.0,0.0,4,4,0,0,0,0,64,64,83.90317574,83.90317574,34,91,56.8,31.22018578,974.7,0,0,0,0,0,0,0,0,1,71.0,34.0,91.0,64,0,0,0,0,0,0,2,68,2,182,-1,-1,1,32,0.0,0.0,0,0,0.0,0.0,0,0,0
80,1,2,0,0,0,0,0,0.0,0.0,0,0,0.0,0.0,0.0,2000000.0,1.0,0.0,1,1,1,1.0,0.0,1,1,0,0.0,0.0,0,0,0,0,0,0,64,0,2000000.0,0.0,0,0,0.0,0.0,0.0,0,0,0,0,1,0,0,0,0,0.0,0.0,0.0,64,0,0,0,0,0,0,2,0,0,0,251,-1,0,32,0.0,0.0,0,0,0.0,0.0,0,0,1
80,4256476,4,0,24,0,6,6,6.0,0.0,0,0,0.0,0.0,5.638467126,0.939744521,1418825.333,2456750.973,4255637,286,4256476,1418825.333,2456750.973,4255637,286,0,0.0,0.0,0,0,0,0,0,0,80,0,0.939744521,0.0,6,6,6.0,0.0,0.0,0,0,0,0,1,0,0,0,0,7.5,6.0,0.0,80,0,0,0,0,0,0,4,24,0,0,256,-1,3,20,0.0,0.0,0,0,0.0,0.0,0,0,1
53,24355,2,2,70,102,35,35,35.0,0.0,51,51,51.0,0.0,7062.204886,164.2373229,8118.333333,13978.2274,24259,47,49,49.0,0.0,49,49,47,47.0,0.0,47,47,0,0,0,0,40,40,82.11866147,82.11866147,35,51,41.4,8.76356092,76.8,0,0,0,0,0,0,0,0,1,51.75,35.0,51.0,40,0,0,0,0,0,0,2,70,2,102,-1,-1,1,20,0.0,0.0,0,0,0.0,0.0,0,0,0
53,21573530,2,2,100,213,55,45,50.0,7.071067812,110,103,106.5,4.949747468,14.5085204,0.185412401,7191176.667,12400000.0,21500000,31648,21500000,21500000.0,0.0,21500000,21500000,21500000,21500000.0,0.0,21500000,21500000,0,0,0,0,76,52,0.092706201,0.092706201,45,110,73.6,30.41052449,924.8,0,0,0,0,0,0,0,0,1,92.0,50.0,106.5,76,0,0,0,0,0,0,2,100,2,213,-1,-1,1,32,31648.0,0.0,31648,31648,21500000.0,0.0,21500000,21500000,0
443,60460741,12,8,5072,5742,2721,0,422.6666667,830.1315704,2482,0,717.75,946.1082315,178.8598654,0.330793167,3182144.263,13700000.0,59900000,2,60500000,5496431.0,18100000.0,59900000,2,380887,54412.42857,50645.1076,102894,187,0,0,0,0,252,172,0.1984759,0.132317267,0,2721,514.952381,852.7173902,727126.9476,0,0,0,1,0,0,0,0,0,540.7,422.6666667,717.75,252,0,0,0,0,0,0,12,5072,8,5742,8192,258,11,20,0.0,0.0,0,0,0.0,0.0,0,0,0
443,4167846,11,10,3246,6011,2709,0,295.0909091,808.4432515,1413,0,601.1,666.7335716,2221.051354,5.038573882,208392.3,613428.6636,2625836,1,1542010,154201.0,313732.9012,1000282,1,4143194,460354.8889,879150.4143,2626073,4,0,0,0,0,360,328,2.639252986,2.399320896,0,2709,420.7727273,730.7071547,533932.9459,0,0,0,1,0,0,0,0,0,440.8095238,295.0909091,601.1,360,0,0,0,0,0,0,11,3246,10,6011,29200,17376,3,32,0.0,0.0,0,0,0.0,0.0,0,0,0
53,78996,2,2,68,284,34,34,34.0,0.0,142,142,142.0,0.0,4455.921819,50.63547521,26332.0,45565.06591,78946,3,3,3.0,0.0,3,3,47,47.0,0.0,47,47,0,0,0,0,40,40,25.31773761,25.31773761,34,142,77.2,59.15403621,3499.2,0,0,0,0,0,0,0,0,1,96.5,34.0,142.0,40,0,0,0,0,0,0,2,68,2,284,-1,-1,1,20,0.0,0.0,0,0,0.0,0.0,0,0,0
443,81410,13,11,584,7192,341,0,44.9230769231,98.2636432753,2410,0,653.8181818182,846.5248747889,95516.5213118782,294.8040781231,3539.5652173913,6067.7375357189,19588,2,81410,6784.1666666667,9744.5046502523,24947,2,55611,5561.1,8059.079840638,20266,2,0,0,0,0,428,360,159.6855423167,135.1185358064,0,2410,311.04,632.1840765684,399656.706666667,0,0,0,1,0,0,0,0,0,324.0,44.9230769231,653.8181818182,428,0,0,0,0,0,0,13,584,11,7192,65535,31,5,32,0.0,0.0,0,0,0.0,0.0,0,0,0
80,75540174,9,4,62,11601,20,0,6.888888889,5.30199124,8760,0,2900.25,4128.319301,154.3946669,0.172093858,6295014.5,18300000.0,63900000,1,73700000,9213474.875,22400000.0,63900000,1,1846073,615357.6667,1053617.677,1831946,368,0,0,0,0,192,92,0.119141902,0.052951956,0,8760,833.5,2402.71381,5773033.654,0,0,0,0,1,0,0,0,0,897.6153846,6.888888889,2900.25,192,0,0,0,0,0,0,9,62,4,11601,256,229,7,20,1994.0,0.0,1994,1994,36800000.0,38200000.0,63900000,9820763,1
80,7,2,0,0,0,0,0,0.0,0.0,0,0,0.0,0.0,0.0,285714.2857,7.0,0.0,7,7,7,7.0,0.0,7,7,0,0.0,0.0,0,0,0,0,0,0,64,0,285714.2857,0.0,0,0,0.0,0.0,0.0,0,0,0,0,1,0,0,0,0,0.0,0.0,0.0,64,0,0,0,0,0,0,2,0,0,0,274,-1,0,32,0.0,0.0,0,0,0.0,0.0,0,0,1
53,228,2,2,72,128,36,36,36.0,0.0,64,64,64.0,0.0,877192.9825,17543.85965,76.0,126.439709,222,3,3,3.0,0.0,3,3,3,3.0,0.0,3,3,0,0,0,0,40,40,8771.929825,8771.929825,36,64,47.2,15.33623161,235.2,0,0,0,0,0,0,0,0,1,59.0,36.0,64.0,40,0,0,0,0,0,0,2,72,2,128,-1,-1,1,20,0.0,0.0,0,0,0.0,0.0,0,0,0
80,984,5,0,0,0,0,0,0.0,0.0,0,0,0.0,0.0,0.0,5081.300813,246.0,484.6668959,973,3,984,246.0,484.6668959,973,3,0,0.0,0.0,0,0,0,0,0,0,160,0,5081.300813,0.0,0,0,0.0,0.0,0.0,0,0,0,0,1,0,0,0,0,0.0,0.0,0.0,160,0,0,0,0,0,0,5,0,0,0,274,-1,0,32,0.0,0.0,0,0,0.0,0.0,0,0,1
53,255,2,2,68,158,34,34,34.0,0.0,79,79,79.0,0.0,886274.5098,15686.27451,85.0,141.1701102,248,2,5,5.0,0.0,5,5,2,2.0,0.0,2,2,0,0,0,0,40,40,7843.137255,7843.137255,34,79,52.0,24.64751509,607.5,0,0,0,0,0,0,0,0,1,65.0,34.0,79.0,40,0,0,0,0,0,0,2,68,2,158,-1,-1,1,20,0.0,0.0,0,0,0.0,0.0,0,0,0
53,51494,2,2,66,184,33,33,33.0,0.0,92,92,92.0,0.0,4854.934555,77.67895289,17164.66667,29684.18394,51441,4,49,49.0,0.0,49,49,4,4.0,0.0,4,4,0,0,0,0,40,64,38.83947644,38.83947644,33,92,56.6,32.31563089,1044.3,0,0,0,0,0,0,0,0,1,70.75,33.0,92.0,40,0,0,0,0,0,0,2,66,2,184,-1,-1,1,20,0.0,0.0,0,0,0.0,0.0,0,0,0
53,133197,4,4,136,760,34,34,34.0,0.0,190,190,190.0,0.0,6726.878233,60.06141279,19028.14286,45798.90896,122523,3,133007,44335.66667,76707.62279,132910,48,122765,40921.66667,70872.34362,122758,3,0,0,0,0,104,128,30.0307064,30.0307064,34,190,103.3333333,82.21921916,6760.0,0,0,0,0,0,0,0,0,1,116.25,34.0,190.0,104,0,0,0,0,0,0,4,136,4,760,-1,-1,3,20,0.0,0.0,0,0,0.0,0.0,0,0,0
53,175,2,2,84,198,42,42,42.0,0.0,99,99,99.0,0.0,1611428.571,22857.14286,58.33333333,61.15826464,124,3,3,3.0,0.0,3,3,48,48.0,0.0,48,48,0,0,0,0,40,40,11428.57143,11428.57143,42,99,64.8,31.22018578,974.7,0,0,0,0,0,0,0,0,1,81.0,42.0,99.0,40,0,0,0,0,0,0,2,84,2,198,-1,-1,1,20,0.0,0.0,0,0,0.0,0.0,0,0,0
80,100218044,11,6,620,11595,310,0,56.36363636,125.4011744,5792,0,1932.5,2181.008184,121.8842387,0.169630132,6263627.75,25000000.0,99900000,1,100000000,10000000.0,31600000.0,99900000,1,359828,71965.6,104157.5592,228016,46,0,0,0,0,360,200,0.109760673,0.059869458,0,5792,678.6111111,1496.943676,2240840.369,0,0,0,0,1,0,0,0,0,718.5294118,56.36363636,1932.5,360,0,0,0,0,0,0,11,620,6,11595,251,235,2,32,1990.0,0.0,1990,1990,99900000.0,0.0,99900000,99900000,1
54283,4,3,0,43,0,31,6,14.33333333,14.43375673,0,0,0.0,0.0,10800000.0,750000.0,2.0,1.414213562,3,1,4,2.0,1.414213562,3,1,0,0.0,0.0,0,0,0,0,0,0,60,0,750000.0,0.0,6,31,12.25,12.5,156.25,0,0,0,0,1,0,0,0,0,16.33333333,14.33333333,0.0,60,0,0,0,0,0,0,3,43,0,0,64,-1,2,20,0.0,0.0,0,0,0.0,0.0,0,0,0
80,112899,3,5,26,11607,20,0,8.666666667,10.26320288,8675,0,2321.4,3769.536019,103038.9995,70.85979504,16128.42857,42281.09318,112012,4,655,327.5,393.8584771,606,49,112837,28209.25,55869.11348,112012,4,0,0,0,0,72,112,26.57242314,44.2873719,0,8675,1292.555556,2931.429562,8593279.278,0,0,0,1,0,0,0,0,1,1454.125,8.666666667,2321.4,72,0,0,0,0,0,0,3,26,5,11607,8192,229,2,20,0.0,0.0,0,0,0.0,0.0,0,0,1
53,73105,2,2,74,188,37,37,37.0,0.0,94,94,94.0,0.0,3583.886191,54.71581971,24368.33333,42162.16438,73053,3,49,49.0,0.0,49,49,3,3.0,0.0,3,3,0,0,0,0,64,80,27.35790986,27.35790986,37,94,59.8,31.22018578,974.7,0,0,0,0,0,0,0,0,1,74.75,37.0,94.0,64,0,0,0,0,0,0,2,74,2,188,-1,-1,1,32,0.0,0.0,0,0,0.0,0.0,0,0,0
80,100975651,8,7,1125,11595,369,0,140.625,189.1287827,4344,0,1656.428571,1760.597234,125.970963,0.148550664,7212546.5,26800000.0,100000000,22,101000000,14400000.0,37900000.0,100000000,984,101000000,16800000.0,40900000.0,100000000,48,0,0,0,0,228,232,0.079227021,0.069323643,0,4344,795.375,1368.483096,1872745.983,1,0,0,0,0,0,0,0,0,848.4,140.625,1656.428571,228,0,0,0,0,0,0,8,1125,7,11595,0,235,5,20,10987.0,0.0,10987,10987,100000000.0,0.0,100000000,100000000,1
49340,3,2,0,37,0,37,0,18.5,26.1629509039,0,0,0.0,0.0,12333333.3333333,666666.666666667,3.0,0.0,3,3,3,3.0,0.0,3,3,0,0.0,0.0,0,0,1,0,0,0,64,0,666666.666666667,0.0,0,37,24.6666666667,21.36195996,456.3333333333,0,1,0,0,1,0,0,0,0,37.0,18.5,0.0,64,0,0,0,0,0,0,2,37,0,0,1120,-1,0,32,0.0,0.0,0,0,0.0,0.0,0,0,0
80,100097823,9,5,412,11595,406,0,45.77777778,135.0979069,7240,0,2319.0,3331.638186,119.9526587,0.139863182,7699832.538,27700000.0,99900000,0,100000000,12500000.0,35300000.0,99900000,0,152411,38102.75,68334.05645,140275,160,0,0,0,0,284,168,0.089912045,0.049951136,0,7240,800.4666667,2101.729317,4417266.124,0,0,0,0,1,0,0,0,0,857.6428571,45.77777778,2319.0,284,0,0,0,0,0,0,9,412,5,11595,274,235,2,20,1923.0,0.0,1923,1923,99900000.0,0.0,99900000,99900000,1
53,47891,1,1,47,131,47,47,47.0,0.0,131,131,131.0,0.0,3716.773507,41.76150007,47891.0,0.0,47891,47891,0,0.0,0.0,0,0,0,0.0,0.0,0,0,0,0,0,0,32,20,20.88075004,20.88075004,47,131,75.0,48.49742261,2352.0,0,0,0,0,0,0,0,0,1,112.5,47.0,131.0,32,0,0,0,0,0,0,1,47,1,131,-1,-1,0,32,0.0,0.0,0,0,0.0,0.0,0,0,0
34265,17,3,0,31,0,31,0,10.33333333,17.89785834,0,0,0.0,0.0,1823529.412,176470.5882,8.5,6.363961031,13,4,17,8.5,6.363961031,13,4,0,0.0,0.0,0,0,0,0,0,0,96,0,176470.5882,0.0,0,31,7.75,15.5,240.25,0,0,0,0,1,0,0,0,0,10.33333333,10.33333333,0.0,96,0,0,0,0,0,0,3,31,0,0,59,-1,1,32,0.0,0.0,0,0,0.0,0.0,0,0,0
443,14962600,8,7,969,951,517,0,121.125,211.5658880822,810,0,135.8571428571,301.8776951965,128.3199443947,1.0024995656,1068757.14285714,2835241.37242935,9960008,53,10265169,1466452.71428571,3745672.88813758,9960008,246,14875681,2479280.16666667,4151492.93429029,10088643,598,0,0,0,0,264,232,0.534666435,0.4678331306,0,810,120.0,241.6984346936,58418.1333333333,0,0,0,1,0,0,0,0,0,128.0,121.125,135.8571428571,264,0,0,0,0,0,0,8,969,7,951,29200,114,3,32,305161.0,0.0,305161,305161,9960008.0,0.0,9960008,9960008,0
80,8879590,4,4,602,364,602,0,150.5,301.0,364,0,91.0,182.0,108.7888067,0.900942498,1268512.857,2189345.282,5004377,46,3875213,1291737.667,2233128.767,3870332,848,8879479,2959826.333,2622486.629,5005102,3262,0,0,0,0,136,136,0.450471249,0.450471249,0,602,107.3333333,221.137966,48902.0,0,0,0,1,0,0,0,0,1,120.75,150.5,91.0,136,0,0,0,0,0,0,4,602,4,364,29200,236,1,32,0.0,0.0,0,0,0.0,0.0,0,0,1
80,99817731,7,6,313,11595,307,0,44.71428571,115.6787423,4344,0,1932.5,1754.831473,119.2974423,0.130237382,8318144.25,28800000.0,99600000,0,99600000,16600000.0,40700000.0,99600000,0,198506,39701.2,74949.34202,172265,14,0,0,0,0,220,200,0.070127821,0.060109561,0,4344,850.5714286,1461.563584,2136168.11,0,0,0,0,1,0,0,0,0,916.0,44.71428571,1932.5,220,0,0,0,0,0,0,7,313,6,11595,251,235,2,20,945.0,0.0,945,945,99600000.0,0.0,99600000,99600000,1
80,1445870,2,0,6,0,6,0,3.0,4.242640687,0,0,0.0,0.0,4.149750669,1.383250223,1445870.0,0.0,1445870,1445870,1445870,1445870.0,0.0,1445870,1445870,0,0.0,0.0,0,0,0,0,0,0,52,0,1.383250223,0.0,0,6,2.0,3.464101615,12.0,0,0,0,0,1,0,0,0,0,3.0,3.0,0.0,52,0,0,0,0,0,0,2,6,0,0,237,-1,1,20,0.0,0.0,0,0,0.0,0.0,0,0,0
3325,25,1,1,0,6,0,0,0.0,0.0,6,6,6.0,0.0,240000.0,80000.0,25.0,0.0,25,25,0,0.0,0.0,0,0,0,0.0,0.0,0,0,0,0,0,0,40,20,40000.0,40000.0,0,6,2.0,3.464101615,12.0,0,0,0,1,0,0,0,0,1,3.0,0.0,6.0,40,0,0,0,0,0,0,1,0,1,6,29200,0,0,40,0.0,0.0,0,0,0.0,0.0,0,0,1
80,83521266,7,6,760,11595,380,0,108.5714286,185.4210139,5792,0,1932.5,2179.547086,147.9263976,0.155648982,6960105.5,24000000.0,83200000,2,83400000,13900000.0,33900000.0,83200000,2,361604,72320.8,104190.591,227067,51,0,0,0,0,232,200,0.08381099,0.071837992,0,5792,882.5,1653.550434,2734229.038,0,0,0,0,1,0,0,0,0,950.3846154,108.5714286,1932.5,232,0,0,0,0,0,0,7,760,6,11595,251,235,2,32,7.0,0.0,7,7,83200000.0,0.0,83200000,83200000,1
1300,51,1,1,2,6,2,2,2.0,0.0,6,6,6.0,0.0,156862.7451,39215.68627,51.0,0.0,51,51,0,0.0,0.0,0,0,0,0.0,0.0,0,0,0,0,0,0,24,20,19607.84314,19607.84314,2,6,3.333333333,2.309401077,5.333333333,0,0,0,1,0,0,0,0,1,5.0,2.0,6.0,24,0,0,0,0,0,0,1,2,1,6,1024,0,0,24,0.0,0.0,0,0,0.0,0.0,0,0,1
443,4790703,5,1,123,46,46,0,24.6,23.27659769,46,46,46.0,0.0,35.27665981,1.252425792,958140.6,2085143.085,4687944,3,4790703,1197675.75,2327227.079,4687944,3,0,0.0,0.0,0,0,1,0,0,0,100,20,1.04368816,0.208737632,0,46,30.71428571,21.68497395,470.2380952,0,1,0,0,1,0,0,0,0,35.83333333,24.6,46.0,100,0,0,0,0,0,0,5,123,1,46,258,360,2,20,0.0,0.0,0,0,0.0,0.0,0,0,0
53,49176,2,2,88,142,44,44,44.0,0.0,71,71,71.0,0.0,4677.07825,81.3404913,16392.0,28385.71466,49169,3,3,3.0,0.0,3,3,4,4.0,0.0,4,4,0,0,0,0,40,40,40.67024565,40.67024565,44,71,54.8,14.78850905,218.7,0,0,0,0,0,0,0,0,1,68.5,44.0,71.0,40,0,0,0,0,0,0,2,88,2,142,-1,-1,1,20,0.0,0.0,0,0,0.0,0.0,0,0,0
54286,999110,2,0,0,0,0,0,0.0,0.0,0,0,0.0,0.0,0.0,2.001781586,999110.0,0.0,999110,999110,999110,999110.0,0.0,999110,999110,0,0.0,0.0,0,0,0,0,0,0,40,0,2.001781586,0.0,0,0,0.0,0.0,0.0,0,0,0,0,1,0,0,0,0,0.0,0.0,0.0,40,0,0,0,0,0,0,2,0,0,0,5608,-1,0,20,0.0,0.0,0,0,0.0,0.0,0,0,0
80,6140306,3,1,0,0,0,0,0.0,0.0,0,0,0.0,0.0,0.0,0.651433332,2046768.667,3513550.696,6103813,27,6140306,3070153.0,4290243.116,6103813,36493,0,0.0,0.0,0,0,0,0,0,0,104,40,0.488574999,0.162858333,0,0,0.0,0.0,0.0,0,0,0,1,0,0,0,0,0,0.0,0.0,0.0,104,0,0,0,0,0,0,3,0,1,0,29200,42408,0,32,0.0,0.0,0,0,0.0,0.0,0,0,0
80,85543155,5,7,409,11595,397,0,81.8,176.2276936,4344,0,1656.428571,1760.597234,140.3268327,0.140280073,7776650.455,25700000.0,85400000,12,85400000,21400000.0,42700000.0,85400000,991,85500000,14300000.0,34900000.0,85400000,17,0,0,0,0,144,232,0.05845003,0.081830042,0,4344,923.8461538,1496.296252,2238902.474,1,0,0,0,0,0,0,0,1,1000.833333,81.8,1656.428571,144,0,0,0,0,0,0,5,409,7,11595,0,235,2,20,1150.0,0.0,1150,1150,85400000.0,0.0,85400000,85400000,1
443,45106696,4,0,55,0,37,6,13.75,15.5,0,0,0.0,0.0,1.2193311609,0.0886786299,15035565.3333333,26042312.8483942,45106638,3,45106696,15035565.3333333,26042312.8483942,45106638,3,0,0.0,0.0,0,0,0,0,0,0,80,0,0.0886786299,0.0,6,37,12.2,13.8636214605,192.2,0,0,0,0,1,0,0,0,0,15.25,13.75,0.0,80,0,0,0,0,0,0,4,55,0,0,32831,-1,3,20,3.0,0.0,3,3,45106638.0,0.0,45106638,45106638,0
32770,4,1,1,0,6,0,0,0.0,0.0,6,6,6.0,0.0,1500000.0,500000.0,4.0,0.0,4,4,0,0.0,0.0,0,0,0,0.0,0.0,0,0,0,0,0,0,40,20,250000.0,250000.0,0,6,2.0,3.464101615,12.0,0,0,0,1,0,0,0,0,1,3.0,0.0,6.0,40,0,0,0,0,0,0,1,0,1,6,29200,0,0,40,0.0,0.0,0,0,0.0,0.0,0,0,1
1433,48,2,0,4,0,2,2,2.0,0.0,0,0,0.0,0.0,83333.33333,41666.66667,48.0,0.0,48,48,48,48.0,0.0,48,48,0,0.0,0.0,0,0,0,0,0,0,48,0,41666.66667,0.0,2,2,2.0,0.0,0.0,0,0,0,1,0,0,0,0,0,3.0,2.0,0.0,48,0,0,0,0,0,0,2,4,0,0,1024,-1,1,24,0.0,0.0,0,0,0.0,0.0,0,0,0
80,3682937,5,0,30,0,6,6,6.0,0.0,0,0,0.0,0.0,8.145672869,1.357612145,920734.25,1839457.352,3679920,1,3682937,920734.25,1839457.352,3679920,1,0,0.0,0.0,0,0,0,0,0,0,100,0,1.357612145,0.0,6,6,6.0,0.0,0.0,0,0,0,0,1,0,0,0,0,7.2,6.0,0.0,100,0,0,0,0,0,0,5,30,0,0,256,-1,4,20,0.0,0.0,0,0,0.0,0.0,0,0,1
53,31480,2,2,48,112,24,24,24.0,0.0,56,56,56.0,0.0,5082.592122,127.064803,10493.33333,18168.9243,31473,3,4,4.0,0.0,4,4,3,3.0,0.0,3,3,0,0,0,0,64,64,63.53240152,63.53240152,24,56,36.8,17.52712184,307.2,0,0,0,0,0,0,0,0,1,46.0,24.0,56.0,64,0,0,0,0,0,0,2,48,2,112,-1,-1,1,32,0.0,0.0,0,0,0.0,0.0,0,0,0
53,200,2,2,84,276,42,42,42.0,0.0,138,138,138.0,0.0,1800000.0,20000.0,66.66666667,74.76853171,149,3,3,3.0,0.0,3,3,48,48.0,0.0,48,48,0,0,0,0,40,40,10000.0,10000.0,42,138,80.4,52.58136552,2764.8,0,0,0,0,0,0,0,0,1,100.5,42.0,138.0,40,0,0,0,0,0,0,2,84,2,276,-1,-1,1,20,0.0,0.0,0,0,0.0,0.0,0,0,0
80,1,2,0,0,0,0,0,0.0,0.0,0,0,0.0,0.0,0.0,2000000.0,1.0,0.0,1,1,1,1.0,0.0,1,1,0,0.0,0.0,0,0,0,0,0,0,64,0,2000000.0,0.0,0,0,0.0,0.0,0.0,0,0,0,0,1,0,0,0,0,0.0,0.0,0.0,64,0,0,0,0,0,0,2,0,0,0,274,-1,0,32,0.0,0.0,0,0,0.0,0.0,0,0,1
8031,65,1,1,2,6,2,2,2.0,0.0,6,6,6.0,0.0,123076.9231,30769.23077,65.0,0.0,65,65,0,0.0,0.0,0,0,0,0.0,0.0,0,0,0,0,0,0,24,20,15384.61538,15384.61538,2,6,3.333333333,2.309401077,5.333333333,0,0,0,1,0,0,0,0,1,5.0,2.0,6.0,24,0,0,0,0,0,0,1,2,1,6,1024,0,0,24,0.0,0.0,0,0,0.0,0.0,0,0,1
54974,91,1,1,0,0,0,0,0.0,0.0,0,0,0.0,0.0,0.0,21978.021978022,91.0,0.0,91,91,0,0.0,0.0,0,0,0,0.0,0.0,0,0,0,0,0,0,32,32,10989.010989011,10989.010989011,0,0,0.0,0.0,0.0,0,0,0,0,1,0,0,0,1,0.0,0.0,0.0,32,0,0,0,0,0,0,1,0,1,0,179,32832,0,32,0.0,0.0,0,0,0.0,0.0,0,0,0
53,285,2,2,70,198,35,35,35.0,0.0,99,99,99.0,0.0,940350.8772,14035.08772,95.0,162.8127759,283,1,1,1.0,0.0,1,1,1,1.0,0.0,1,1,0,0,0,0,40,40,7017.54386,7017.54386,35,99,60.6,35.05424368,1228.8,0,0,0,0,0,0,0,0,1,75.75,35.0,99.0,40,0,0,0,0,0,0,2,70,2,198,-1,-1,1,20,0.0,0.0,0,0,0.0,0.0,0,0,0
80,19644,2,2,12,0,6,6,6.0,0.0,0,0,0.0,0.0,610.8735492,203.6245164,6548.0,10796.83069,19012,75,632,632.0,0.0,632,632,19569,19569.0,0.0,19569,19569,0,0,0,0,40,64,101.8122582,101.8122582,0,6,3.6,3.286335345,10.8,1,0,0,0,0,0,0,0,1,4.5,6.0,0.0,40,0,0,0,0,0,0,2,12,2,0,0,235,1,20,0.0,0.0,0,0,0.0,0.0,0,0,1
80,11977719,4,0,24,0,6,6,6.0,0.0,0,0,0.0,0.0,2.003720408,0.333953401,3992573.0,6914454.23,12000000,1,12000000,3992573.0,6914454.23,12000000,1,0,0.0,0.0,0,0,0,0,0,0,80,0,0.333953401,0.0,6,6,6.0,0.0,0.0,0,0,0,0,1,0,0,0,0,7.5,6.0,0.0,80,0,0,0,0,0,0,4,24,0,0,256,-1,3,20,1022.0,0.0,1022,1022,12000000.0,0.0,12000000,12000000,1
33899,3,2,0,4,0,2,2,2.0,0.0,0,0,0.0,0.0,1333333.333,666666.6667,3.0,0.0,3,3,3,3.0,0.0,3,3,0,0.0,0.0,0,0,0,0,0,0,48,0,666666.6667,0.0,2,2,2.0,0.0,0.0,0,0,0,1,0,0,0,0,0,3.0,2.0,0.0,48,0,0,0,0,0,0,2,4,0,0,1024,-1,1,24,0.0,0.0,0,0,0.0,0.0,0,0,0
443,91,2,0,0,0,0,0,0.0,0.0,0,0,0.0,0.0,0.0,21978.02198,91.0,0.0,91,91,91,91.0,0.0,91,91,0,0.0,0.0,0,0,0,0,0,0,64,0,21978.02198,0.0,0,0,0.0,0.0,0.0,0,0,0,0,1,0,0,0,0,0.0,0.0,0.0,64,0,0,0,0,0,0,2,0,0,0,4843,-1,0,32,0.0,0.0,0,0,0.0,0.0,0,0,0
5087,44,1,1,0,6,0,0,0.0,0.0,6,6,6.0,0.0,136363.6364,45454.54545,44.0,0.0,44,44,0,0.0,0.0,0,0,0,0.0,0.0,0,0,0,0,0,0,40,20,22727.27273,22727.27273,0,6,2.0,3.464101615,12.0,0,0,0,1,0,0,0,0,1,3.0,0.0,6.0,40,0,0,0,0,0,0,1,0,1,6,29200,0,0,40,0.0,0.0,0,0,0.0,0.0,0,0,1
80,324631,3,5,26,11607,20,0,8.666666667,10.26320288,10135,0,2321.4,4413.201989,35834.53213,24.64336431,46375.85714,121928.2979,322882,48,1290,645.0,745.2905474,1172,118,324557,81139.25,161162.608,322882,173,0,0,0,0,72,112,9.241261617,15.4021027,0,10135,1292.555556,3350.634907,11200000.0,0,0,0,1,0,0,0,0,1,1454.125,8.666666667,2321.4,72,0,0,0,0,0,0,3,26,5,11607,8192,229,2,20,0.0,0.0,0,0,0.0,0.0,0,0,1
1024,48,2,0,4,0,2,2,2.0,0.0,0,0,0.0,0.0,83333.33333,41666.66667,48.0,0.0,48,48,48,48.0,0.0,48,48,0,0.0,0.0,0,0,0,0,0,0,48,0,41666.66667,0.0,2,2,2.0,0.0,0.0,0,0,0,1,0,0,0,0,0,3.0,2.0,0.0,48,0,0,0,0,0,0,2,4,0,0,1024,-1,1,24,0.0,0.0,0,0,0.0,0.0,0,0,0
80,84394683,8,6,369,11595,369,0,46.125,130.4612011,5792,0,1932.5,2179.547086,141.7624852,0.165887228,6491898.692,23400000.0,84200000,0,84300000,12000000.0,31800000.0,84200000,0,151076,30215.2,60327.25667,137664,51,0,0,0,0,264,200,0.094792702,0.071094526,0,5792,797.6,1620.25438,2625224.257,0,0,0,0,1,0,0,0,0,854.5714286,46.125,1932.5,264,0,0,0,0,0,0,8,369,6,11595,274,235,1,32,996.0,0.0,996,996,84200000.0,0.0,84200000,84200000,1
2196,43,1,1,2,6,2,2,2.0,0.0,6,6,6.0,0.0,186046.5116,46511.62791,43.0,0.0,43,43,0,0.0,0.0,0,0,0,0.0,0.0,0,0,0,0,0,0,24,20,23255.81395,23255.81395,2,6,3.333333333,2.309401077,5.333333333,0,0,0,1,0,0,0,0,1,5.0,2.0,6.0,24,0,0,0,0,0,0,1,2,1,6,1024,0,0,24,0.0,0.0,0,0,0.0,0.0,0,0,1
80,100193722,6,5,347,11595,329,0,57.83333333,132.8765091,5792,0,2319.0,3170.403917,119.1891045,0.109787318,10000000.0,31600000.0,100000000,0,100000000,20000000.0,44700000.0,100000000,0,148300,37075.0,66945.67129,137206,85,0,0,0,0,164,168,0.059883992,0.049903326,0,5792,995.6666667,2242.296077,5027891.697,1,0,0,0,0,0,0,0,0,1086.181818,57.83333333,2319.0,164,0,0,0,0,0,0,6,347,5,11595,0,235,3,20,12009.0,0.0,12009,12009,100000000.0,0.0,100000000,100000000,1
80,100710612,5,7,352,11595,340,0,70.4,150.7408372,5792,0,1656.428571,2120.732252,118.6270221,0.119153282,9155510.182,30300000.0,101000000,13,101000000,25100000.0,50300000.0,101000000,1007,101000000,16800000.0,41000000.0,101000000,13,0,0,0,0,144,232,0.049647201,0.069506081,0,5792,919.4615385,1715.534543,2943058.769,1,0,0,0,0,0,0,0,1,996.0833333,70.4,1656.428571,144,0,0,0,0,0,0,5,352,7,11595,0,235,2,20,19978.0,0.0,19978,19978,101000000.0,0.0,101000000,101000000,1
54665,91,1,1,6,6,6,6,6.0,0.0,6,6,6.0,0.0,131868.1319,21978.02198,91.0,0.0,91,91,0,0.0,0.0,0,0,0,0.0,0.0,0,0,0,0,0,0,20,20,10989.01099,10989.01099,6,6,6.0,0.0,0.0,0,0,0,0,1,1,0,0,1,9.0,6.0,6.0,20,0,0,0,0,0,0,1,6,1,6,15495,64435,0,20,0.0,0.0,0,0,0.0,0.0,0,0,0
4446,49,1,1,0,6,0,0,0.0,0.0,6,6,6.0,0.0,122448.9796,40816.32653,49.0,0.0,49,49,0,0.0,0.0,0,0,0,0.0,0.0,0,0,0,0,0,0,40,20,20408.16327,20408.16327,0,6,2.0,3.464101615,12.0,0,0,0,1,0,0,0,0,1,3.0,0.0,6.0,40,0,0,0,0,0,0,1,0,1,6,29200,0,0,40,0.0,0.0,0,0,0.0,0.0,0,0,1
53,30908,4,4,172,408,43,43,43.0,0.0,102,102,102.0,0.0,18765.36819,258.8326647,4415.428571,11531.4896,30566,3,30572,10190.66667,17645.55628,30566,3,146,48.66666667,0.577350269,49,48,0,0,0,0,104,128,129.4163323,129.4163323,43,102,69.22222222,31.09573032,966.9444444,0,0,0,0,0,0,0,0,1,77.875,43.0,102.0,104,0,0,0,0,0,0,4,172,4,408,-1,-1,3,20,0.0,0.0,0,0,0.0,0.0,0,0,0
80,86155033,7,6,349,11595,343,0,49.85714286,129.2831886,5792,0,1932.5,2181.008184,138.6338045,0.150890778,7179586.083,24800000.0,86000000,1,86000000,14300000.0,35100000.0,86000000,1,191400,38280.0,77348.29128,176166,46,0,0,0,0,220,200,0.081248881,0.069641898,0,5792,853.1428571,1666.85027,2778389.824,0,0,0,0,1,0,0,0,0,918.7692308,49.85714286,1932.5,220,0,0,0,0,0,0,7,349,6,11595,251,235,2,20,1001.0,0.0,1001,1001,86000000.0,0.0,86000000,86000000,1
1721,44,1,1,0,6,0,0,0.0,0.0,6,6,6.0,0.0,136363.6364,45454.54545,44.0,0.0,44,44,0,0.0,0.0,0,0,0,0.0,0.0,0,0,0,0,0,0,40,20,22727.27273,22727.27273,0,6,2.0,3.464101615,12.0,0,0,0,1,0,0,0,0,1,3.0,0.0,6.0,40,0,0,0,0,0,0,1,0,1,6,29200,0,0,40,0.0,0.0,0,0,0.0,0.0,0,0,1
443,6126983,9,5,367,3170,180,0,40.77777778,65.62350527,1470,0,634.0,761.2529146,577.2824896,2.284974514,471306.3846,1395879.819,5093413,3,6126983,765872.875,1756879.548,5093413,3,678534,169633.5,193227.8147,340557,276,0,0,0,0,200,120,1.468912187,0.816062326,0,1470,235.8,503.0759954,253085.4571,0,0,0,1,0,0,0,0,0,252.6428571,40.77777778,634.0,200,0,0,0,0,0,0,9,367,5,3170,29200,15544,8,20,1033567.0,0.0,1033567,1033567,5093413.0,0.0,5093413,5093413,0
668,73586508,2,2,0,12,0,0,0.0,0.0,6,6,6.0,0.0,0.163073372,0.054357791,24500000.0,42500000.0,73600000,47,73600000,73600000.0,0.0,73600000,73600000,73600000,73600000.0,0.0,73600000,73600000,0,0,0,0,80,40,0.027178895,0.027178895,0,6,2.4,3.286335345,10.8,0,0,0,1,0,0,0,0,1,3.0,0.0,6.0,80,0,0,0,0,0,0,2,0,2,12,29200,0,0,40,48.0,0.0,48,48,73600000.0,0.0,73600000,73600000,1
6101,54,1,1,2,6,2,2,2.0,0.0,6,6,6.0,0.0,148148.1481,37037.03704,54.0,0.0,54,54,0,0.0,0.0,0,0,0,0.0,0.0,0,0,0,0,0,0,24,20,18518.51852,18518.51852,2,6,3.333333333,2.309401077,5.333333333,0,0,0,1,0,0,0,0,1,5.0,2.0,6.0,24,0,0,0,0,0,0,1,2,1,6,1024,0,0,24,0.0,0.0,0,0,0.0,0.0,0,0,1
80,84151522,10,4,311,11595,311,0,31.1,98.34683523,8688,0,2898.75,4095.56617,141.4828837,0.166366569,6473194.0,23300000.0,84000000,1,84000000,9334180.556,28000000.0,84000000,1,154821,51607.0,79884.07681,143638,189,0,0,0,0,328,136,0.118833264,0.047533305,0,8688,793.7333333,2308.037585,5327037.495,0,0,0,0,1,0,0,0,0,850.4285714,31.1,2898.75,328,0,0,0,0,0,0,10,311,4,11595,251,235,1,32,2004.0,0.0,2004,2004,84000000.0,0.0,84000000,84000000,1
53,82,1,1,0,6,0,0,0.0,0.0,6,6,6.0,0.0,73170.73171,24390.2439,82.0,0.0,82,82,0,0.0,0.0,0,0,0,0.0,0.0,0,0,0,0,0,0,40,20,12195.12195,12195.12195,0,6,2.0,3.464101615,12.0,0,0,0,1,0,0,0,0,1,3.0,0.0,6.0,40,0,0,0,0,0,0,1,0,1,6,29200,0,0,40,0.0,0.0,0,0,0.0,0.0,0,0,1
443,98047313,68,97,157592,12293,10810,0,2317.529412,2932.279825,1398,0,126.7319588,340.9441094,1732.683893,1.682861008,597849.4695,2221379.637,10100000,1,98000000,1463392.731,3328532.968,10200000,10,97900000,1020274.604,2868273.475,10200000,1,0,0,0,0,2184,3112,0.693542719,0.98931829,0,10810,1023.403614,2174.458007,4728267.624,0,0,0,1,0,0,0,0,1,1029.606061,2317.529412,126.7319588,2184,0,0,0,0,0,0,68,157592,97,12293,29200,1358,43,32,1667795.25,3022900.549,8803966,100566,10100000.0,48230.3282,10100000,10000000,0
5679,9,1,1,0,6,0,0,0.0,0.0,6,6,6.0,0.0,666666.6667,222222.2222,9.0,0.0,9,9,0,0.0,0.0,0,0,0,0.0,0.0,0,0,0,0,0,0,40,20,111111.1111,111111.1111,0,6,2.0,3.464101615,12.0,0,0,0,1,0,0,0,0,1,3.0,0.0,6.0,40,0,0,0,0,0,0,1,0,1,6,29200,0,0,40,0.0,0.0,0,0,0.0,0.0,0,0,1
80,12227682,4,0,24,0,6,6,6.0,0.0,0,0,0.0,0.0,1.962759581,0.327126597,4075894.0,7057917.452,12200000,4,12200000,4075894.0,7057917.452,12200000,4,0,0.0,0.0,0,0,0,0,0,0,80,0,0.327126597,0.0,6,6,6.0,0.0,0.0,0,0,0,0,1,0,0,0,0,7.5,6.0,0.0,80,0,0,0,0,0,0,4,24,0,0,256,-1,3,20,2007.0,0.0,2007,2007,12200000.0,0.0,12200000,12200000,1
80,1133649,3,5,26,11607,20,0,8.666666667,10.26320288,10135,0,2321.4,4413.201989,10261.55362,7.056857987,161949.8571,427964.5354,1132482,11,922,461.0,483.6610383,803,119,1133635,283408.75,566048.9813,1132482,11,0,0,0,0,72,112,2.646321745,4.410536242,0,10135,1292.555556,3350.634907,11200000.0,0,0,0,1,0,0,0,0,1,1454.125,8.666666667,2321.4,72,0,0,0,0,0,0,3,26,5,11607,8192,229,2,20,0.0,0.0,0,0,0.0,0.0,0,0,1
80,77114299,11,11,478,1818,424,0,43.45454545,126.2254837,1806,0,165.2727273,544.1729672,29.77398524,0.285290799,3672109.476,4808835.54,10000000,19,70300000,7032055.6,4829719.091,10000000,309,77100000,7707725.6,4173157.145,10000000,25131,0,0,0,0,232,316,0.1426454,0.1426454,0,1806,99.82608696,382.1355842,146027.6047,0,0,0,1,0,0,0,0,1,104.3636364,43.45454545,165.2727273,232,0,0,0,0,0,0,11,478,11,1818,8192,946,10,20,45774.57143,23708.22626,99539,36734,10000000.0,620.543694,10000000,9999476,0
49902,4,3,0,31,0,31,0,10.33333333,17.89785834,0,0,0.0,0.0,7750000.0,750000.0,2.0,1.414213562,3,1,4,2.0,1.414213562,3,1,0,0.0,0.0,0,0,0,0,0,0,96,0,750000.0,0.0,0,31,7.75,15.5,240.25,0,0,0,0,1,0,0,0,0,10.33333333,10.33333333,0.0,96,0,0,0,0,0,0,3,31,0,0,68,-1,1,32,0.0,0.0,0,0,0.0,0.0,0,0,0
80,97733201,6,7,341,11595,323,0,56.83333333,130.42763,5792,0,1656.428571,2429.118623,122.1284055,0.133015187,8144433.417,28200000.0,97700000,4,97700000,19500000.0,43700000.0,97700000,314,97700000,16300000.0,39900000.0,97700000,4,0,0,0,0,164,232,0.061391625,0.071623562,0,5792,853.0,1850.736652,3425226.154,1,0,0,0,0,0,0,0,1,918.6153846,56.83333333,1656.428571,164,0,0,0,0,0,0,6,341,7,11595,0,235,3,20,14043.0,0.0,14043,14043,97700000.0,0.0,97700000,97700000,1
53,157,2,2,90,122,45,45,45.0,0.0,61,61,61.0,0.0,1350318.471,25477.70701,52.33333333,50.63924697,105,4,4,4.0,0.0,4,4,48,48.0,0.0,48,48,0,0,0,0,40,40,12738.8535,12738.8535,45,61,51.4,8.76356092,76.8,0,0,0,0,0,0,0,0,1,64.25,45.0,61.0,40,0,0,0,0,0,0,2,90,2,122,-1,-1,1,20,0.0,0.0,0,0,0.0,0.0,0,0,0
53,23642,2,2,98,208,49,49,49.0,0.0,104,104,104.0,0.0,12943.06742,169.1904238,7880.666667,13605.56637,23591,3,3,3.0,0.0,3,3,48,48.0,0.0,48,48,0,0,0,0,40,40,84.59521191,84.59521191,49,104,71.0,30.12474066,907.5,0,0,0,0,0,0,0,0,1,88.75,49.0,104.0,40,0,0,0,0,0,0,2,98,2,208,-1,-1,1,20,0.0,0.0,0,0,0.0,0.0,0,0,0
80,23212,1,1,0,0,0,0,0.0,0.0,0,0,0.0,0.0,0.0,86.1623298294,23212.0,0.0,23212,23212,0,0.0,0.0,0,0,0,0.0,0.0,0,0,0,0,0,0,32,32,43.0811649147,43.0811649147,0,0,0.0,0.0,0.0,0,0,0,0,1,1,0,0,1,0.0,0.0,0.0,32,0,0,0,0,0,0,1,0,1,0,259,939,0,32,0.0,0.0,0,0,0.0,0.0,0,0,0
80,4,3,0,0,0,0,0,0.0,0.0,0,0,0.0,0.0,0.0,750000.0,2.0,1.414213562,3,1,4,2.0,1.414213562,3,1,0,0.0,0.0,0,0,0,0,0,0,96,0,750000.0,0.0,0,0,0.0,0.0,0.0,0,0,0,0,1,0,0,0,0,0.0,0.0,0.0,96,0,0,0,0,0,0,3,0,0,0,274,-1,0,32,0.0,0.0,0,0,0.0,0.0,0,0,1
53,30666,1,1,54,70,54,54,54.0,0.0,70,70,70.0,0.0,4043.566164,65.2188091,30666.0,0.0,30666,30666,0,0.0,0.0,0,0,0,0.0,0.0,0,0,0,0,0,0,32,32,32.60940455,32.60940455,54,70,59.33333333,9.237604307,85.33333333,0,0,0,0,0,0,0,0,1,89.0,54.0,70.0,32,0,0,0,0,0,0,1,54,1,70,-1,-1,0,32,0.0,0.0,0,0,0.0,0.0,0,0,0
53,61818,2,2,72,264,36,36,36.0,0.0,132,132,132.0,0.0,5435.310104,64.70607266,20606.0,35646.47875,61767,3,48,48.0,0.0,48,48,3,3.0,0.0,3,3,0,0,0,0,80,40,32.35303633,32.35303633,36,132,74.4,52.58136552,2764.8,0,0,0,0,0,0,0,0,1,93.0,36.0,132.0,80,0,0,0,0,0,0,2,72,2,264,-1,-1,1,40,0.0,0.0,0,0,0.0,0.0,0,0,0
80,8142641,7,7,50,11601,20,0,7.142857143,6.094494002,4380,0,1657.285714,1561.969346,1430.862542,1.719343884,626357.0,2226362.691,8035764,1,8121790,1353631.667,3273718.953,8035764,1,25705,4284.166667,7954.3035,20011,47,0,0,0,0,152,152,0.859671942,0.859671942,0,4380,777.1333333,1331.117515,1771873.838,0,0,0,0,1,0,0,0,1,832.6428571,7.142857143,1657.285714,152,0,0,0,0,0,0,7,50,7,11601,256,229,5,20,81017.0,0.0,81017,81017,8035764.0,0.0,8035764,8035764,1
80,110595913,18,15,1305,2238,435,0,72.5,166.8148851,746,0,149.2,308.8733444,32.03554186,0.29838354,3456122.281,4779691.607,10000000,43,111000000,6503495.824,4860229.671,10100000,3392,111000000,7897085.714,4167444.048,10100000,20342,0,0,0,0,584,488,0.162754658,0.135628882,0,746,104.2058824,237.921655,56606.7139,0,0,0,1,0,0,0,0,0,107.3636364,72.5,149.2,584,0,0,0,0,0,0,18,1305,15,2238,29200,357,3,32,97437.81818,195504.2092,686619,36335,9953419.364,189669.1994,10000000,9381705,0
80,86983951,8,6,342,11595,318,0,42.75,111.2574235,5792,0,1932.5,2989.558881,137.232212,0.160949231,6691073.154,23800000.0,85900000,5,87000000,12400000.0,32400000.0,85900000,5,87000000,17400000.0,38900000.0,86900000,66,0,0,0,0,224,200,0.091970989,0.068978242,0,5792,796.2,2029.900356,4120495.457,1,0,0,0,0,0,0,0,0,853.0714286,42.75,1932.5,224,0,0,0,0,0,0,8,342,6,11595,0,235,4,20,10999.0,0.0,10999,10999,85900000.0,0.0,85900000,85900000,1
80,115826740,5,0,6,0,6,0,1.2,2.683281573,0,0,0.0,0.0,0.05180151,0.043167925,29000000.0,57900000.0,116000000,0,116000000,29000000.0,57900000.0,116000000,0,0,0.0,0.0,0,0,0,0,0,0,156,0,0.043167925,0.0,0,6,1.0,2.449489743,6.0,0,0,0,0,1,0,0,0,0,1.2,1.2,0.0,156,0,0,0,0,0,0,5,6,0,0,274,-1,1,20,957.0,0.0,957,957,116000000.0,0.0,116000000,116000000,1
80,98366764,5,7,387,11595,375,0,77.4,166.3905045,4344,0,1656.428571,1760.597234,121.8094356,0.121992424,8942433.091,29600000.0,98300000,13,98300000,24600000.0,49100000.0,98300000,1013,98400000,16400000.0,40100000.0,98300000,47,0,0,0,0,144,232,0.050830177,0.071162247,0,4344,922.1538462,1496.954066,2240871.474,1,0,0,0,0,0,0,0,1,999.0,77.4,1656.428571,144,0,0,0,0,0,0,5,387,7,11595,0,235,2,20,11005.0,0.0,11005,11005,98300000.0,0.0,98300000,98300000,1
80,4513234,5,0,30,0,6,6,6.0,0.0,0,0,0.0,0.0,6.647118231,1.107853038,1128308.5,2252829.235,4507551,1,4513234,1128308.5,2252829.235,4507551,1,0,0.0,0.0,0,0,0,0,0,0,100,0,1.107853038,0.0,6,6,6.0,0.0,0.0,0,0,0,0,1,0,0,0,0,7.2,6.0,0.0,100,0,0,0,0,0,0,5,30,0,0,256,-1,4,20,0.0,0.0,0,0,0.0,0.0,0,0,1
668,49,1,1,2,6,2,2,2.0,0.0,6,6,6.0,0.0,163265.3061,40816.32653,49.0,0.0,49,49,0,0.0,0.0,0,0,0,0.0,0.0,0,0,0,0,0,0,24,20,20408.16327,20408.16327,2,6,3.333333333,2.309401077,5.333333333,0,0,0,1,0,0,0,0,1,5.0,2.0,6.0,24,0,0,0,0,0,0,1,2,1,6,1024,0,0,24,0.0,0.0,0,0,0.0,0.0,0,0,1
7201,115,1,1,0,6,0,0,0.0,0.0,6,6,6.0,0.0,52173.91304,17391.30435,115.0,0.0,115,115,0,0.0,0.0,0,0,0,0.0,0.0,0,0,0,0,0,0,40,20,8695.652174,8695.652174,0,6,2.0,3.464101615,12.0,0,0,0,1,0,0,0,0,1,3.0,0.0,6.0,40,0,0,0,0,0,0,1,0,1,6,29200,0,0,40,0.0,0.0,0,0,0.0,0.0,0,0,1
45456,85,1,1,0,0,0,0,0.0,0.0,0,0,0.0,0.0,0.0,23529.41176,85.0,0.0,85,85,0,0.0,0.0,0,0,0,0.0,0.0,0,0,0,0,0,0,32,32,11764.70588,11764.70588,0,0,0.0,0.0,0.0,0,0,0,0,1,1,0,0,1,0.0,0.0,0.0,32,0,0,0,0,0,0,1,0,1,0,5592,296,0,32,0.0,0.0,0,0,0.0,0.0,0,0,0
52785,3,2,0,280,0,274,6,140.0,189.5046174,0,0,0.0,0.0,93300000.0,666666.6667,3.0,0.0,3,3,3,3.0,0.0,3,3,0,0.0,0.0,0,0,1,0,0,0,40,0,666666.6667,0.0,6,274,184.6666667,154.7298721,23941.33333,0,1,0,0,1,0,0,0,0,277.0,140.0,0.0,40,0,0,0,0,0,0,2,280,0,0,60,-1,1,20,0.0,0.0,0,0,0.0,0.0,0,0,0
53,46541,4,2,120,160,30,30,30.0,0.0,80,80,80.0,0.0,6016.200769,128.9185879,9308.2,12766.36648,24408,3,24415,8138.333333,14089.94465,24408,3,4,4.0,0.0,4,4,0,0,0,0,104,40,85.94572527,42.97286264,30,80,44.28571429,24.39750182,595.2380952,0,0,0,0,0,0,0,0,0,51.66666667,30.0,80.0,104,0,0,0,0,0,0,4,120,2,160,-1,-1,3,20,0.0,0.0,0,0,0.0,0.0,0,0,0
443,147,2,0,12,0,6,6,6.0,0.0,0,0,0.0,0.0,81632.65306,13605.44218,147.0,0.0,147,147,147,147.0,0.0,147,147,0,0.0,0.0,0,0,0,0,0,0,40,0,13605.44218,0.0,6,6,6.0,0.0,0.0,0,0,0,0,1,0,0,0,0,9.0,6.0,0.0,40,0,0,0,0,0,0,2,12,0,0,64209,-1,1,20,0.0,0.0,0,0,0.0,0.0,0,0,0
80,313,2,0,0,0,0,0,0.0,0.0,0,0,0.0,0.0,0.0,6389.776358,313.0,0.0,313,313,313,313.0,0.0,313,313,0,0.0,0.0,0,0,0,0,0,0,64,0,6389.776358,0.0,0,0,0.0,0.0,0.0,0,0,0,0,1,0,0,0,0,0.0,0.0,0.0,64,0,0,0,0,0,0,2,0,0,0,30016,-1,0,32,0.0,0.0,0,0,0.0,0.0,0,0,0
3411,249,2,0,0,0,0,0,0.0,0.0,0,0,0.0,0.0,0.0,8032.128514,249.0,0.0,249,249,249,249.0,0.0,249,249,0,0.0,0.0,0,0,0,0,0,0,40,0,8032.128514,0.0,0,0,0.0,0.0,0.0,0,0,0,0,1,0,0,0,0,0.0,0.0,0.0,40,0,0,0,0,0,0,2,0,0,0,127,-1,0,20,0.0,0.0,0,0,0.0,0.0,0,0,0
53,47584,2,2,64,542,32,32,32.0,0.0,271,271,271.0,0.0,12735.37323,84.06186954,15861.33333,27460.51102,47570,4,10,10.0,0.0,10,10,4,4.0,0.0,4,4,0,0,0,0,40,40,42.03093477,42.03093477,32,271,127.6,130.9056912,17136.3,0,0,0,0,0,0,0,0,1,159.5,32.0,271.0,40,0,0,0,0,0,0,2,64,2,542,-1,-1,1,20,0.0,0.0,0,0,0.0,0.0,0,0,0
443,4,2,0,31,0,31,0,15.5,21.92031022,0,0,0.0,0.0,7750000.0,500000.0,4.0,0.0,4,4,4,4.0,0.0,4,4,0,0.0,0.0,0,0,1,0,0,0,64,0,500000.0,0.0,0,31,20.66666667,17.89785834,320.3333333,0,1,0,0,1,0,0,0,0,31.0,15.5,0.0,64,0,0,0,0,0,0,2,31,0,0,252,-1,0,32,0.0,0.0,0,0,0.0,0.0,0,0,0
1782,48,1,1,0,6,0,0,0.0,0.0,6,6,6.0,0.0,125000.0,41666.66667,48.0,0.0,48,48,0,0.0,0.0,0,0,0,0.0,0.0,0,0,0,0,0,0,40,20,20833.33333,20833.33333,0,6,2.0,3.464101615,12.0,0,0,0,1,0,0,0,0,1,3.0,0.0,6.0,40,0,0,0,0,0,0,1,0,1,6,29200,0,0,40,0.0,0.0,0,0,0.0,0.0,0,0,1
80,515202,3,5,26,11601,20,0,8.666666667,10.26320288,5840,0,2320.2,2436.833027,22567.84717,15.52789003,73600.28571,187328.8779,498204,103,16514,8257.0,11462.20092,16362,152,515098,128774.5,246406.5002,498204,187,0,0,0,0,72,112,5.822958762,9.70493127,0,5840,1291.888889,2110.95076,4456113.111,0,0,0,1,0,0,0,0,1,1453.375,8.666666667,2320.2,72,0,0,0,0,0,0,3,26,5,11601,8192,229,2,20,0.0,0.0,0,0,0.0,0.0,0,0,1
53,170,2,2,78,208,39,39,39.0,0.0,104,104,104.0,0.0,1682352.941,23529.41176,56.66666667,58.48361594,119,3,3,3.0,0.0,3,3,48,48.0,0.0,48,48,0,0,0,0,40,40,11764.70588,11764.70588,39,104,65.0,35.60196624,1267.5,0,0,0,0,0,0,0,0,1,81.25,39.0,104.0,40,0,0,0,0,0,0,2,78,2,208,-1,-1,1,20,0.0,0.0,0,0,0.0,0.0,0,0,0
5009,47,1,1,0,6,0,0,0.0,0.0,6,6,6.0,0.0,127659.5745,42553.19149,47.0,0.0,47,47,0,0.0,0.0,0,0,0,0.0,0.0,0,0,0,0,0,0,40,20,21276.59574,21276.59574,0,6,2.0,3.464101615,12.0,0,0,0,1,0,0,0,0,1,3.0,0.0,6.0,40,0,0,0,0,0,0,1,0,1,6,29200,0,0,40,0.0,0.0,0,0,0.0,0.0,0,0,1
80,3,2,0,0,0,0,0,0.0,0.0,0,0,0.0,0.0,0.0,666666.6667,3.0,0.0,3,3,3,3.0,0.0,3,3,0,0.0,0.0,0,0,0,0,0,0,64,0,666666.6667,0.0,0,0,0.0,0.0,0.0,0,0,0,0,1,0,0,0,0,0.0,0.0,0.0,64,0,0,0,0,0,0,2,0,0,0,251,-1,0,32,0.0,0.0,0,0,0.0,0.0,0,0,1
80,5,2,0,0,0,0,0,0.0,0.0,0,0,0.0,0.0,0.0,400000.0,5.0,0.0,5,5,5,5.0,0.0,5,5,0,0.0,0.0,0,0,0,0,0,0,64,0,400000.0,0.0,0,0,0.0,0.0,0.0,0,0,0,0,1,0,0,0,0,0.0,0.0,0.0,64,0,0,0,0,0,0,2,0,0,0,251,-1,0,32,0.0,0.0,0,0,0.0,0.0,0,0,1
80,5220036,3,1,12,0,6,0,4.0,3.464101615,0,0,0.0,0.0,2.298834721,0.76627824,1740012.0,2939304.659,5133665,158,5220036,2610018.0,3568975.814,5133665,86371,0,0.0,0.0,0,0,0,0,0,0,72,32,0.57470868,0.19156956,0,6,2.4,3.286335345,10.8,0,0,0,1,0,0,0,0,0,3.0,4.0,0.0,72,0,0,0,0,0,0,3,12,1,0,8192,5840,2,20,0.0,0.0,0,0,0.0,0.0,0,0,0
53,49847,1,1,44,72,44,44,44.0,0.0,72,72,72.0,0.0,2327.12099,40.12277569,49847.0,0.0,49847,49847,0,0.0,0.0,0,0,0,0.0,0.0,0,0,0,0,0,0,20,20,20.06138785,20.06138785,44,72,53.33333333,16.16580754,261.3333333,0,0,0,0,0,0,0,0,1,80.0,44.0,72.0,20,0,0,0,0,0,0,1,44,1,72,-1,-1,0,20,0.0,0.0,0,0,0.0,0.0,0,0,0
53,23778,2,2,78,200,39,39,39.0,0.0,100,100,100.0,0.0,11691.47952,168.2227269,7926.0,13722.17253,23771,3,4,4.0,0.0,4,4,3,3.0,0.0,3,3,0,0,0,0,64,40,84.11136345,84.11136345,39,100,63.4,33.41107601,1116.3,0,0,0,0,0,0,0,0,1,79.25,39.0,100.0,64,0,0,0,0,0,0,2,78,2,200,-1,-1,1,32,0.0,0.0,0,0,0.0,0.0,0,0,0
80,86141608,6,7,355,11595,343,0,59.16666667,139.0804324,5792,0,1656.428571,2120.732252,138.725063,0.150914295,7178467.333,24500000.0,85100000,48,86100000,17200000.0,38000000.0,85100000,778,86100000,14400000.0,35200000.0,86100000,48,0,0,0,0,184,232,0.069652751,0.081261543,0,5792,854.0,1666.37917,2776819.538,1,0,0,0,0,0,0,0,1,919.6923077,59.16666667,1656.428571,184,0,0,0,0,0,0,6,355,7,11595,0,235,2,20,10996.0,0.0,10996,10996,85100000.0,0.0,85100000,85100000,1
55298,27,1,1,0,0,0,0,0.0,0.0,0,0,0.0,0.0,0.0,74074.07407,27.0,0.0,27,27,0,0.0,0.0,0,0,0,0.0,0.0,0,0,0,0,0,0,20,20,37037.03704,37037.03704,0,0,0.0,0.0,0.0,0,0,0,0,1,1,0,0,1,0.0,0.0,0.0,20,0,0,0,0,0,0,1,0,1,0,31409,63666,0,20,0.0,0.0,0,0,0.0,0.0,0,0,0
22,101,2,2,4,12,2,2,2.0,0.0,6,6,6.0,0.0,158415.8416,39603.9604,33.66666667,20.98412098,50,10,10,10.0,0.0,10,10,50,50.0,0.0,50,50,0,0,0,0,48,40,19801.9802,19801.9802,2,6,3.6,2.19089023,4.8,0,0,0,1,0,0,0,0,1,4.5,2.0,6.0,48,0,0,0,0,0,0,2,4,2,12,1024,0,1,24,0.0,0.0,0,0,0.0,0.0,0,0,0
48212,735,1,1,0,0,0,0,0.0,0.0,0,0,0.0,0.0,0.0,2721.088435,735.0,0.0,735,735,0,0.0,0.0,0,0,0,0.0,0.0,0,0,0,0,0,0,32,32,1360.544218,1360.544218,0,0,0.0,0.0,0.0,0,0,0,0,1,1,0,0,1,0.0,0.0,0.0,32,0,0,0,0,0,0,1,0,1,0,227,229,0,32,0.0,0.0,0,0,0.0,0.0,0,0,0
80,865598,3,6,26,11601,20,0,8.666666667,10.26320288,4380,0,1933.5,1757.789948,13432.33233,10.39743622,108199.75,294424.4414,836441,16,28821,14410.5,20259.31639,28736,85,865570,173114.0,371020.516,836441,16,0,0,0,0,72,132,3.465812074,6.931624149,0,4380,1162.7,1645.241762,2706820.456,0,0,0,1,0,0,0,0,2,1291.888889,8.666666667,1933.5,72,0,0,0,0,0,0,3,26,6,11601,8192,229,2,20,0.0,0.0,0,0,0.0,0.0,0,0,1
53,172,2,2,70,126,35,35,35.0,0.0,63,63,63.0,0.0,1139534.884,23255.81395,57.33333333,60.79747802,123,3,3,3.0,0.0,3,3,46,46.0,0.0,46,46,0,0,0,0,64,64,11627.90698,11627.90698,35,63,46.2,15.33623161,235.2,0,0,0,0,0,0,0,0,1,57.75,35.0,63.0,64,0,0,0,0,0,0,2,70,2,126,-1,-1,1,32,0.0,0.0,0,0,0.0,0.0,0,0,0
80,98255583,9,5,312,11595,312,0,34.66666667,104.0,7240,0,2319.0,3003.171157,121.1839535,0.142485542,7558121.769,27200000.0,98200000,4,98200000,12300000.0,34700000.0,98200000,4,96371,24092.75,39780.93144,83066,52,0,0,0,0,296,168,0.091597848,0.050887694,0,7240,793.8,1956.865577,3829322.886,0,0,0,0,1,0,0,0,0,850.5,34.66666667,2319.0,296,0,0,0,0,0,0,9,312,5,11595,251,235,1,32,2145.0,0.0,2145,2145,98200000.0,0.0,98200000,98200000,1
10628,71,1,1,0,6,0,0,0.0,0.0,6,6,6.0,0.0,84507.04225,28169.01408,71.0,0.0,71,71,0,0.0,0.0,0,0,0,0.0,0.0,0,0,0,0,0,0,40,20,14084.50704,14084.50704,0,6,2.0,3.464101615,12.0,0,0,0,1,0,0,0,0,1,3.0,0.0,6.0,40,0,0,0,0,0,0,1,0,1,6,29200,0,0,40,0.0,0.0,0,0,0.0,0.0,0,0,1
80,107814483,2,1,428,6,428,0,214.0,302.6417023,6,6,6.0,0.0,4.025433206,0.027825575,53900000.0,76200000.0,108000000,67,108000000,108000000.0,0.0,108000000,108000000,0,0.0,0.0,0,0,0,0,0,0,64,20,0.018550383,0.009275192,0,428,108.5,213.0187785,45377.0,0,0,0,0,1,0,0,0,0,144.6666667,214.0,6.0,64,0,0,0,0,0,0,2,428,1,6,410,0,1,32,0.0,0.0,0,0,108000000.0,0.0,108000000,108000000,1
1533,43,1,1,2,6,2,2,2.0,0.0,6,6,6.0,0.0,186046.5116,46511.62791,43.0,0.0,43,43,0,0.0,0.0,0,0,0,0.0,0.0,0,0,0,0,0,0,24,20,23255.81395,23255.81395,2,6,3.333333333,2.309401077,5.333333333,0,0,0,1,0,0,0,0,1,5.0,2.0,6.0,24,0,0,0,0,0,0,1,2,1,6,1024,0,0,24,0.0,0.0,0,0,0.0,0.0,0,0,1
53,30590,2,2,76,206,38,38,38.0,0.0,103,103,103.0,0.0,9218.6989212161,130.7616868258,10196.6666666667,17655.0825637643,30583,3,3,3.0,0.0,3,3,4,4.0,0.0,4,4,0,0,0,0,64,64,65.3808434129,65.3808434129,38,103,64.0,35.6019662378,1267.5,0,0,0,0,0,0,0,0,1,80.0,38.0,103.0,64,0,0,0,0,0,0,2,76,2,206,-1,-1,1,32,0.0,0.0,0,0,0.0,0.0,0,0,0
80,51917,3,4,443,872,437,0,147.6666667,250.5879752,860,0,218.0,428.0093457,25328.89034,134.830595,8652.833333,11413.46914,23222,2,28284,14142.0,13007.93635,23340,4944,28751,9583.666667,16244.73583,28340,2,0,0,0,0,72,92,57.78454071,77.04605428,0,860,164.375,319.4915324,102074.8393,0,0,0,1,0,0,0,0,1,187.8571429,147.6666667,218.0,72,0,0,0,0,0,0,3,443,4,872,8192,31,2,20,0.0,0.0,0,0,0.0,0.0,0,0,0
1071,42,1,1,0,6,0,0,0.0,0.0,6,6,6.0,0.0,142857.1429,47619.04762,42.0,0.0,42,42,0,0.0,0.0,0,0,0,0.0,0.0,0,0,0,0,0,0,40,20,23809.52381,23809.52381,0,6,2.0,3.464101615,12.0,0,0,0,1,0,0,0,0,1,3.0,0.0,6.0,40,0,0,0,0,0,0,1,0,1,6,29200,0,0,40,0.0,0.0,0,0,0.0,0.0,0,0,1
443,3400132,12,9,752,5940,434,0,62.66666667,132.7919311,1448,0,660.0,649.4010702,1968.158883,6.176230805,170006.6,612461.2163,2755588,7,3400132,309102.9091,815753.1425,2755652,163,3349106,418638.25,952135.5305,2755639,47,0,0,0,0,392,296,3.529274746,2.646956059,0,1448,304.1818182,511.7516731,261889.7749,0,0,0,1,0,0,0,0,0,318.6666667,62.66666667,660.0,392,0,0,0,0,0,0,12,752,9,5940,29200,114,3,32,0.0,0.0,0,0,0.0,0.0,0,0,0
443,118018826,13,13,614,4675,192,0,47.23076923,63.88421016,1430,0,359.6153846,585.5088298,44.81488403,0.220303835,4720753.04,16300000.0,58900000,1,118000000,9834902.167,22900000.0,58900000,53,118000000,9827183.333,22900000.0,59000000,1,0,0,0,0,272,272,0.110151918,0.110151918,0,1430,195.8888889,431.3202748,186037.1795,0,0,0,1,0,0,0,0,1,203.4230769,47.23076923,359.6153846,272,0,0,0,0,0,0,13,614,13,4675,8192,351,12,20,143744.0,79603.253,200032,87456,58800000.0,146422.7225,58900000,58700000,0
53,209,2,2,64,96,32,32,32.0,0.0,48,48,48.0,0.0,765550.23923445,19138.7559808612,69.6666666667,36.6651514838,112,48,48,48.0,0.0,48,48,49,49.0,0.0,49,49,0,0,0,0,64,64,9569.3779904306,9569.3779904306,32,48,38.4,8.7635609201,76.8,0,0,0,0,0,0,0,0,1,48.0,32.0,48.0,64,0,0,0,0,0,0,2,64,2,96,-1,-1,1,32,0.0,0.0,0,0,0.0,0.0,0,0,0
53,182,2,2,68,250,34,34,34.0,0.0,125,125,125.0,0.0,1747252.74725275,21978.021978022,60.6666666667,99.0168335857,175,3,4,4.0,0.0,4,4,3,3.0,0.0,3,3,0,0,0,0,40,40,10989.010989011,10989.010989011,34,125,70.4,49.842752733,2484.3,0,0,0,0,0,0,0,0,1,88.0,34.0,125.0,40,0,0,0,0,0,0,2,68,2,250,-1,-1,1,20,0.0,0.0,0,0,0.0,0.0,0,0,0
80,85660217,5,8,365,11595,353,0,73.0,156.5535052,4344,0,1449.375,1547.981999,139.6214067,0.151762399,7138351.417,24700000.0,85500000,4,85500000,21400000.0,42700000.0,85500000,4,85700000,12200000.0,32300000.0,85500000,15,0,0,0,0,144,264,0.058370153,0.093392245,0,4344,854.7142857,1343.830543,1805880.527,1,0,0,0,0,0,0,0,1,920.4615385,73.0,1449.375,144,0,0,0,0,0,0,5,365,8,11595,0,235,2,20,10986.0,0.0,10986,10986,85500000.0,0.0,85500000,85500000,1
53,103623953,2,2,104,356,56,48,52.0,5.656854249,272,84,178.0,132.9360749,4.439128085,0.038601114,34500000.0,59600000.0,103000000,23458,104000000,104000000.0,0.0,104000000,104000000,103000000,103000000.0,0.0,103000000,103000000,0,0,0,0,40,40,0.019300557,0.019300557,48,272,103.2,95.34778445,9091.2,0,0,0,0,0,0,0,0,1,129.0,52.0,178.0,40,0,0,0,0,0,0,2,104,2,356,-1,-1,1,20,204072.0,0.0,204072,204072,103000000.0,0.0,103000000,103000000,0
80,979653,3,4,26,11607,20,0,8.666666667,10.26320288,11595,0,2901.75,5795.50069,11874.61275,7.145387193,163275.5,399356.8124,978459,59,953,476.5,491.4392129,824,129,979594,326531.3333,564586.0707,978459,156,0,0,0,0,72,92,3.062308797,4.083078396,0,11595,1454.125,4097.537534,16800000.0,0,0,0,1,0,0,0,0,1,1661.857143,8.666666667,2901.75,72,0,0,0,0,0,0,3,26,4,11607,8192,229,2,20,0.0,0.0,0,0,0.0,0.0,0,0,1
80,98352704,7,6,316,11595,310,0,45.14285714,116.812426,5792,0,1932.5,2181.008184,121.1049571,0.132177352,8196058.667,28400000.0,98300000,4,98300000,16400000.0,40100000.0,98300000,4,13313,2662.6,3910.23833,8937,46,0,0,0,0,220,200,0.07117242,0.061004932,0,5792,850.7857143,1667.650313,2781057.566,0,0,0,0,1,0,0,0,0,916.2307692,45.14285714,1932.5,220,0,0,0,0,0,0,7,316,6,11595,251,235,2,20,1022.0,0.0,1022,1022,98300000.0,0.0,98300000,98300000,1
80,69144,3,4,26,11607,20,0,8.666666667,10.26320288,11595,0,2901.75,5795.50069,168243.0869,101.2379961,11524.0,27289.44722,67221,72,1412,706.0,847.1139239,1305,107,69072,23024.0,38279.04945,67221,421,0,0,0,0,72,92,43.3877126,57.85028347,0,11595,1454.125,4097.537534,16800000.0,0,0,0,1,0,0,0,0,1,1661.857143,8.666666667,2901.75,72,0,0,0,0,0,0,3,26,4,11607,8192,229,2,20,0.0,0.0,0,0,0.0,0.0,0,0,1
80,701229,3,5,26,11601,20,0,8.666666667,10.26320288,7300,0,2320.2,3022.508098,16580.8887,11.40854129,100175.5714,250256.943,667009,17,33818,16909.0,23402.40603,33457,361,701179,175294.75,328191.7676,667009,189,0,0,0,0,72,112,4.278202984,7.130338306,0,7300,1291.888889,2460.652985,6054813.111,0,0,0,1,0,0,0,0,1,1453.375,8.666666667,2320.2,72,0,0,0,0,0,0,3,26,5,11601,8192,229,2,20,0.0,0.0,0,0,0.0,0.0,0,0,1
21,8865106,9,15,123,188,43,0,13.66666667,13.60147051,34,0,12.53333333,14.54975045,35.08136282,2.707243433,385439.3913,1017232.617,3605168,0,6063118,757889.75,1438738.039,3649337,3,8865019,633215.6429,1257849.747,3605168,0,0,0,0,0,296,488,1.015216287,1.692027146,0,43,12.44,13.86265968,192.1733333,0,0,0,1,0,0,0,0,1,12.95833333,13.66666667,12.53333333,296,0,0,0,0,0,0,9,123,15,188,29200,227,6,32,0.0,0.0,0,0,0.0,0.0,0,0,1
80,98404026,4,6,375,11595,369,0,93.75,183.5217971,5792,0,1932.5,2181.008184,121.6413646,0.101621858,10900000.0,32700000.0,98300000,4,98300000,32800000.0,56700000.0,98300000,4,146473,29294.6,58856.85481,134176,45,0,0,0,0,124,200,0.040648743,0.060973115,0,5792,1088.727273,1824.526135,3328895.618,1,0,0,0,0,0,0,0,1,1197.6,93.75,1932.5,124,0,0,0,0,0,0,4,375,6,11595,0,235,1,20,0.0,0.0,0,0,98300000.0,0.0,98300000,98300000,1
80,12064630,5,0,30,0,6,6,6.0,0.0,0,0,0.0,0.0,2.486607546,0.414434591,3016157.5,6030330.389,12100000,3,12100000,3016157.5,6030330.389,12100000,3,0,0.0,0.0,0,0,0,0,0,0,100,0,0.414434591,0.0,6,6,6.0,0.0,0.0,0,0,0,0,1,0,0,0,0,7.2,6.0,0.0,100,0,0,0,0,0,0,5,30,0,0,256,-1,4,20,2977.0,0.0,2977,2977,12100000.0,0.0,12100000,12100000,1
1533,75,1,1,2,6,2,2,2.0,0.0,6,6,6.0,0.0,106666.6667,26666.66667,75.0,0.0,75,75,0,0.0,0.0,0,0,0,0.0,0.0,0,0,0,0,0,0,24,20,13333.33333,13333.33333,2,6,3.333333333,2.309401077,5.333333333,0,0,0,1,0,0,0,0,1,5.0,2.0,6.0,24,0,0,0,0,0,0,1,2,1,6,1024,0,0,24,0.0,0.0,0,0,0.0,0.0,0,0,1
80,11584521,4,0,24,0,6,6,6.0,0.0,0,0,0.0,0.0,2.071730027,0.345288338,3861507.0,6687597.991,11600000,326,11600000,3861507.0,6687597.991,11600000,326,0,0.0,0.0,0,0,0,0,0,0,80,0,0.345288338,0.0,6,6,6.0,0.0,0.0,0,0,0,0,1,0,0,0,0,7.5,6.0,0.0,80,0,0,0,0,0,0,4,24,0,0,256,-1,3,20,841.0,0.0,841,841,11600000.0,0.0,11600000,11600000,1
443,59629086,12,13,1061,2225,517,0,88.41666667,174.9121641,1460,0,171.1538462,410.1554271,55.1073347,0.419258481,2484545.25,4367753.328,10000000,1,50300000,4573364.273,5232202.709,10000000,97,59600000,4965953.667,5177355.625,10100000,1,0,0,0,0,260,272,0.201244071,0.21801441,0,1460,126.3846154,310.7792885,96583.76615,0,0,0,1,0,0,0,0,1,131.44,88.41666667,171.1538462,260,0,0,0,0,0,0,12,1061,13,2225,29200,1426,11,20,51480.83333,31740.41597,116203,37721,9886700.0,295167.2779,10000000,9284260,0
443,4,2,0,12,0,6,6,6.0,0.0,0,0,0.0,0.0,3000000.0,500000.0,4.0,0.0,4,4,4,4.0,0.0,4,4,0,0.0,0.0,0,0,0,0,0,0,40,0,500000.0,0.0,6,6,6.0,0.0,0.0,1,0,0,0,0,0,0,0,0,9.0,6.0,0.0,40,0,0,0,0,0,0,2,12,0,0,0,-1,1,20,0.0,0.0,0,0,0.0,0.0,0,0,0
80,67799603,5,7,388,11595,376,0,77.6,166.8376456,5792,0,1656.428571,2120.732252,176.7414479,0.176992187,6163600.273,20400000.0,67600000,35,67700000,16900000.0,33800000.0,67600000,1006,67800000,11300000.0,27600000.0,67700000,46,0,0,0,0,144,232,0.073746745,0.103245442,0,5792,922.2307692,1714.549997,2939681.692,1,0,0,0,0,0,0,0,1,999.0833333,77.6,1656.428571,144,0,0,0,0,0,0,5,388,7,11595,0,235,2,20,10029.0,0.0,10029,10029,67600000.0,0.0,67600000,67600000,1
443,4071906,5,1,135,46,46,6,27.0,20.1246118,46,46,46.0,0.0,44.45092789,1.473511422,814381.2,1692264.982,3838631,49,4071906,1017976.5,1883628.267,3838631,49,0,0.0,0.0,0,0,1,0,0,0,100,20,1.227926185,0.245585237,6,46,32.42857143,18.86670032,355.952381,0,1,0,0,1,0,0,0,0,37.83333333,27.0,46.0,100,0,0,0,0,0,0,5,135,1,46,16226,360,4,20,0.0,0.0,0,0,0.0,0.0,0,0,0
80,5,2,0,0,0,0,0,0.0,0.0,0,0,0.0,0.0,0.0,400000.0,5.0,0.0,5,5,5,5.0,0.0,5,5,0,0.0,0.0,0,0,0,0,0,0,64,0,400000.0,0.0,0,0,0.0,0.0,0.0,0,0,0,0,1,0,0,0,0,0.0,0.0,0.0,64,0,0,0,0,0,0,2,0,0,0,251,-1,0,32,0.0,0.0,0,0,0.0,0.0,0,0,1
443,36966,1,1,0,0,0,0,0.0,0.0,0,0,0.0,0.0,0.0,54.10377103,36966.0,0.0,36966,36966,0,0.0,0.0,0,0,0,0.0,0.0,0,0,0,0,0,0,32,32,27.05188552,27.05188552,0,0,0.0,0.0,0.0,0,0,0,0,1,1,0,0,1,0.0,0.0,0.0,32,0,0,0,0,0,0,1,0,1,0,819,618,0,32,0.0,0.0,0,0,0.0,0.0,0,0,0
80,74332281,8,5,56,11601,20,0,7.0,5.656854249,7300,0,2320.2,3022.508098,156.8228479,0.174890368,6194356.75,19700000.0,68500000,1,73100000,10400000.0,25700000.0,68500000,1,1199055,299763.75,594503.2163,1191506,196,0,0,0,0,172,112,0.107624842,0.067265526,0,7300,833.0714286,2033.250541,4134107.764,0,0,0,0,1,0,0,0,0,897.1538462,7.0,2320.2,172,0,0,0,0,0,0,8,56,5,11601,256,229,6,20,4647906.0,0.0,4647906,4647906,68500000.0,0.0,68500000,68500000,1
443,146239,10,5,929,943,677,0,92.9,210.9699557336,805,0,188.6,349.721031681,12800.962807459,102.5718173675,10445.6428571429,16299.9631316579,36404,43,146239,16248.7777777778,24869.1343324299,68107,43,106231,26557.75,17672.5345923177,36896,252,0,0,0,0,332,168,68.3812115783,34.1906057892,0,805,117.0,249.6562970699,62328.2666666667,0,0,0,1,0,0,0,0,0,124.8,92.9,188.6,332,0,0,0,0,0,0,10,929,5,943,65535,351,5,32,0.0,0.0,0,0,0.0,0.0,0,0,0
80,174786,3,4,441,871,435,0,147.0,249.4333578,859,0,217.75,427.5093566,7506.322017,40.04897417,29131.0,49555.53542,127624,4,151037,75518.5,73688.30477,127624,23413,151456,50485.33333,86962.94835,150901,4,0,0,0,0,72,92,17.16384607,22.8851281,0,859,164.0,318.937074,101720.8571,0,0,0,1,0,0,0,0,1,187.4285714,147.0,217.75,72,0,0,0,0,0,0,3,441,4,871,8192,31,2,20,0.0,0.0,0,0,0.0,0.0,0,0,0
3367,45,1,1,0,6,0,0,0.0,0.0,6,6,6.0,0.0,133333.3333,44444.44444,45.0,0.0,45,45,0,0.0,0.0,0,0,0,0.0,0.0,0,0,0,0,0,0,40,20,22222.22222,22222.22222,0,6,2.0,3.464101615,12.0,0,0,0,1,0,0,0,0,1,3.0,0.0,6.0,40,0,0,0,0,0,0,1,0,1,6,29200,0,0,40,0.0,0.0,0,0,0.0,0.0,0,0,1
53,166,2,2,90,172,45,45,45.0,0.0,86,86,86.0,0.0,1578313.253,24096.38554,55.33333333,88.91194146,158,4,4,4.0,0.0,4,4,4,4.0,0.0,4,4,0,0,0,0,40,40,12048.19277,12048.19277,45,86,61.4,22.45662486,504.3,0,0,0,0,0,0,0,0,1,76.75,45.0,86.0,40,0,0,0,0,0,0,2,90,2,172,-1,-1,1,20,0.0,0.0,0,0,0.0,0.0,0,0,0
80,12989,3,1,18,0,6,6,6.0,0.0,0,0,0.0,0.0,1385.787974,307.9528832,4329.666667,6659.134053,12000,27,12989,6494.5,7785.952768,12000,989,0,0.0,0.0,0,0,0,0,0,0,60,32,230.9646624,76.9882208,0,6,4.8,2.683281573,7.2,1,0,0,0,0,0,0,0,0,6.0,6.0,0.0,60,0,0,0,0,0,0,3,18,1,0,0,235,2,20,0.0,0.0,0,0,0.0,0.0,0,0,1
53,137,2,2,88,120,44,44,44.0,0.0,60,60,60.0,0.0,1518248.175,29197.08029,45.66666667,73.03652055,130,3,4,4.0,0.0,4,4,3,3.0,0.0,3,3,0,0,0,0,40,40,14598.54015,14598.54015,44,60,50.4,8.76356092,76.8,0,0,0,0,0,0,0,0,1,63.0,44.0,60.0,40,0,0,0,0,0,0,2,88,2,120,-1,-1,1,20,0.0,0.0,0,0,0.0,0.0,0,0,0
683,50,1,1,2,6,2,2,2.0,0.0,6,6,6.0,0.0,160000.0,40000.0,50.0,0.0,50,50,0,0.0,0.0,0,0,0,0.0,0.0,0,0,0,0,0,0,24,20,20000.0,20000.0,2,6,3.333333333,2.309401077,5.333333333,0,0,0,1,0,0,0,0,1,5.0,2.0,6.0,24,0,0,0,0,0,0,1,2,1,6,1024,0,0,24,0.0,0.0,0,0,0.0,0.0,0,0,1
53,30644,1,1,78,155,78,78,78.0,0.0,155,155,155.0,0.0,7603.446025,65.26563112,30644.0,0.0,30644,30644,0,0.0,0.0,0,0,0,0.0,0.0,0,0,0,0,0,0,20,32,32.63281556,32.63281556,78,155,103.6666667,44.45597073,1976.333333,0,0,0,0,0,0,0,0,1,155.5,78.0,155.0,20,0,0,0,0,0,0,1,78,1,155,-1,-1,0,20,0.0,0.0,0,0,0.0,0.0,0,0,0
8180,63,1,1,2,6,2,2,2.0,0.0,6,6,6.0,0.0,126984.127,31746.03175,63.0,0.0,63,63,0,0.0,0.0,0,0,0,0.0,0.0,0,0,0,0,0,0,24,20,15873.01587,15873.01587,2,6,3.333333333,2.309401077,5.333333333,0,0,0,1,0,0,0,0,1,5.0,2.0,6.0,24,0,0,0,0,0,0,1,2,1,6,1024,0,0,24,0.0,0.0,0,0,0.0,0.0,0,0,1
53,293536,2,2,78,290,39,39,39.0,0.0,145,145,145.0,0.0,1253.6792761365,13.6269486537,97845.3333333333,169428.056856984,293484,3,49,49.0,0.0,49,49,3,3.0,0.0,3,3,0,0,0,0,64,64,6.8134743268,6.8134743268,39,145,81.4,58.0585910955,3370.8,0,0,0,0,0,0,0,0,1,101.75,39.0,145.0,64,0,0,0,0,0,0,2,78,2,290,-1,-1,1,32,0.0,0.0,0,0,0.0,0.0,0,0,0
53,60779,1,1,53,85,53,53,53.0,0.0,85,85,85.0,0.0,2270.521068,32.90610244,60779.0,0.0,60779,60779,0,0.0,0.0,0,0,0,0.0,0.0,0,0,0,0,0,0,20,20,16.45305122,16.45305122,53,85,63.66666667,18.47520861,341.3333333,0,0,0,0,0,0,0,0,1,95.5,53.0,85.0,20,0,0,0,0,0,0,1,53,1,85,-1,-1,0,20,0.0,0.0,0,0,0.0,0.0,0,0,0
80,98675786,9,6,333,11595,333,0,37.0,111.0,4344,0,1932.5,1977.812908,120.8807194,0.152012977,7048270.429,26400000.0,98700000,1,98700000,12300000.0,34900000.0,98700000,1,10370,2074.0,4355.722271,9865,48,0,0,0,0,296,200,0.091207786,0.060805191,0,4344,745.5,1487.382981,2212308.133,0,0,0,0,1,0,0,0,0,795.2,37.0,1932.5,296,0,0,0,0,0,0,9,333,6,11595,251,235,1,32,1080.0,0.0,1080,1080,98700000.0,0.0,98700000,98700000,1
53,1171754,2,2,84,414,42,42,42.0,0.0,207,207,207.0,0.0,425.0038831,3.413685808,390584.6667,676507.2912,1171748,3,3,3.0,0.0,3,3,3,3.0,0.0,3,3,0,0,0,0,40,64,1.706842904,1.706842904,42,207,108.0,90.37422199,8167.5,0,0,0,0,0,0,0,0,1,135.0,42.0,207.0,40,0,0,0,0,0,0,2,84,2,414,-1,-1,1,20,0.0,0.0,0,0,0.0,0.0,0,0,0
59143,123,1,1,6,6,6,6,6.0,0.0,6,6,6.0,0.0,97560.97561,16260.1626,123.0,0.0,123,123,0,0.0,0.0,0,0,0,0.0,0.0,0,0,0,0,0,0,20,20,8130.081301,8130.081301,6,6,6.0,0.0,0.0,0,0,0,0,1,1,0,0,1,9.0,6.0,6.0,20,0,0,0,0,0,0,1,6,1,6,62,255,0,20,0.0,0.0,0,0,0.0,0.0,0,0,0
80,4,2,0,0,0,0,0,0.0,0.0,0,0,0.0,0.0,0.0,500000.0,4.0,0.0,4,4,4,4.0,0.0,4,4,0,0.0,0.0,0,0,0,0,0,0,64,0,500000.0,0.0,0,0,0.0,0.0,0.0,0,0,0,0,1,0,0,0,0,0.0,0.0,0.0,64,0,0,0,0,0,0,2,0,0,0,251,-1,0,32,0.0,0.0,0,0,0.0,0.0,0,0,1
53,30840,2,2,66,330,33,33,33.0,0.0,165,165,165.0,0.0,12840.46693,129.7016861,10280.0,17800.28615,30834,3,3,3.0,0.0,3,3,3,3.0,0.0,3,3,0,0,0,0,64,64,64.85084306,64.85084306,33,165,85.8,72.29937759,5227.2,0,0,0,0,0,0,0,0,1,107.25,33.0,165.0,64,0,0,0,0,0,0,2,66,2,330,-1,-1,1,32,0.0,0.0,0,0,0.0,0.0,0,0,0
80,2,2,0,0,0,0,0,0.0,0.0,0,0,0.0,0.0,0.0,1000000.0,2.0,0.0,2,2,2,2.0,0.0,2,2,0,0.0,0.0,0,0,0,0,0,0,64,0,1000000.0,0.0,0,0,0.0,0.0,0.0,0,0,0,0,1,0,0,0,0,0.0,0.0,0.0,64,0,0,0,0,0,0,2,0,0,0,274,-1,0,32,0.0,0.0,0,0,0.0,0.0,0,0,1
9100,42,1,1,0,6,0,0,0.0,0.0,6,6,6.0,0.0,142857.1429,47619.04762,42.0,0.0,42,42,0,0.0,0.0,0,0,0,0.0,0.0,0,0,0,0,0,0,40,20,23809.52381,23809.52381,0,6,2.0,3.464101615,12.0,0,0,0,1,0,0,0,0,1,3.0,0.0,6.0,40,0,0,0,0,0,0,1,0,1,6,29200,0,0,40,0.0,0.0,0,0,0.0,0.0,0,0,1
22,11336396,21,32,2008,2745,640,0,95.61904762,140.0451628,976,0,85.78125,220.240592,419.2690516,4.675207182,218007.6154,599865.2109,2531165,3,10100000,503078.9,894358.2553,2575529,551,11300000,365686.8387,745658.1521,2531165,3,0,0,0,0,680,1032,1.852440582,2.822766601,0,976,88.01851852,189.5902723,35944.47135,0,0,0,1,0,0,0,0,1,89.67924528,95.61904762,85.78125,680,0,0,0,0,0,0,21,2008,32,2745,29200,247,16,32,0.0,0.0,0,0,0.0,0.0,0,0,1
65129,3,2,0,4,0,2,2,2.0,0.0,0,0,0.0,0.0,1333333.333,666666.6667,3.0,0.0,3,3,3,3.0,0.0,3,3,0,0.0,0.0,0,0,0,0,0,0,48,0,666666.6667,0.0,2,2,2.0,0.0,0.0,0,0,0,1,0,0,0,0,0,3.0,2.0,0.0,48,0,0,0,0,0,0,2,4,0,0,1024,-1,1,24,0.0,0.0,0,0,0.0,0.0,0,0,0
53,23881,1,1,59,124,59,59,59.0,0.0,124,124,124.0,0.0,7662.995687,83.74858674,23881.0,0.0,23881,23881,0,0.0,0.0,0,0,0,0.0,0.0,0,0,0,0,0,0,32,20,41.87429337,41.87429337,59,124,80.66666667,37.5277675,1408.333333,0,0,0,0,0,0,0,0,1,121.0,59.0,124.0,32,0,0,0,0,0,0,1,59,1,124,-1,-1,0,32,0.0,0.0,0,0,0.0,0.0,0,0,0
2393,21,1,1,2,6,2,2,2.0,0.0,6,6,6.0,0.0,380952.381,95238.09524,21.0,0.0,21,21,0,0.0,0.0,0,0,0,0.0,0.0,0,0,0,0,0,0,24,20,47619.04762,47619.04762,2,6,3.333333333,2.309401077,5.333333333,0,0,0,1,0,0,0,0,1,5.0,2.0,6.0,24,0,0,0,0,0,0,1,2,1,6,1024,0,0,24,0.0,0.0,0,0,0.0,0.0,0,0,1
56955,1706,3,0,43,0,31,6,14.33333333,14.43375673,0,0,0.0,0.0,25205.15826,1758.499414,853.0,1200.667314,1702,4,1706,853.0,1200.667314,1702,4,0,0.0,0.0,0,0,0,0,0,0,60,0,1758.499414,0.0,6,31,12.25,12.5,156.25,0,0,0,0,1,0,0,0,0,16.33333333,14.33333333,0.0,60,0,0,0,0,0,0,3,43,0,0,1013,-1,2,20,0.0,0.0,0,0,0.0,0.0,0,0,0
53,24770,1,1,95,223,95,95,95.0,0.0,223,223,223.0,0.0,12838.11062,80.74283407,24770.0,0.0,24770,24770,0,0.0,0.0,0,0,0,0.0,0.0,0,0,0,0,0,0,20,20,40.37141704,40.37141704,95,223,137.6666667,73.90083446,5461.333333,0,0,0,0,0,0,0,0,1,206.5,95.0,223.0,20,0,0,0,0,0,0,1,95,1,223,-1,-1,0,20,0.0,0.0,0,0,0.0,0.0,0,0,0
443,5046329,7,4,635,157,517,0,90.7142857143,190.7072051477,157,0,39.25,78.5,156.945771867,2.179802387,504632.9,1560248.02310925,4944880,3,5046329,841054.833333333,2037702.70649606,5000438,3,79294,26431.3333333333,27923.0291754554,56138,723,0,0,0,0,232,136,1.3871469736,0.7926554135,0,517,66.0,150.2107610235,22563.2727272727,0,0,0,1,0,0,0,0,0,72.0,90.7142857143,39.25,232,0,0,0,0,0,0,7,635,4,157,29200,118,3,32,0.0,0.0,0,0,0.0,0.0,0,0,0
80,101010660,7,7,738,11595,360,0,105.4285714,173.9260927,5792,0,1656.428571,2120.732252,122.0960243,0.138599233,7770050.769,27900000.0,101000000,1,101000000,16800000.0,41100000.0,101000000,1,101000000,16800000.0,41100000.0,101000000,46,0,0,0,0,196,232,0.069299616,0.069299616,0,5792,822.6,1610.248508,2592900.257,1,0,0,0,0,0,0,0,1,881.3571429,105.4285714,1656.428571,196,0,0,0,0,0,0,7,738,7,11595,0,235,4,20,14014.0,0.0,14014,14014,101000000.0,0.0,101000000,101000000,1
80,99749827,7,7,368,11595,344,0,52.57142857,128.5390435,4344,0,1656.428571,1760.597234,119.9300326,0.140351121,7673063.615,27600000.0,99600000,1,99600000,16600000.0,40700000.0,99600000,1,99700000,16600000.0,40600000.0,99600000,15,0,0,0,0,184,232,0.07017556,0.07017556,0,4344,797.9333333,1423.590956,2026611.21,1,0,0,0,0,0,0,0,1,854.9285714,52.57142857,1656.428571,184,0,0,0,0,0,0,7,368,7,11595,0,235,4,20,10999.0,0.0,10999,10999,99600000.0,0.0,99600000,99600000,1
443,11503,1,1,6,6,6,6,6.0,0.0,6,6,6.0,0.0,1043.20612,173.8676867,11503.0,0.0,11503,11503,0,0.0,0.0,0,0,0,0.0,0.0,0,0,0,0,0,0,20,20,86.93384335,86.93384335,6,6,6.0,0.0,0.0,1,0,0,0,1,0,0,0,1,9.0,6.0,6.0,20,0,0,0,0,0,0,1,6,1,6,0,60,0,20,0.0,0.0,0,0,0.0,0.0,0,0,0
80,74515143,9,6,62,11601,20,0,6.888888889,5.30199124,5840,0,1933.5,2189.772933,156.5185213,0.201301365,5322510.214,17100000.0,63900000,3,73700000,9213564.375,22400000.0,63900000,3,820185,164037.0,359056.2862,806250,14,0,0,0,0,192,132,0.120780819,0.080520546,0,5840,729.3125,1589.473738,2526426.763,0,0,0,0,1,0,0,0,0,777.9333333,6.888888889,1933.5,192,0,0,0,0,0,0,9,62,6,11601,256,229,7,20,3001.0,0.0,3001,3001,36800000.0,38200000.0,63900000,9820756,1
80,3998930,5,0,30,0,6,6,6.0,0.0,0,0,0.0,0.0,7.502006787,1.250334464,999732.5,1998775.059,3997895,1,3998930,999732.5,1998775.059,3997895,1,0,0.0,0.0,0,0,0,0,0,0,100,0,1.250334464,0.0,6,6,6.0,0.0,0.0,0,0,0,0,1,0,0,0,0,7.2,6.0,0.0,100,0,0,0,0,0,0,5,30,0,0,256,-1,4,20,0.0,0.0,0,0,0.0,0.0,0,0,1
10000,75,1,1,2,6,2,2,2.0,0.0,6,6,6.0,0.0,106666.6667,26666.66667,75.0,0.0,75,75,0,0.0,0.0,0,0,0,0.0,0.0,0,0,0,0,0,0,24,20,13333.33333,13333.33333,2,6,3.333333333,2.309401077,5.333333333,0,0,0,1,0,0,0,0,1,5.0,2.0,6.0,24,0,0,0,0,0,0,1,2,1,6,1024,0,0,24,0.0,0.0,0,0,0.0,0.0,0,0,1
80,876720,3,4,26,11607,20,0,8.666666667,10.26320288,11595,0,2901.75,5795.50069,13268.77452,7.984305137,146120.0,357461.48,875785,5,871,435.5,548.0077554,823,48,876595,292198.3333,505401.0369,875785,5,0,0,0,0,72,92,3.421845059,4.562460078,0,11595,1454.125,4097.537534,16800000.0,0,0,0,1,0,0,0,0,1,1661.857143,8.666666667,2901.75,72,0,0,0,0,0,0,3,26,4,11607,8192,229,2,20,0.0,0.0,0,0,0.0,0.0,0,0,1
80,98342820,5,6,326,11595,314,0,65.2,139.1157791,10147,0,1932.5,4065.734263,121.2188139,0.111853616,9834282.0,31100000.0,98300000,3,98300000,24600000.0,49200000.0,98300000,5,98300000,19700000.0,44000000.0,98300000,3,0,0,0,0,144,200,0.050842553,0.061011063,0,10147,993.9166667,2912.396279,8482052.083,1,0,0,0,0,0,0,0,1,1084.272727,65.2,1932.5,144,0,0,0,0,0,0,5,326,6,11595,0,235,2,20,11985.0,0.0,11985,11985,98300000.0,0.0,98300000,98300000,1
80,84527149,7,6,293,11595,293,0,41.85714286,110.7435906,4344,0,1932.5,1754.831473,140.6412039,0.153796741,7043929.083,24000000.0,83400000,1,84400000,14100000.0,34000000.0,83400000,1,141352,28270.4,56110.49023,128148,13,0,0,0,0,240,200,0.08281363,0.070983111,0,4344,849.1428571,1462.236004,2138134.132,0,0,0,0,1,0,0,0,0,914.4615385,41.85714286,1932.5,240,0,0,0,0,0,0,7,293,6,11595,251,235,1,32,2.0,0.0,2,2,83400000.0,0.0,83400000,83400000,1
53,196,2,2,76,172,38,38,38.0,0.0,86,86,86.0,0.0,1265306.12244898,20408.1632653061,65.3333333333,29.1604755334,99,48,48,48.0,0.0,48,48,49,49.0,0.0,49,49,0,0,0,0,40,40,10204.0816326531,10204.0816326531,38,86,57.2,26.2906827602,691.2,0,0,0,0,0,0,0,0,1,71.5,38.0,86.0,40,0,0,0,0,0,0,2,76,2,172,-1,-1,1,20,0.0,0.0,0,0,0.0,0.0,0,0,0
53,212,2,2,142,242,71,71,71.0,0.0,121,121,121.0,0.0,1811320.755,18867.92453,70.66666667,38.3970485,115,48,48,48.0,0.0,48,48,49,49.0,0.0,49,49,0,0,0,0,52,40,9433.962264,9433.962264,71,121,91.0,27.38612788,750.0,0,0,0,0,0,0,0,0,1,113.75,71.0,121.0,52,0,0,0,0,0,0,2,142,2,242,-1,-1,1,20,0.0,0.0,0,0,0.0,0.0,0,0,0
777,65,1,1,0,6,0,0,0.0,0.0,6,6,6.0,0.0,92307.69231,30769.23077,65.0,0.0,65,65,0,0.0,0.0,0,0,0,0.0,0.0,0,0,0,0,0,0,40,20,15384.61538,15384.61538,0,6,2.0,3.464101615,12.0,0,0,0,1,0,0,0,0,1,3.0,0.0,6.0,40,0,0,0,0,0,0,1,0,1,6,29200,0,0,40,0.0,0.0,0,0,0.0,0.0,0,0,1
39260,56,1,1,0,0,0,0,0.0,0.0,0,0,0.0,0.0,0.0,35714.28571,56.0,0.0,56,56,0,0.0,0.0,0,0,0,0.0,0.0,0,0,0,0,0,0,20,20,17857.14286,17857.14286,0,0,0.0,0.0,0.0,0,0,0,0,1,1,0,0,1,0.0,0.0,0.0,20,0,0,0,0,0,0,1,0,1,0,31,308,0,20,0.0,0.0,0,0,0.0,0.0,0,0,0
80,99603828,9,6,375,11595,369,0,41.66666667,122.7660376,4344,0,1932.5,1754.831473,120.1761041,0.150596622,7114559.143,26600000.0,99500000,1,99500000,12400000.0,35200000.0,99500000,1,147629,29525.8,59423.48356,135428,16,0,0,0,0,284,200,0.090357973,0.060238649,0,4344,748.125,1390.099415,1932376.383,0,0,0,0,1,0,0,0,0,798.0,41.66666667,1932.5,284,0,0,0,0,0,0,9,375,6,11595,251,235,2,20,1901.0,0.0,1901,1901,99500000.0,0.0,99500000,99500000,1
80,99199898,6,5,398,11595,380,0,66.33333333,153.6927671,7251,0,2319.0,3337.608875,120.8973017,0.110887211,9919989.8,31400000.0,99200000,1,99200000,19800000.0,44400000.0,99200000,1,99200000,24800000.0,49600000.0,99200000,186,0,0,0,0,164,168,0.060483933,0.050403278,0,7251,999.9166667,2327.57933,5417625.538,1,0,0,0,0,0,0,0,0,1090.818182,66.33333333,2319.0,164,0,0,0,0,0,0,6,398,5,11595,0,235,3,20,12986.0,0.0,12986,12986,99200000.0,0.0,99200000,99200000,1
80,8435,3,5,375,11595,375,0,125.0,216.5063509,5792,0,2319.0,3170.403917,1419087.137,948.4291642,1205.0,1892.398742,4002,4,4016,2008.0,2834.083979,4012,4,8425,2106.25,2299.917734,4247,48,0,0,0,0,104,168,355.6609366,592.7682276,0,5792,1330.0,2532.665937,6414396.75,0,0,0,1,0,0,0,0,1,1496.25,125.0,2319.0,104,0,0,0,0,0,0,3,375,5,11595,29200,235,1,32,0.0,0.0,0,0,0.0,0.0,0,0,1
58990,1255,1,1,0,0,0,0,0.0,0.0,0,0,0.0,0.0,0.0,1593.625498,1255.0,0.0,1255,1255,0,0.0,0.0,0,0,0,0.0,0.0,0,0,0,0,0,0,32,32,796.812749,796.812749,0,0,0.0,0.0,0.0,0,0,0,0,1,1,0,0,1,0.0,0.0,0.0,32,0,0,0,0,0,0,1,0,1,0,349,32832,0,32,0.0,0.0,0,0,0.0,0.0,0,0,0
137,3,2,0,124,0,62,62,62.0,0.0,0,0,0.0,0.0,41300000.0,666666.6667,3.0,0.0,3,3,3,3.0,0.0,3,3,0,0.0,0.0,0,0,0,0,0,0,40,0,666666.6667,0.0,62,62,62.0,0.0,0.0,0,0,0,0,0,0,0,0,0,93.0,62.0,0.0,40,0,0,0,0,0,0,2,124,0,0,-1,-1,1,20,0.0,0.0,0,0,0.0,0.0,0,0,0
80,3271859,4,2,356,0,356,0,89.0,178.0,0,0,0.0,0.0,108.8066448,1.833819856,654371.8,1462607.719,3270764,36,3271859,1090619.667,1888091.554,3270800,473,1010,1010.0,0.0,1010,1010,0,0,0,0,136,72,1.222546571,0.611273285,0,356,50.85714286,134.5553524,18105.14286,0,0,0,1,0,0,0,0,0,59.33333333,89.0,0.0,136,0,0,0,0,0,0,4,356,2,0,29200,235,1,32,0.0,0.0,0,0,0.0,0.0,0,0,1
80,1,2,0,0,0,0,0,0.0,0.0,0,0,0.0,0.0,0.0,2000000.0,1.0,0.0,1,1,1,1.0,0.0,1,1,0,0.0,0.0,0,0,0,0,0,0,64,0,2000000.0,0.0,0,0,0.0,0.0,0.0,0,0,0,0,1,0,0,0,0,0.0,0.0,0.0,64,0,0,0,0,0,0,2,0,0,0,251,-1,0,32,0.0,0.0,0,0,0.0,0.0,0,0,1
80,5,4,0,0,0,0,0,0.0,0.0,0,0,0.0,0.0,0.0,800000.0,1.666666667,1.527525232,3,0,5,1.666666667,1.527525232,3,0,0,0.0,0.0,0,0,0,0,0,0,128,0,800000.0,0.0,0,0,0.0,0.0,0.0,0,0,0,0,1,0,0,0,0,0.0,0.0,0.0,128,0,0,0,0,0,0,4,0,0,0,251,-1,0,32,0.0,0.0,0,0,0.0,0.0,0,0,1
80,963,3,1,0,0,0,0,0.0,0.0,0,0,0.0,0.0,0.0,4153.686397,321.0,427.5967727,814,51,963,481.5,608.8189386,912,51,0,0.0,0.0,0,0,0,0,0,0,104,40,3115.264798,1038.421599,0,0,0.0,0.0,0.0,0,0,0,1,0,0,0,0,0,0.0,0.0,0.0,104,0,0,0,0,0,0,3,0,1,0,29200,28960,0,32,0.0,0.0,0,0,0.0,0.0,0,0,1
443,115558567,21,18,1252,4481,807,0,59.619047619,177.6067217733,1460,0,248.9444444444,494.1960163886,49.6112071033,0.3374912048,3041014.92105263,4565740.48383073,10005657,3,115558567,5777928.35,4926987.64851964,10035241,3,110687334,6511019.64705882,4912494.45013466,10035176,191,0,0,0,0,432,504,0.1817260333,0.1557651714,0,1460,143.325,363.433370432,132083.81474359,0,0,0,1,0,0,0,0,0,147.0,59.619047619,248.9444444444,432,0,0,0,0,0,0,21,1252,18,4481,8192,125,20,20,66073.0909090909,121142.043411406,431330,29380,9996445.27272727,15609.9663426344,10005657,9949664,0
443,5794106,9,6,374,3875,181,0,41.55555556,74.51864047,1418,0,645.8333333,656.9043817,733.3314233,2.588837691,413864.7143,1499584.307,5623604,4,5794106,724263.25,1979851.783,5623604,4,89159,17831.8,23570.4887,44514,48,0,0,0,0,296,200,1.553302615,1.035535077,0,1418,265.5625,489.3405043,239454.1292,0,0,0,1,0,0,0,0,0,283.2666667,41.55555556,645.8333333,296,0,0,0,0,0,0,9,374,6,3875,29200,349,3,32,170498.0,0.0,170498,170498,5623604.0,0.0,5623604,5623604,0
53,494,2,2,62,278,31,31,31.0,0.0,139,139,139.0,0.0,688259.1093,8097.165992,164.6666667,282.6133991,491,1,2,2.0,0.0,2,2,1,1.0,0.0,1,1,0,0,0,0,40,40,4048.582996,4048.582996,31,139,74.2,59.15403621,3499.2,0,0,0,0,0,0,0,0,1,92.75,31.0,139.0,40,0,0,0,0,0,0,2,62,2,278,-1,-1,1,20,0.0,0.0,0,0,0.0,0.0,0,0,0
80,95439272,4,6,422,11595,416,0,105.5,207.0193228,5803,0,1932.5,2539.075088,125.9125279,0.10477867,10600000.0,31800000.0,95400000,3,95400000,31800000.0,55100000.0,95400000,189,1987,397.4,738.5917682,1714,3,0,0,0,0,124,200,0.041911468,0.062867202,0,5803,1093.0,2041.417106,4167383.8,1,0,0,0,0,0,0,0,1,1202.3,105.5,1932.5,124,0,0,0,0,0,0,4,422,6,11595,0,235,1,20,0.0,0.0,0,0,95400000.0,0.0,95400000,95400000,1
80,11396419,8,5,1540,3525,385,0,192.5,205.7911563,2077,0,705.0,990.6447396,444.4378537,1.1407092,949701.5833,2031495.177,5564056,39,6396077,913725.2857,2057364.429,5566237,350,11400000,2849095.0,2840408.644,5564056,192,0,0,0,0,264,168,0.701974892,0.438734308,0,2077,361.7857143,630.6948767,397776.0275,0,0,0,1,0,0,0,0,0,389.6153846,192.5,705.0,264,0,0,0,0,0,0,8,1540,5,3525,29200,235,4,32,829537.0,0.0,829537,829537,5564056.0,0.0,5564056,5564056,1
443,1626714,3,0,37,0,37,0,12.33333333,21.36195996,0,0,0.0,0.0,22.74523979,1.844208632,813357.0,1150218.074,1626684,30,1626714,813357.0,1150218.074,1626684,30,0,0.0,0.0,0,0,0,0,0,0,96,0,1.844208632,0.0,0,37,9.25,18.5,342.25,0,0,0,0,1,0,0,0,0,12.33333333,12.33333333,0.0,96,0,0,0,0,0,0,3,37,0,0,65535,-1,1,32,0.0,0.0,0,0,0.0,0.0,0,0,0
443,320,3,1,18,0,6,6,6.0,0.0,0,0,0.0,0.0,56250.0,12500.0,106.6666666667,181.2990163606,316,0,320,160.0,226.2741699797,320,0,0,0.0,0.0,0,0,0,0,0,0,60,32,9375.0,3125.0,0,6,4.8,2.683281573,7.2,1,0,0,0,0,0,0,0,0,6.0,6.0,0.0,60,0,0,0,0,0,0,3,18,1,0,0,115,2,20,0.0,0.0,0,0,0.0,0.0,0,0,0
53,42419,2,2,66,148,33,33,33.0,0.0,74,74,74.0,0.0,5044.909121,94.29736675,14139.66667,24448.19712,42370,1,1,1.0,0.0,1,1,48,48.0,0.0,48,48,0,0,0,0,64,64,47.14868337,47.14868337,33,74,49.4,22.45662486,504.3,0,0,0,0,0,0,0,0,1,61.75,33.0,74.0,64,0,0,0,0,0,0,2,66,2,148,-1,-1,1,32,0.0,0.0,0,0,0.0,0.0,0,0,0
443,117238782,24,20,5899,4949,2651,0,245.7916667,638.8791802,1448,0,247.45,505.2850655,92.52910867,0.375302432,2726483.302,4457742.68,10200000,3,117000000,5097338.348,5052075.785,10200000,3,114000000,5979750.316,5094255.003,10200000,49,0,0,0,0,776,648,0.204710417,0.170592015,0,2651,241.0666667,570.052685,324960.0636,0,0,0,1,0,0,0,0,0,246.5454545,245.7916667,247.45,776,0,0,0,0,0,0,24,5899,20,4949,29200,1301,6,32,147001.1818,411044.8565,1386348,22865,10200000.0,78356.14911,10200000,10000000,0
389,152,2,2,186,330,93,93,93.0,0.0,165,165,165.0,0.0,3394736.842,26315.78947,50.66666667,80.82903769,144,4,4,4.0,0.0,4,4,4,4.0,0.0,4,4,0,0,0,0,64,64,13157.89474,13157.89474,93,165,121.8,39.43602414,1555.2,0,0,0,0,0,0,0,0,1,152.25,93.0,165.0,64,0,0,0,0,0,0,2,186,2,330,-1,-1,1,32,0.0,0.0,0,0,0.0,0.0,0,0,0
80,8096841,5,0,30,0,6,6,6.0,0.0,0,0,0.0,0.0,3.705148712,0.617524785,2024210.25,4047091.194,8094847,1,8096841,2024210.25,4047091.194,8094847,1,0,0.0,0.0,0,0,0,0,0,0,100,0,0.617524785,0.0,6,6,6.0,0.0,0.0,0,0,0,0,1,0,0,0,0,7.2,6.0,0.0,100,0,0,0,0,0,0,5,30,0,0,256,-1,4,20,1994.0,0.0,1994,1994,8094847.0,0.0,8094847,8094847,1
80,86057462,8,7,387,11595,381,0,48.375,134.4171944,4344,0,1656.428571,1946.27472,139.2325514,0.174302142,6146961.571,23000000.0,85900000,1,85900000,12300000.0,32500000.0,85900000,1,161802,26967.0,59677.97678,148333,54,0,0,0,0,252,232,0.092961143,0.081341,0,4344,748.875,1485.628436,2207091.85,0,0,0,0,1,0,0,0,0,798.8,48.375,1656.428571,252,0,0,0,0,0,0,8,387,7,11595,274,235,2,20,3006.0,0.0,3006,3006,85900000.0,0.0,85900000,85900000,1
80,63104432,7,0,0,0,0,0,0.0,0.0,0,0,0.0,0.0,0.0,0.110927232,10500000.0,11900000.0,32100000,996964,63100000,10500000.0,11900000.0,32100000,996964,0,0.0,0.0,0,0,0,0,0,0,280,0,0.110927232,0.0,0,0,0.0,0.0,0.0,0,0,0,1,0,0,0,0,0,0.0,0.0,0.0,280,0,0,0,0,0,0,7,0,0,0,29200,-1,0,40,7008920.0,0.0,7008920,7008920,18700000.0,12200000.0,32100000,8015908,1
32776,31,1,1,0,6,0,0,0.0,0.0,6,6,6.0,0.0,193548.3871,64516.12903,31.0,0.0,31,31,0,0.0,0.0,0,0,0,0.0,0.0,0,0,0,0,0,0,40,20,32258.06452,32258.06452,0,6,2.0,3.464101615,12.0,0,0,0,1,0,0,0,0,1,3.0,0.0,6.0,40,0,0,0,0,0,0,1,0,1,6,29200,0,0,40,0.0,0.0,0,0,0.0,0.0,0,0,1
7100,42,1,1,2,6,2,2,2.0,0.0,6,6,6.0,0.0,190476.1905,47619.04762,42.0,0.0,42,42,0,0.0,0.0,0,0,0,0.0,0.0,0,0,0,0,0,0,24,20,23809.52381,23809.52381,2,6,3.333333333,2.309401077,5.333333333,0,0,0,1,0,0,0,0,1,5.0,2.0,6.0,24,0,0,0,0,0,0,1,2,1,6,1024,0,0,24,0.0,0.0,0,0,0.0,0.0,0,0,1
80,566200,4,0,24,0,6,6,6.0,0.0,0,0,0.0,0.0,42.38784882,7.064641469,188733.3333,325130.6274,564160,1,566200,188733.3333,325130.6274,564160,1,0,0.0,0.0,0,0,0,0,0,0,80,0,7.064641469,0.0,6,6,6.0,0.0,0.0,0,0,0,0,1,0,0,0,0,7.5,6.0,0.0,80,0,0,0,0,0,0,4,24,0,0,256,-1,3,20,0.0,0.0,0,0,0.0,0.0,0,0,1
53,86609,1,1,51,67,51,51,51.0,0.0,67,67,67.0,0.0,1362.445011,23.09228833,86609.0,0.0,86609,86609,0,0.0,0.0,0,0,0,0.0,0.0,0,0,0,0,0,0,32,32,11.54614417,11.54614417,51,67,56.33333333,9.237604307,85.33333333,0,0,0,0,0,0,0,0,1,84.5,51.0,67.0,32,0,0,0,0,0,0,1,51,1,67,-1,-1,0,32,0.0,0.0,0,0,0.0,0.0,0,0,0
80,85414208,6,7,309,11595,291,0,51.5,117.367372,4344,0,1656.428571,1947.638216,139.3679141,0.152199503,7117850.667,24600000.0,85300000,1,85300000,17100000.0,38100000.0,85300000,1,85400000,14200000.0,34800000.0,85300000,94,0,0,0,0,164,232,0.070245924,0.081953578,0,4344,850.7142857,1566.939075,2455298.066,1,0,0,0,0,0,0,0,1,916.1538462,51.5,1656.428571,164,0,0,0,0,0,0,6,309,7,11595,0,235,3,20,10996.0,0.0,10996,10996,85300000.0,0.0,85300000,85300000,1
80,4,2,0,0,0,0,0,0.0,0.0,0,0,0.0,0.0,0.0,500000.0,4.0,0.0,4,4,4,4.0,0.0,4,4,0,0.0,0.0,0,0,0,0,0,0,64,0,500000.0,0.0,0,0,0.0,0.0,0.0,0,0,0,0,1,0,0,0,0,0.0,0.0,0.0,64,0,0,0,0,0,0,2,0,0,0,274,-1,0,32,0.0,0.0,0,0,0.0,0.0,0,0,1
63973,46,1,1,0,0,0,0,0.0,0.0,0,0,0.0,0.0,0.0,43478.26087,46.0,0.0,46,46,0,0.0,0.0,0,0,0,0.0,0.0,0,0,0,0,0,0,32,32,21739.13043,21739.13043,0,0,0.0,0.0,0.0,0,0,0,0,1,0,0,0,1,0.0,0.0,0.0,32,0,0,0,0,0,0,1,0,1,0,122,33304,0,32,0.0,0.0,0,0,0.0,0.0,0,0,0
80,10875715,5,4,420,3525,420,0,84.0,187.8297101,3525,0,881.25,1762.5,362.7347719,0.827531799,1359464.375,2527419.513,5873597,48,5875620,1468905.0,2937067.339,5874506,216,10900000,3625222.333,3168939.335,5873597,878,0,0,0,0,168,136,0.459739888,0.367791911,0,3525,394.5,1107.836856,1227302.5,0,0,0,1,0,0,0,0,0,438.3333333,84.0,881.25,168,0,0,0,0,0,0,5,420,4,3525,29200,235,1,32,926.0,0.0,926,926,5873597.0,0.0,5873597,5873597,1
39482,52,1,1,6,6,6,6,6.0,0.0,6,6,6.0,0.0,230769.230769231,38461.5384615385,52.0,0.0,52,52,0,0.0,0.0,0,0,0,0.0,0.0,0,0,0,0,0,0,20,20,19230.7692307692,19230.7692307692,6,6,6.0,0.0,0.0,0,0,0,0,1,1,0,0,1,9.0,6.0,6.0,20,0,0,0,0,0,0,1,6,1,6,14600,29200,0,20,0.0,0.0,0,0,0.0,0.0,0,0,0
80,101077070,7,6,355,11595,355,0,50.71428571,134.1773879,4344,0,1932.5,1754.831473,118.2266166,0.128614729,8423089.167,29100000.0,101000000,1,101000000,16800000.0,41200000.0,101000000,1,145767,29153.4,58613.65367,133604,15,0,0,0,0,232,200,0.069254085,0.059360644,0,4344,853.5714286,1460.514963,2133103.956,0,0,0,0,1,0,0,0,0,919.2307692,50.71428571,1932.5,232,0,0,0,0,0,0,7,355,6,11595,251,235,1,32,3.0,0.0,3,3,101000000.0,0.0,101000000,101000000,1
1055,60,1,1,0,6,0,0,0.0,0.0,6,6,6.0,0.0,100000.0,33333.33333,60.0,0.0,60,60,0,0.0,0.0,0,0,0,0.0,0.0,0,0,0,0,0,0,40,20,16666.66667,16666.66667,0,6,2.0,3.464101615,12.0,0,0,0,1,0,0,0,0,1,3.0,0.0,6.0,40,0,0,0,0,0,0,1,0,1,6,29200,0,0,40,0.0,0.0,0,0,0.0,0.0,0,0,1
53,54812,2,2,68,690,34,34,34.0,0.0,345,345,345.0,0.0,13829.08852,72.97672043,18270.66667,31561.71849,54715,48,49,49.0,0.0,49,49,48,48.0,0.0,48,48,0,0,0,0,40,40,36.48836021,36.48836021,34,345,158.4,170.3417154,29016.3,0,0,0,0,0,0,0,0,1,198.0,34.0,345.0,40,0,0,0,0,0,0,2,68,2,690,-1,-1,1,20,0.0,0.0,0,0,0.0,0.0,0,0,0
2022,48,2,0,4,0,2,2,2.0,0.0,0,0,0.0,0.0,83333.33333,41666.66667,48.0,0.0,48,48,48,48.0,0.0,48,48,0,0.0,0.0,0,0,0,0,0,0,48,0,41666.66667,0.0,2,2,2.0,0.0,0.0,0,0,0,1,0,0,0,0,0,3.0,2.0,0.0,48,0,0,0,0,0,0,2,4,0,0,1024,-1,1,24,0.0,0.0,0,0,0.0,0.0,0,0,0
80,86927162,8,6,56,11607,20,0,7.0,5.656854249,4380,0,1934.5,2177.344966,134.1698007,0.161054378,6686704.769,21700000.0,78600000,2,86900000,12400000.0,29300000.0,78600000,2,37175,7435.0,16094.5673,36218,3,0,0,0,0,172,132,0.092031073,0.069023305,0,4380,777.9333333,1627.46176,2648631.781,0,0,0,0,1,0,0,0,0,833.5,7.0,1934.5,172,0,0,0,0,0,0,8,56,6,11607,256,229,6,20,406.0,0.0,406,406,43400000.0,49700000.0,78600000,8303353,1
21,9748263,9,15,106,188,23,0,11.77777778,9.417772796,34,0,12.53333333,14.54975045,30.15921913,2.461977072,423837.5217,1102395.992,3414632,4,6663568,832946.0,1541801.146,3457784,4,9748160,696297.1429,1361005.215,3414632,10,0,0,0,0,296,488,0.923241402,1.53873567,0,34,11.76,12.61705195,159.19,0,0,0,1,0,0,0,0,1,12.25,11.77777778,12.53333333,296,0,0,0,0,0,0,9,106,15,188,29200,227,6,32,0.0,0.0,0,0,0.0,0.0,0,0,1
80,83164216,5,7,336,11595,324,0,67.2,143.5869075,5792,0,1656.428571,2120.732252,143.4631453,0.144292829,7560383.273,25000000.0,83000000,45,83000000,20800000.0,41500000.0,83000000,976,83200000,13900000.0,33900000.0,83000000,46,0,0,0,0,144,232,0.060122012,0.084170817,0,5792,918.2307692,1715.990586,2944623.692,1,0,0,0,0,0,0,0,1,994.75,67.2,1656.428571,144,0,0,0,0,0,0,5,336,7,11595,0,235,2,20,12021.0,0.0,12021,12021,83000000.0,0.0,83000000,83000000,1
80,3,2,0,0,0,0,0,0.0,0.0,0,0,0.0,0.0,0.0,666666.6667,3.0,0.0,3,3,3,3.0,0.0,3,3,0,0.0,0.0,0,0,0,0,0,0,64,0,666666.6667,0.0,0,0,0.0,0.0,0.0,0,0,0,0,1,0,0,0,0,0.0,0.0,0.0,64,0,0,0,0,0,0,2,0,0,0,274,-1,0,32,0.0,0.0,0,0,0.0,0.0,0,0,1
53,439,1,1,81,159,81,81,81.0,0.0,159,159,159.0,0.0,546697.0387,4555.808656,439.0,0.0,439,439,0,0.0,0.0,0,0,0,0.0,0.0,0,0,0,0,0,0,40,40,2277.904328,2277.904328,81,159,107.0,45.033321,2028.0,0,0,0,0,0,0,0,0,1,160.5,81.0,159.0,40,0,0,0,0,0,0,1,81,1,159,-1,-1,0,40,0.0,0.0,0,0,0.0,0.0,0,0,0
80,149587,3,5,377,11595,377,0,125.6666667,217.6610515,5792,0,2319.0,3170.403917,80033.69277,53.48058321,21369.57143,51249.5322,137177,35,11992,5996.0,8267.492486,11842,150,149495,37373.75,66765.40563,137177,188,0,0,0,0,104,168,20.0552187,33.4253645,0,5792,1330.222222,2532.571755,6413919.694,0,0,0,1,0,0,0,0,1,1496.5,125.6666667,2319.0,104,0,0,0,0,0,0,3,377,5,11595,29200,235,1,32,0.0,0.0,0,0,0.0,0.0,0,0,1
49140,1,2,0,14,0,14,0,7.0,9.899494937,0,0,0.0,0.0,14000000.0,2000000.0,1.0,0.0,1,1,1,1.0,0.0,1,1,0,0.0,0.0,0,0,1,0,0,0,64,0,2000000.0,0.0,0,14,9.333333333,8.082903769,65.33333333,0,1,0,0,1,0,0,0,0,14.0,7.0,0.0,64,0,0,0,0,0,0,2,14,0,0,227,-1,0,32,0.0,0.0,0,0,0.0,0.0,0,0,0
55772,10,1,1,6,6,6,6,6.0,0.0,6,6,6.0,0.0,1200000.0,200000.0,10.0,0.0,10,10,0,0.0,0.0,0,0,0,0.0,0.0,0,0,0,0,0,0,20,20,100000.0,100000.0,6,6,6.0,0.0,0.0,0,0,0,0,1,1,0,0,1,9.0,6.0,6.0,20,0,0,0,0,0,0,1,6,1,6,60,255,0,20,0.0,0.0,0,0,0.0,0.0,0,0,0
443,46628,5,0,37,0,37,0,7.4,16.54690303,0,0,0.0,0.0,793.5146264,107.2317063,11657.0,14556.47599,30106,0,46628,11657.0,14556.47599,30106,0,0,0.0,0.0,0,0,0,0,0,0,160,0,107.2317063,0.0,0,37,6.166666667,15.10518675,228.1666667,0,0,0,0,1,0,0,0,0,7.4,7.4,0.0,160,0,0,0,0,0,0,5,37,0,0,31132,-1,1,32,0.0,0.0,0,0,0.0,0.0,0,0,0
443,118335255,249,308,955,578527,338,0,3.835341365,28.24905429,4380,0,1878.334416,864.0425903,4896.951462,4.706965815,212833.1924,3507315.706,58900000,0,118000000,477158.2863,5245372.431,58900000,0,118000000,385028.6515,4725373.216,59000000,1,0,0,0,0,5844,6172,2.104191181,2.602774634,0,4380,1038.498208,1132.413409,1282360.128,0,0,0,1,0,0,0,0,1,1040.362657,3.835341365,1878.334416,5844,0,0,0,0,0,0,249,955,308,578527,8192,292,7,20,569320.5,617094.2093,1005672,132969,58500000.0,477840.1353,58900000,58200000,0
21641,3233,3,1,88,6,51,6,29.33333333,22.54624876,6,6,6.0,0.0,29075.16239,1237.240953,1077.666667,1842.357548,3205,3,3233,1616.5,2281.833583,3230,3,0,0.0,0.0,0,0,1,0,0,0,60,20,927.9307145,309.3102382,6,51,29.0,22.52776065,507.5,0,1,0,0,1,0,0,0,0,36.25,29.33333333,6.0,60,0,0,0,0,0,0,3,88,1,6,30016,64189,2,20,0.0,0.0,0,0,0.0,0.0,0,0,0
443,5547067,9,6,367,3710,210,0,40.77777778,75.80530618,1448,0,618.3333333,674.5504182,734.9830099,2.704131751,396219.0714,1440903.369,5402203,9,5547067,693383.375,1902823.998,5402203,17,72476,14495.2,17623.05356,35925,192,0,0,0,0,296,200,1.622479051,1.0816527,0,1448,254.8125,489.2970766,239411.6292,0,0,0,1,0,0,0,0,0,271.8,40.77777778,618.3333333,296,0,0,0,0,0,0,9,367,6,3710,29200,118,3,32,144847.0,0.0,144847,144847,5402203.0,0.0,5402203,5402203,0
80,1516266,3,5,26,11607,20,0,8.666666667,10.26320288,5840,0,2321.4,3173.373883,7672.136683,5.276119098,216609.4286,572724.7502,1515427,3,635,317.5,426.3853891,619,16,1516220,379055.0,757581.3816,1515427,3,0,0,0,0,72,112,1.978544662,3.297574436,0,5840,1292.555556,2554.159212,6523729.278,0,0,0,1,0,0,0,0,1,1454.125,8.666666667,2321.4,72,0,0,0,0,0,0,3,26,5,11607,8192,229,2,20,0.0,0.0,0,0,0.0,0.0,0,0,1
53,61127,2,2,70,254,35,35,35.0,0.0,127,127,127.0,0.0,5300.4400674007,65.4375316963,20375.6666666667,35286.4937523316,61121,3,3,3.0,0.0,3,3,3,3.0,0.0,3,3,0,0,0,0,64,64,32.7187658482,32.7187658482,35,127,71.8,50.3904752905,2539.2,0,0,0,0,0,0,0,0,1,89.75,35.0,127.0,64,0,0,0,0,0,0,2,70,2,254,-1,-1,1,32,0.0,0.0,0,0,0.0,0.0,0,0,0
52050,16,3,1,43,6,31,6,14.3333333333,14.4337567297,6,6,6.0,0.0,3062500.0,250000.0,5.3333333333,5.8594652771,12,1,4,2.0,1.4142135624,3,1,0,0.0,0.0,0,0,0,0,0,0,60,20,187500.0,62500.0,6,31,11.0,11.1803398875,125.0,0,0,0,0,1,0,0,0,0,13.75,14.3333333333,6.0,60,0,0,0,0,0,0,3,43,1,6,1311,0,2,20,0.0,0.0,0,0,0.0,0.0,0,0,0
443,149,2,0,12,0,6,6,6.0,0.0,0,0,0.0,0.0,80536.9127516779,13422.8187919463,149.0,0.0,149,149,149,149.0,0.0,149,149,0,0.0,0.0,0,0,0,0,0,0,40,0,13422.8187919463,0.0,6,6,6.0,0.0,0.0,0,0,0,0,1,0,0,0,0,9.0,6.0,0.0,40,0,0,0,0,0,0,2,12,0,0,64209,-1,1,20,0.0,0.0,0,0,0.0,0.0,0,0,0
80,85872032,7,6,332,11595,332,0,47.42857143,125.484205,4344,0,1932.5,1754.831473,138.8927189,0.151388056,7156002.667,24500000.0,84900000,0,85900000,14300000.0,34600000.0,84900000,0,6694,1338.8,2757.298442,6270,46,0,0,0,0,240,200,0.081516646,0.069871411,0,4344,851.9285714,1461.131725,2134905.918,0,0,0,0,1,0,0,0,0,917.4615385,47.42857143,1932.5,240,0,0,0,0,0,0,7,332,6,11595,251,235,1,32,1.0,0.0,1,1,84900000.0,0.0,84900000,84900000,1
5405,50,1,1,0,6,0,0,0.0,0.0,6,6,6.0,0.0,120000.0,40000.0,50.0,0.0,50,50,0,0.0,0.0,0,0,0,0.0,0.0,0,0,0,0,0,0,40,20,20000.0,20000.0,0,6,2.0,3.464101615,12.0,0,0,0,1,0,0,0,0,1,3.0,0.0,6.0,40,0,0,0,0,0,0,1,0,1,6,29200,0,0,40,0.0,0.0,0,0,0.0,0.0,0,0,1
80,1002,6,0,0,0,0,0,0.0,0.0,0,0,0.0,0.0,0.0,5988.023952,200.4,443.078774,993,1,1002,200.4,443.078774,993,1,0,0.0,0.0,0,0,0,0,0,0,192,0,5988.023952,0.0,0,0,0.0,0.0,0.0,0,0,0,0,1,0,0,0,0,0.0,0.0,0.0,192,0,0,0,0,0,0,6,0,0,0,274,-1,0,32,0.0,0.0,0,0,0.0,0.0,0,0,1
80,14461,2,2,12,0,6,6,6.0,0.0,0,0,0.0,0.0,829.8181315,276.6060438,4820.333333,7882.421286,13919,63,542,542.0,0.0,542,542,14398,14398.0,0.0,14398,14398,0,0,0,0,40,64,138.3030219,138.3030219,0,6,3.6,3.286335345,10.8,1,0,0,0,0,0,0,0,1,4.5,6.0,0.0,40,0,0,0,0,0,0,2,12,2,0,0,235,1,20,0.0,0.0,0,0,0.0,0.0,0,0,1
53,31586,1,1,50,78,50,50,50.0,0.0,78,78,78.0,0.0,4052.428291015,63.3191920471,31586.0,0.0,31586,31586,0,0.0,0.0,0,0,0,0.0,0.0,0,0,0,0,0,0,40,40,31.6595960236,31.6595960236,50,78,59.3333333333,16.1658075373,261.3333333333,0,0,0,0,0,0,0,0,1,89.0,50.0,78.0,40,0,0,0,0,0,0,1,50,1,78,-1,-1,0,40,0.0,0.0,0,0,0.0,0.0,0,0,0
60780,42,1,1,0,0,0,0,0.0,0.0,0,0,0.0,0.0,0.0,47619.0476190476,42.0,0.0,42,42,0,0.0,0.0,0,0,0,0.0,0.0,0,0,0,0,0,0,32,32,23809.5238095238,23809.5238095238,0,0,0.0,0.0,0.0,0,0,0,0,1,0,0,0,1,0.0,0.0,0.0,32,0,0,0,0,0,0,1,0,1,0,122,33304,0,32,0.0,0.0,0,0,0.0,0.0,0,0,0
80,1789857,3,7,26,11601,20,0,8.666666667,10.26320288,4380,0,1657.285714,1561.969346,6496.049684,5.587038518,198873.0,594324.9298,1783732,12,5666,2833.0,3938.584771,5618,48,1789832,298305.3333,727710.8651,1783732,12,0,0,0,0,72,152,1.676111555,3.910926962,0,4380,1057.0,1468.855269,2157535.8,0,0,0,1,0,0,0,0,2,1162.7,8.666666667,1657.285714,72,0,0,0,0,0,0,3,26,7,11601,8192,229,2,20,0.0,0.0,0,0,0.0,0.0,0,0,1
80,85,2,0,12,0,6,6,6.0,0.0,0,0,0.0,0.0,141176.4706,23529.41176,85.0,0.0,85,85,85,85.0,0.0,85,85,0,0.0,0.0,0,0,0,0,0,0,40,0,23529.41176,0.0,6,6,6.0,0.0,0.0,0,0,0,0,1,0,0,0,0,9.0,6.0,0.0,40,0,0,0,0,0,0,2,12,0,0,255,-1,1,20,0.0,0.0,0,0,0.0,0.0,0,0,0
80,85658632,6,7,324,11595,306,0,54.0,123.4892708,5792,0,1656.428571,2277.23252,139.1453461,0.151765207,7138219.333,24700000.0,85500000,1,85500000,17100000.0,38200000.0,85500000,1,85700000,14300000.0,34900000.0,85500000,87,0,0,0,0,164,232,0.07004548,0.081719727,0,5792,851.7857143,1759.74763,3096711.72,1,0,0,0,0,0,0,0,1,917.3076923,54.0,1656.428571,164,0,0,0,0,0,0,6,324,7,11595,0,235,3,20,10001.0,0.0,10001,10001,85500000.0,0.0,85500000,85500000,1
80,154538,3,5,363,11595,363,0,121.0,209.5781477,7240,0,2319.0,3331.638186,77379.02652,51.76720289,22076.85714,50687.12843,136156,53,18027,9013.5,11297.44504,17002,1025,154485,38621.25,65571.31706,136156,92,0,0,0,0,104,168,19.41270108,32.35450181,0,7240,1328.666667,2634.663878,6941453.75,0,0,0,1,0,0,0,0,1,1494.75,121.0,2319.0,104,0,0,0,0,0,0,3,363,5,11595,29200,235,1,32,0.0,0.0,0,0,0.0,0.0,0,0,1
37450,163,1,2,0,0,0,0,0.0,0.0,0,0,0.0,0.0,0.0,18404.90798,81.5,112.4299782,161,2,0,0.0,0.0,0,0,2,2.0,0.0,2,2,0,0,0,0,32,64,6134.969325,12269.93865,0,0,0.0,0.0,0.0,0,0,0,0,1,1,0,0,2,0.0,0.0,0.0,32,0,0,0,0,0,0,1,0,2,0,395,229,0,32,0.0,0.0,0,0,0.0,0.0,0,0,0
53,31587,2,2,74,288,37,37,37.0,0.0,144,144,144.0,0.0,11460.41093,126.6343749,10529.0,18232.43289,31582,1,1,1.0,0.0,1,1,4,4.0,0.0,4,4,0,0,0,0,64,80,63.31718745,63.31718745,37,144,79.8,58.60631365,3434.7,0,0,0,0,0,0,0,0,1,99.75,37.0,144.0,64,0,0,0,0,0,0,2,74,2,288,-1,-1,1,32,0.0,0.0,0,0,0.0,0.0,0,0,0
22,13113798,21,32,2024,2745,640,0,96.38095238,140.1821944,976,0,85.78125,220.240592,363.6627619,4.041544639,252188.4231,682793.1932,2548227,3,11300000,562846.5,989072.1858,2601515,481,13100000,423021.3226,847328.2501,2548227,3,0,0,0,0,680,1032,1.601366744,2.440177895,0,976,88.31481481,189.6409541,35963.69147,0,0,0,1,0,0,0,0,1,89.98113208,96.38095238,85.78125,680,0,0,0,0,0,0,21,2024,32,2745,29200,257,16,32,0.0,0.0,0,0,0.0,0.0,0,0,1
123,95363,1,1,48,48,48,48,48.0,0.0,48,48,48.0,0.0,1006.67974,20.97249457,95363.0,0.0,95363,95363,0,0.0,0.0,0,0,0,0.0,0.0,0,0,0,0,0,0,40,32,10.48624729,10.48624729,48,48,48.0,0.0,0.0,0,0,0,0,0,0,0,0,1,72.0,48.0,48.0,40,0,0,0,0,0,0,1,48,1,48,-1,-1,0,40,0.0,0.0,0,0,0.0,0.0,0,0,0
80,76809985,9,7,62,11601,20,0,6.888888889,5.30199124,4380,0,1657.285714,1548.670905,151.8422377,0.208306251,5120665.667,18000000.0,70200000,1,74900000,9368729.375,24600000.0,70200000,1,1870124,311687.3333,758313.6175,1859567,13,0,0,0,0,192,152,0.117172266,0.091133985,0,4380,686.4117647,1265.09412,1600463.132,0,0,0,0,1,0,0,0,0,729.3125,6.888888889,1657.285714,192,0,0,0,0,0,0,9,62,7,11601,256,229,7,20,4778819.0,0.0,4778819,4778819,70200000.0,0.0,70200000,70200000,1
80,993,4,0,6,0,6,0,1.5,3.0,0,0,0.0,0.0,6042.296073,4028.197382,331.0,567.2468598,986,3,993,331.0,567.2468598,986,3,0,0.0,0.0,0,0,0,0,0,0,116,0,4028.197382,0.0,0,6,1.2,2.683281573,7.2,0,0,0,0,1,0,0,0,0,1.5,1.5,0.0,116,0,0,0,0,0,0,4,6,0,0,274,-1,1,20,0.0,0.0,0,0,0.0,0.0,0,0,1
53,23590,2,2,68,100,34,34,34.0,0.0,50,50,50.0,0.0,7121.661721,169.5633743,7863.333333,13613.63068,23583,3,4,4.0,0.0,4,4,3,3.0,0.0,3,3,0,0,0,0,64,64,84.78168716,84.78168716,34,50,40.4,8.76356092,76.8,0,0,0,0,0,0,0,0,1,50.5,34.0,50.0,64,0,0,0,0,0,0,2,68,2,100,-1,-1,1,32,0.0,0.0,0,0,0.0,0.0,0,0,0
80,65358671,7,7,336,11595,312,0,48.0,116.447413,4344,0,1656.428571,1760.597234,182.5465515,0.214202642,5027590.077,18100000.0,65200000,2,65300000,10900000.0,26600000.0,65200000,2,65400000,10900000.0,26600000.0,65300000,49,0,0,0,0,184,232,0.107101321,0.107101321,0,4344,795.8,1424.343568,2028754.6,1,0,0,0,0,0,0,0,1,852.6428571,48.0,1656.428571,184,0,0,0,0,0,0,7,336,7,11595,0,235,4,20,37024.0,0.0,37024,37024,65200000.0,0.0,65200000,65200000,1
80,7927106,8,9,3721,5345,2273,0,465.125,889.0205586,1448,0,593.8888889,712.3226875,1143.670843,2.144540517,495444.125,1934212.888,7747875,1,179231,25604.42857,43610.25004,91104,1,7836061,979507.625,2735010.935,7747914,1,0,0,0,0,264,284,1.009195537,1.13534498,0,2273,503.6666667,764.2972936,584150.3529,0,0,0,1,0,0,0,0,1,533.2941176,465.125,593.8888889,264,0,0,0,0,0,0,8,3721,9,5345,29200,27081,2,32,179231.0,0.0,179231,179231,7747875.0,0.0,7747875,7747875,0
22,1359249,41,42,2664,6954,456,0,64.97560976,109.864573,976,0,165.5714286,320.4037958,7075.966214,61.06313118,16576.20732,106456.4249,954831,1,1359249,33981.225,159910.8198,995046,1,404310,9861.219512,26258.51272,141542,1,0,0,0,0,1328,1360,30.1637154,30.89941578,0,976,114.5,243.3458791,59217.21687,0,0,0,1,0,0,0,0,1,115.8795181,64.97560976,165.5714286,1328,0,0,0,0,0,0,41,2664,42,6954,29200,243,24,32,0.0,0.0,0,0,0.0,0.0,0,0,0
53,148,2,2,72,104,36,36,36.0,0.0,52,52,52.0,0.0,1189189.189,27027.02703,49.33333333,79.38723659,141,3,4,4.0,0.0,4,4,3,3.0,0.0,3,3,0,0,0,0,40,40,13513.51351,13513.51351,36,52,42.4,8.76356092,76.8,0,0,0,0,0,0,0,0,1,53.0,36.0,52.0,40,0,0,0,0,0,0,2,72,2,104,-1,-1,1,20,0.0,0.0,0,0,0.0,0.0,0,0,0
443,118045249,15,16,1002,4519,285,0,66.8,92.39604197,1430,0,282.4375,483.7022457,46.77020081,0.262611162,3934841.633,14900000.0,58600000,3,118000000,8431803.5,21300000.0,58700000,48,118000000,7853542.4,20700000.0,58800000,3,0,0,0,0,312,332,0.127069917,0.135541245,0,1430,172.53125,360.0967598,129669.6764,0,0,0,1,0,0,0,0,1,178.0967742,66.8,282.4375,312,0,0,0,0,0,0,15,1002,16,4519,8192,360,14,20,289043.5,73893.36574,341294,236793,58600000.0,535.9869401,58600000,58600000,0
50815,3,2,0,12,0,6,6,6.0,0.0,0,0,0.0,0.0,4000000.0,666666.6667,3.0,0.0,3,3,3,3.0,0.0,3,3,0,0.0,0.0,0,0,0,0,0,0,40,0,666666.6667,0.0,6,6,6.0,0.0,0.0,0,0,0,0,1,0,0,0,0,9.0,6.0,0.0,40,0,0,0,0,0,0,2,12,0,0,4380,-1,1,20,0.0,0.0,0,0,0.0,0.0,0,0,0
53,199,2,2,82,254,41,41,41.0,0.0,127,127,127.0,0.0,1688442.211,20100.50251,66.33333333,107.9645003,191,4,4,4.0,0.0,4,4,4,4.0,0.0,4,4,0,0,0,0,40,40,10050.25126,10050.25126,41,127,75.4,47.10413995,2218.8,0,0,0,0,0,0,0,0,1,94.25,41.0,127.0,40,0,0,0,0,0,0,2,82,2,254,-1,-1,1,20,0.0,0.0,0,0,0.0,0.0,0,0,0
80,85442130,5,7,415,11595,403,0,83.0,178.9105922,7240,0,1656.428571,2566.885263,140.5629752,0.140445937,7767466.364,25700000.0,85300000,47,85400000,21300000.0,42700000.0,85300000,1009,85400000,14200000.0,34800000.0,85300000,47,0,0,0,0,144,232,0.05851914,0.081926797,0,7240,924.3076923,1995.739729,3982977.064,1,0,0,0,0,0,0,0,1,1001.333333,83.0,1656.428571,144,0,0,0,0,0,0,5,415,7,11595,0,235,2,20,12004.0,0.0,12004,12004,85300000.0,0.0,85300000,85300000,1
2021,45,1,1,0,6,0,0,0.0,0.0,6,6,6.0,0.0,133333.3333,44444.44444,45.0,0.0,45,45,0,0.0,0.0,0,0,0,0.0,0.0,0,0,0,0,0,0,40,20,22222.22222,22222.22222,0,6,2.0,3.464101615,12.0,0,0,0,1,0,0,0,0,1,3.0,0.0,6.0,40,0,0,0,0,0,0,1,0,1,6,29200,0,0,40,0.0,0.0,0,0,0.0,0.0,0,0,1
80,115981614,16,13,366,365,282,0,22.875,69.11620649,299,0,28.07692308,81.41914347,6.30272312,0.250039631,4142200.5,4976109.765,10200000,40,116000000,7732107.6,4333167.561,10200000,50821,113000000,9380851.75,2908192.475,10200000,147640,0,0,0,0,340,268,0.1379529,0.112086731,0,299,24.36666667,72.40045882,5241.826437,0,0,0,1,0,0,0,0,0,25.20689655,22.875,28.07692308,340,0,0,0,0,0,0,16,366,13,365,29200,127,15,20,64128.0,44563.19336,198490,50388,10200000.0,55788.7849,10200000,10000000,0
53,48455,2,2,64,264,32,32,32.0,0.0,132,132,132.0,0.0,6769.167269,82.55082035,16151.66667,27969.44512,48448,3,4,4.0,0.0,4,4,3,3.0,0.0,3,3,0,0,0,0,64,40,41.27541017,41.27541017,32,132,72.0,54.77225575,3000.0,0,0,0,0,0,0,0,0,1,90.0,32.0,132.0,64,0,0,0,0,0,0,2,64,2,264,-1,-1,1,32,0.0,0.0,0,0,0.0,0.0,0,0,0
80,3,2,0,0,0,0,0,0.0,0.0,0,0,0.0,0.0,0.0,666666.6667,3.0,0.0,3,3,3,3.0,0.0,3,3,0,0.0,0.0,0,0,0,0,0,0,64,0,666666.6667,0.0,0,0,0.0,0.0,0.0,0,0,0,0,1,0,0,0,0,0.0,0.0,0.0,64,0,0,0,0,0,0,2,0,0,0,251,-1,0,32,0.0,0.0,0,0,0.0,0.0,0,0,1
443,102154,6,7,2472,3375,1817,0,412.0,716.4163594,1460,0,482.1428571,622.7333374,57237.11259,127.2588445,8512.833333,11751.67858,26583,34,77001,15400.2,13498.89318,26583,309,78329,13054.83333,20812.37174,51038,210,0,0,0,0,132,152,58.7348513,68.52399319,0,1817,417.6428571,626.1470222,392060.0934,0,0,0,1,0,0,0,0,1,449.7692308,412.0,482.1428571,132,0,0,0,0,0,0,6,2472,7,3375,8192,67,5,20,0.0,0.0,0,0,0.0,0.0,0,0,0
7103,73,1,1,2,6,2,2,2.0,0.0,6,6,6.0,0.0,109589.0411,27397.26027,73.0,0.0,73,73,0,0.0,0.0,0,0,0,0.0,0.0,0,0,0,0,0,0,24,20,13698.63014,13698.63014,2,6,3.333333333,2.309401077,5.333333333,0,0,0,1,0,0,0,0,1,5.0,2.0,6.0,24,0,0,0,0,0,0,1,2,1,6,1024,0,0,24,0.0,0.0,0,0,0.0,0.0,0,0,1
54937,61562,5,2,11601,26,8760,0,2320.2,3803.229575,20,6,13.0,9.899494937,188866.5086,113.7065073,10260.33333,16795.84037,39966,45,61562,15390.5,19188.96922,39966,92,191,191.0,0.0,191,191,0,0,0,0,124,40,81.21893376,32.4875735,0,8760,1453.375,3113.952607,9696700.839,0,0,0,1,0,0,0,0,0,1661.0,2320.2,13.0,124,0,0,0,0,0,0,5,11601,2,26,8192,256,3,20,0.0,0.0,0,0,0.0,0.0,0,0,0
443,80919728,18,18,2229,8401,983,0,123.8333333,294.0526664,3515,0,466.7222222,918.5783649,131.364752,0.444885331,2311992.229,4013891.415,10000000,3,76400000,4496381.176,4893584.635,10100000,312,80800000,4754073.706,4834775.424,10100000,3,0,0,0,0,372,456,0.222442666,0.222442666,0,3515,287.2972973,686.3205384,471035.8814,0,0,0,1,0,0,0,0,1,295.2777778,123.8333333,466.7222222,372,0,0,0,0,0,0,18,2229,18,8401,8192,130,17,20,976102.5714,1907021.216,5215247,100642,9943680.286,100982.4244,10000000,9791536,0
443,28490,2,1,12,6,6,6,6.0,0.0,6,6,6.0,0.0,631.8006318,105.3001053,14245.0,20081.83259,28445,45,45,45.0,0.0,45,45,0,0.0,0.0,0,0,0,0,0,0,40,20,70.2000702,35.1000351,6,6,6.0,0.0,0.0,0,0,0,0,1,1,0,0,0,8.0,6.0,6.0,40,0,0,0,0,0,0,2,12,1,6,256,12501,1,20,0.0,0.0,0,0,0.0,0.0,0,0,0
1198,44,1,1,0,6,0,0,0.0,0.0,6,6,6.0,0.0,136363.6364,45454.54545,44.0,0.0,44,44,0,0.0,0.0,0,0,0,0.0,0.0,0,0,0,0,0,0,40,20,22727.27273,22727.27273,0,6,2.0,3.464101615,12.0,0,0,0,1,0,0,0,0,1,3.0,0.0,6.0,40,0,0,0,0,0,0,1,0,1,6,29200,0,0,40,0.0,0.0,0,0,0.0,0.0,0,0,1
80,5773926,4,2,12,0,6,0,3.0,3.4641016151,0,0,0.0,0.0,2.0783085893,1.0391542947,1154785.2,2040195.27407702,4724225,89,5773926,1924642.0,2470291.61608281,4724225,51467,998270,998270.0,0.0,998270,998270,0,0,0,0,104,64,0.6927695298,0.3463847649,0,6,1.7142857143,2.9277002188,8.5714285714,0,0,0,1,0,0,0,0,0,2.0,3.0,0.0,104,0,0,0,0,0,0,4,12,2,0,8192,29200,2,20,0.0,0.0,0,0,0.0,0.0,0,0,0
443,41890551,6,5,36,0,6,6,6.0,0.0,0,0,0.0,0.0,0.8593823462,0.2625890502,4189055.1,5017372.14677496,10002002,92379,41890551,8378110.2,3832453.57430344,10094381,1522410,40368162,10092040.5,2608.5241676727,10094450,10089514,0,0,0,0,120,160,0.143230391,0.1193586592,0,6,3.5,3.0895719033,9.5454545455,0,0,0,0,1,0,0,0,0,3.8181818182,6.0,0.0,120,0,0,0,0,0,0,6,36,5,0,253,38,5,20,92523.0,129.5453588516,92634,92379,9999512.25,2600.3672016338,10002002,9996880,0
61900,77,1,1,2,6,2,2,2.0,0.0,6,6,6.0,0.0,103896.1039,25974.02597,77.0,0.0,77,77,0,0.0,0.0,0,0,0,0.0,0.0,0,0,0,0,0,0,24,20,12987.01299,12987.01299,2,6,3.333333333,2.309401077,5.333333333,0,0,0,1,0,0,0,0,1,5.0,2.0,6.0,24,0,0,0,0,0,0,1,2,1,6,1024,0,0,24,0.0,0.0,0,0,0.0,0.0,0,0,1
443,19049094,18,21,735,22279,312,0,40.83333333,84.0099784,1460,2,1060.904762,619.4775141,1208.141448,2.047341464,501291.9474,1878675.212,9907608,1,19000000,1120534.941,2741122.333,9907608,3,12500000,626527.55,2253051.413,10200000,1,0,0,0,0,372,424,0.94492683,1.102414635,0,1460,575.35,683.5021636,467175.2077,0,0,0,1,0,0,0,0,1,590.1025641,40.83333333,1060.904762,372,0,0,0,0,0,0,18,735,21,22279,8192,31088,17,20,1364857.5,1779354.312,2623051,106664,8159688.0,2471932.17,9907608,6411768,0
26273,37525,20,14,19897,0,1448,0,994.85,630.7562107,0,0,0.0,0.0,530233.1779,906.0626249,1137.121212,5364.568807,30308,1,37525,1975.0,7029.736561,30308,1,30609,2354.538462,8484.601784,30593,1,0,0,0,0,664,464,532.9780147,373.0846103,0,1448,568.4857143,686.9066368,471840.7277,0,0,0,1,0,0,0,0,0,585.2058824,994.85,0.0,664,0,0,0,0,0,0,20,19897,14,0,65535,362,15,32,0.0,0.0,0,0,0.0,0.0,0,0,0
80,85190814,7,6,370,11595,364,0,52.85714286,137.2193239,4344,0,1932.5,2178.085008,140.4494151,0.152598612,7099234.5,24500000.0,85000000,1,85000000,14200000.0,34700000.0,85000000,1,162159,32431.8,65085.59166,148436,55,0,0,0,0,220,200,0.082168484,0.070430129,0,4344,854.6428571,1664.894065,2771872.247,0,0,0,0,1,0,0,0,0,920.3846154,52.85714286,1932.5,220,0,0,0,0,0,0,7,370,6,11595,274,235,2,20,7.0,0.0,7,7,85000000.0,0.0,85000000,85000000,1
80,11235685,4,0,24,0,6,6,6.0,0.0,0,0,0.0,0.0,2.13605134,0.356008557,3745228.333,6483471.262,11200000,986,11200000,3745228.333,6483471.262,11200000,986,0,0.0,0.0,0,0,0,0,0,0,80,0,0.356008557,0.0,6,6,6.0,0.0,0.0,0,0,0,0,1,0,0,0,0,7.5,6.0,0.0,80,0,0,0,0,0,0,4,24,0,0,256,-1,3,20,3989.0,0.0,3989,3989,11200000.0,0.0,11200000,11200000,1
53,103610408,2,2,103,200,55,48,51.5,4.9497474683,136,64,100.0,50.9116882454,2.9244166281,0.0386061601,34536802.6666667,59736968.1934914,103515112,47354,103562466,103562466.0,0.0,103562466,103562466,103563054,103563054.0,0.0,103563054,103563054,0,0,0,0,52,64,0.0193030801,0.0193030801,48,136,71.6,36.4458502439,1328.3,0,0,0,0,0,0,0,0,1,89.5,51.5,100.0,52,0,0,0,0,0,0,2,103,2,200,-1,-1,1,20,47354.0,0.0,47354,47354,103515112.0,0.0,103515112,103515112,0
53,810,2,2,86,176,43,43,43.0,0.0,88,88,88.0,0.0,323456.7901,4938.271605,270.0,461.591811,803,3,4,4.0,0.0,4,4,3,3.0,0.0,3,3,0,0,0,0,40,64,2469.135802,2469.135802,43,88,61.0,24.64751509,607.5,0,0,0,0,0,0,0,0,1,76.25,43.0,88.0,40,0,0,0,0,0,0,2,86,2,176,-1,-1,1,20,0.0,0.0,0,0,0.0,0.0,0,0,0
80,3,2,0,0,0,0,0,0.0,0.0,0,0,0.0,0.0,0.0,666666.6667,3.0,0.0,3,3,3,3.0,0.0,3,3,0,0.0,0.0,0,0,0,0,0,0,64,0,666666.6667,0.0,0,0,0.0,0.0,0.0,0,0,0,0,1,0,0,0,0,0.0,0.0,0.0,64,0,0,0,0,0,0,2,0,0,0,251,-1,0,32,0.0,0.0,0,0,0.0,0.0,0,0,1
88,54,1,1,2,6,2,2,2.0,0.0,6,6,6.0,0.0,148148.1481,37037.03704,54.0,0.0,54,54,0,0.0,0.0,0,0,0,0.0,0.0,0,0,0,0,0,0,24,20,18518.51852,18518.51852,2,6,3.333333333,2.309401077,5.333333333,0,0,0,1,0,0,0,0,1,5.0,2.0,6.0,24,0,0,0,0,0,0,1,2,1,6,1024,0,0,24,0.0,0.0,0,0,0.0,0.0,0,0,1
443,110660291,18,16,3477,576,2873,0,193.1666666667,679.850610753,426,0,36.0,110.5260150372,36.6256040299,0.3072466166,3353342.15151515,4779105.67666596,10020746,3,110595504,6505617.88235294,4933823.99399104,10055909,229,110625160,7375010.66666667,4591778.23519278,10077811,3,0,0,0,0,584,520,0.1626599735,0.1445866431,0,2873,115.8,492.9987948917,243047.811764706,0,0,0,1,0,0,0,0,0,119.2058823529,193.1666666667,36.0,584,0,0,0,0,0,0,18,3477,16,576,29200,70,3,32,45355.8181818182,34207.6061682725,148495,34898,10008780.9090909,16380.1861067238,10020746,9959909,0
80,6223721,5,3,1226,260,1208,0,245.2,538.2278327995,254,0,86.6666666667,144.945966944,238.7639163131,1.2854046639,889103.0,2304742.07625575,6115620,55,6223721,1555930.25,3040062.9215833,6115620,172,42357,21178.5,8002.3274426882,26837,15520,0,0,0,0,112,72,0.8033779149,0.4820267489,0,1208,165.1111111111,399.7763263515,159821.111111111,0,0,0,1,0,0,0,0,0,185.75,245.2,86.6666666667,112,0,0,0,0,0,0,5,1226,3,260,8192,31,4,20,0.0,0.0,0,0,0.0,0.0,0,0,0
53,232,2,2,68,484,34,34,34.0,0.0,242,242,242.0,0.0,2379310.345,17241.37931,77.33333333,127.8840621,225,3,4,4.0,0.0,4,4,3,3.0,0.0,3,3,0,0,0,0,40,40,8620.689655,8620.689655,34,242,117.2,113.926292,12979.2,0,0,0,0,0,0,0,0,1,146.5,34.0,242.0,40,0,0,0,0,0,0,2,68,2,484,-1,-1,1,20,0.0,0.0,0,0,0.0,0.0,0,0,0
80,98498675,8,6,370,11595,370,0,46.25,130.8147545,4344,0,1932.5,1754.831473,121.4737153,0.142133892,7576821.154,27300000.0,98400000,1,98400000,14100000.0,37200000.0,98400000,1,137442,27488.4,55345.57523,126128,16,0,0,0,0,264,200,0.081219367,0.060914525,0,4344,797.6666667,1424.212146,2028380.238,0,0,0,0,1,0,0,0,0,854.6428571,46.25,1932.5,264,0,0,0,0,0,0,8,370,6,11595,274,235,1,32,5011.0,0.0,5011,5011,98400000.0,0.0,98400000,98400000,1
80,84080165,6,6,308,11595,290,0,51.33333333,116.9592522,7240,0,1932.5,3126.682571,141.5672769,0.142720938,7643651.364,25300000.0,83900000,47,84000000,16800000.0,37500000.0,83900000,994,84100000,16800000.0,37500000.0,83900000,47,0,0,0,0,164,200,0.071360469,0.071360469,0,7240,916.0769231,2244.674084,5038561.744,1,0,0,0,0,0,0,0,1,992.4166667,51.33333333,1932.5,164,0,0,0,0,0,0,6,308,6,11595,0,235,3,20,14025.0,0.0,14025,14025,83900000.0,0.0,83900000,83900000,1
1433,81,1,1,2,6,2,2,2.0,0.0,6,6,6.0,0.0,98765.4321,24691.35802,81.0,0.0,81,81,0,0.0,0.0,0,0,0,0.0,0.0,0,0,0,0,0,0,24,20,12345.67901,12345.67901,2,6,3.333333333,2.309401077,5.333333333,0,0,0,1,0,0,0,0,1,5.0,2.0,6.0,24,0,0,0,0,0,0,1,2,1,6,1024,0,0,24,0.0,0.0,0,0,0.0,0.0,0,0,1
53,281,2,2,80,180,40,40,40.0,0.0,90,90,90.0,0.0,925266.9039,14234.87544,93.66666667,119.4375709,229,3,49,49.0,0.0,49,49,3,3.0,0.0,3,3,0,0,0,0,64,64,7117.437722,7117.437722,40,90,60.0,27.38612788,750.0,0,0,0,0,0,0,0,0,1,75.0,40.0,90.0,64,0,0,0,0,0,0,2,80,2,180,-1,-1,1,32,0.0,0.0,0,0,0.0,0.0,0,0,0
80,83907102,6,7,363,11595,345,0,60.5,139.4069582,4344,0,1656.428571,1760.597234,142.514754,0.15493325,6992258.5,24200000.0,83700000,15,83800000,16800000.0,37500000.0,83700000,984,83900000,14000000.0,34200000.0,83800000,15,0,0,0,0,164,232,0.071507654,0.083425596,0,4344,854.5714286,1459.704433,2130737.033,1,0,0,0,0,0,0,0,1,920.3076923,60.5,1656.428571,164,0,0,0,0,0,0,6,363,7,11595,0,235,3,20,9999.0,0.0,9999,9999,83700000.0,0.0,83700000,83700000,1
50003,75,1,1,0,6,0,0,0.0,0.0,6,6,6.0,0.0,80000.0,26666.66667,75.0,0.0,75,75,0,0.0,0.0,0,0,0,0.0,0.0,0,0,0,0,0,0,40,20,13333.33333,13333.33333,0,6,2.0,3.464101615,12.0,0,0,0,1,0,0,0,0,1,3.0,0.0,6.0,40,0,0,0,0,0,0,1,0,1,6,29200,0,0,40,0.0,0.0,0,0,0.0,0.0,0,0,1
80,23107,1,1,0,0,0,0,0.0,0.0,0,0,0.0,0.0,0.0,86.55385814,23107.0,0.0,23107,23107,0,0.0,0.0,0,0,0,0.0,0.0,0,0,0,0,0,0,32,32,43.27692907,43.27692907,0,0,0.0,0.0,0.0,0,0,0,0,1,1,0,0,1,0.0,0.0,0.0,32,0,0,0,0,0,0,1,0,1,0,256,939,0,32,0.0,0.0,0,0,0.0,0.0,0,0,0
61308,52993,2,1,0,0,0,0,0.0,0.0,0,0,0.0,0.0,0.0,56.6112505425,26496.5,37410.8984722367,52950,43,52993,52993.0,0.0,52993,52993,0,0.0,0.0,0,0,0,0,0,0,76,32,37.740833695,18.8704168475,0,0,0.0,0.0,0.0,0,0,0,0,1,0,0,0,0,0.0,0.0,0.0,76,0,0,0,0,0,0,2,0,1,0,357,32832,0,32,0.0,0.0,0,0,0.0,0.0,0,0,0
123,109917,1,1,48,48,48,48,48.0,0.0,48,48,48.0,0.0,873.3862824,18.19554755,109917.0,0.0,109917,109917,0,0.0,0.0,0,0,0,0.0,0.0,0,0,0,0,0,0,20,32,9.097773775,9.097773775,48,48,48.0,0.0,0.0,0,0,0,0,0,0,0,0,1,72.0,48.0,48.0,20,0,0,0,0,0,0,1,48,1,48,-1,-1,0,20,0.0,0.0,0,0,0.0,0.0,0,0,0
59934,24,1,1,0,0,0,0,0.0,0.0,0,0,0.0,0.0,0.0,83333.33333,24.0,0.0,24,24,0,0.0,0.0,0,0,0,0.0,0.0,0,0,0,0,0,0,32,32,41666.66667,41666.66667,0,0,0.0,0.0,0.0,0,0,0,0,1,1,0,0,1,0.0,0.0,0.0,32,0,0,0,0,0,0,1,0,1,0,513,2062,0,32,0.0,0.0,0,0,0.0,0.0,0,0,0
80,80811008,8,4,56,11607,20,0,7.0,5.656854249,11595,0,2901.75,5795.50069,144.324397,0.148494621,7346455.273,21700000.0,72300000,6,80500000,11500000.0,27000000.0,72300000,80,352991,117663.6667,203133.828,352222,6,0,0,0,0,172,92,0.098996414,0.049498207,0,11595,897.6153846,3214.167532,10300000.0,0,0,0,0,1,0,0,0,0,972.4166667,7.0,2901.75,172,0,0,0,0,0,0,8,56,4,11607,256,229,6,20,893.0,0.0,893,893,40200000.0,45400000.0,72300000,8109680,1
4793,2,2,0,37,0,31,6,18.5,17.67766953,0,0,0.0,0.0,18500000.0,1000000.0,2.0,0.0,2,2,2,2.0,0.0,2,2,0,0.0,0.0,0,0,1,0,0,0,40,0,1000000.0,0.0,6,31,22.66666667,14.43375673,208.3333333,0,1,0,0,1,0,0,0,0,34.0,18.5,0.0,40,0,0,0,0,0,0,2,37,0,0,62,-1,1,20,0.0,0.0,0,0,0.0,0.0,0,0,0
53,49169,1,1,89,167,89,89,89.0,0.0,167,167,167.0,0.0,5206.532571,40.67603571,49169.0,0.0,49169,49169,0,0.0,0.0,0,0,0,0.0,0.0,0,0,0,0,0,0,32,32,20.33801786,20.33801786,89,167,115.0,45.033321,2028.0,0,0,0,0,0,0,0,0,1,172.5,89.0,167.0,32,0,0,0,0,0,0,1,89,1,167,-1,-1,0,32,0.0,0.0,0,0,0.0,0.0,0,0,0
80,8225773,4,0,24,0,6,6,6.0,0.0,0,0,0.0,0.0,2.917658924,0.486276487,2741924.333,4748273.262,8224758,55,8225773,2741924.333,4748273.262,8224758,55,0,0.0,0.0,0,0,0,0,0,0,80,0,0.486276487,0.0,6,6,6.0,0.0,0.0,0,0,0,0,1,0,0,0,0,7.5,6.0,0.0,80,0,0,0,0,0,0,4,24,0,0,256,-1,3,20,1015.0,0.0,1015,1015,8224758.0,0.0,8224758,8224758,1
80,7998805,5,0,30,0,6,6,6.0,0.0,0,0,0.0,0.0,3.75056024,0.625093373,1999701.25,3997395.251,7995794,3,7998805,1999701.25,3997395.251,7995794,3,0,0.0,0.0,0,0,0,0,0,0,100,0,0.625093373,0.0,6,6,6.0,0.0,0.0,0,0,0,0,1,0,0,0,0,7.2,6.0,0.0,100,0,0,0,0,0,0,5,30,0,0,256,-1,4,20,3011.0,0.0,3011,3011,7995794.0,0.0,7995794,7995794,1
57229,89,2,1,37,6,37,0,18.5,26.1629509039,6,6,6.0,0.0,483146.06741573,33707.8651685393,44.5,14.8492424049,55,34,89,89.0,0.0,89,89,0,0.0,0.0,0,0,1,0,0,0,64,20,22471.9101123596,11235.9550561798,0,37,20.0,19.7821468333,391.3333333333,0,1,0,0,1,0,0,0,0,26.6666666667,18.5,6.0,64,0,0,0,0,0,0,2,37,1,6,117,0,0,32,0.0,0.0,0,0,0.0,0.0,0,0,0
425,83,1,1,0,6,0,0,0.0,0.0,6,6,6.0,0.0,72289.15663,24096.38554,83.0,0.0,83,83,0,0.0,0.0,0,0,0,0.0,0.0,0,0,0,0,0,0,40,20,12048.19277,12048.19277,0,6,2.0,3.464101615,12.0,0,0,0,1,0,0,0,0,1,3.0,0.0,6.0,40,0,0,0,0,0,0,1,0,1,6,29200,0,0,40,0.0,0.0,0,0,0.0,0.0,0,0,1
80,3272139,2,0,374,0,187,187,187.0,0.0,0,0,0.0,0.0,114.2983229,0.611220978,3272139.0,0.0,3272139,3272139,3272139,3272139.0,0.0,3272139,3272139,0,0.0,0.0,0,0,1,0,0,0,64,0,0.611220978,0.0,187,187,187.0,0.0,0.0,0,1,0,0,1,1,0,0,0,280.5,187.0,0.0,64,0,0,0,0,0,0,2,374,0,0,229,-1,1,32,0.0,0.0,0,0,0.0,0.0,0,0,1
49948,62,1,1,0,0,0,0,0.0,0.0,0,0,0.0,0.0,0.0,32258.06452,62.0,0.0,62,62,0,0.0,0.0,0,0,0,0.0,0.0,0,0,0,0,0,0,20,20,16129.03226,16129.03226,0,0,0.0,0.0,0.0,0,0,0,0,1,1,0,0,1,0.0,0.0,0.0,20,0,0,0,0,0,0,1,0,1,0,512,256,0,20,0.0,0.0,0,0,0.0,0.0,0,0,0
80,112650,3,5,26,11607,20,0,8.666666667,10.26320288,10135,0,2321.4,4413.201989,103266.7554,71.01642255,16092.85714,42237.14985,111877,5,563,281.5,328.8046533,514,49,112604,28151.0,55817.7706,111877,5,0,0,0,0,72,112,26.63115846,44.38526409,0,10135,1292.555556,3350.634907,11200000.0,0,0,0,1,0,0,0,0,1,1454.125,8.666666667,2321.4,72,0,0,0,0,0,0,3,26,5,11607,8192,229,2,20,0.0,0.0,0,0,0.0,0.0,0,0,1
443,65400682,14,12,1030,3323,485,0,73.5714285714,156.3082331045,1368,0,276.9166666667,522.694497655,66.558938942,0.3975493711,2616027.28,4362939.85714167,10197962,40,61659575,4743044.23076923,5261164.8355809,10296001,403,65302877,5936625.18181818,5030847.61203799,10295817,410,0,0,0,0,456,396,0.214065046,0.1834843251,0,1368,161.2222222222,372.9867324237,139119.102564103,0,0,0,1,0,0,0,0,0,167.4230769231,73.5714285714,276.9166666667,456,0,0,0,0,0,0,14,1030,12,3323,29200,5170,3,32,156239.5,142700.210683446,447525,97846,10120356.3333333,83553.9926147558,10197962,9956029,0
80,3,2,0,0,0,0,0,0.0,0.0,0,0,0.0,0.0,0.0,666666.6667,3.0,0.0,3,3,3,3.0,0.0,3,3,0,0.0,0.0,0,0,0,0,0,0,64,0,666666.6667,0.0,0,0,0.0,0.0,0.0,0,0,0,0,1,0,0,0,0,0.0,0.0,0.0,64,0,0,0,0,0,0,2,0,0,0,251,-1,0,32,0.0,0.0,0,0,0.0,0.0,0,0,1
79,48,1,1,2,6,2,2,2.0,0.0,6,6,6.0,0.0,166666.6667,41666.66667,48.0,0.0,48,48,0,0.0,0.0,0,0,0,0.0,0.0,0,0,0,0,0,0,24,20,20833.33333,20833.33333,2,6,3.333333333,2.309401077,5.333333333,0,0,0,1,0,0,0,0,1,5.0,2.0,6.0,24,0,0,0,0,0,0,1,2,1,6,1024,0,0,24,0.0,0.0,0,0,0.0,0.0,0,0,1
256,140,1,1,0,6,0,0,0.0,0.0,6,6,6.0,0.0,42857.14286,14285.71429,140.0,0.0,140,140,0,0.0,0.0,0,0,0,0.0,0.0,0,0,0,0,0,0,40,20,7142.857143,7142.857143,0,6,2.0,3.464101615,12.0,0,0,0,1,0,0,0,0,1,3.0,0.0,6.0,40,0,0,0,0,0,0,1,0,1,6,29200,0,0,40,0.0,0.0,0,0,0.0,0.0,0,0,1
80,101752500,14,4,2112,11595,352,0,150.8571429,180.770512,8688,0,2898.75,4095.56617,134.7092209,0.17689983,5985441.176,23800000.0,98400000,1,102000000,7827063.154,27200000.0,98400000,1,3340160,1113386.667,1927913.137,3339549,194,0,0,0,0,456,136,0.137588757,0.039311073,0,8688,721.4210526,2038.339447,4154827.702,0,0,0,0,1,0,0,0,0,761.5,150.8571429,2898.75,456,0,0,0,0,0,0,14,2112,4,11595,274,235,6,32,879.0,0.0,879,879,98400000.0,0.0,98400000,98400000,1
57520,45,2,1,0,0,0,0,0.0,0.0,0,0,0.0,0.0,0.0,66666.66667,22.5,27.57716447,42,3,3,3.0,0.0,3,3,0,0.0,0.0,0,0,0,0,0,0,64,32,44444.44444,22222.22222,0,0,0.0,0.0,0.0,0,0,0,0,1,1,0,0,0,0.0,0.0,0.0,64,0,0,0,0,0,0,2,0,1,0,349,32832,0,32,0.0,0.0,0,0,0.0,0.0,0,0,0
53,269,2,2,66,234,33,33,33.0,0.0,117,117,117.0,0.0,1115241.63568773,14869.8884758364,89.6666666667,144.1538529951,256,1,12,12.0,0.0,12,12,1,1.0,0.0,1,1,0,0,0,0,40,40,7434.9442379182,7434.9442379182,33,117,66.6,46.0086948304,2116.8,0,0,0,0,0,0,0,0,1,83.25,33.0,117.0,40,0,0,0,0,0,0,2,66,2,234,-1,-1,1,20,0.0,0.0,0,0,0.0,0.0,0,0,0
53,574,1,1,58,110,58,58,58.0,0.0,110,110,110.0,0.0,292682.9268,3484.320557,574.0,0.0,574,574,0,0.0,0.0,0,0,0,0.0,0.0,0,0,0,0,0,0,20,20,1742.160279,1742.160279,58,110,75.33333333,30.022214,901.3333333,0,0,0,0,0,0,0,0,1,113.0,58.0,110.0,20,0,0,0,0,0,0,1,58,1,110,-1,-1,0,20,0.0,0.0,0,0,0.0,0.0,0,0,0
80,99999476,2,2,16,0,8,8,8.0,0.0,0,0,0.0,0.0,0.160000838,0.04000021,33300000.0,57700000.0,100000000,72,100000000,100000000.0,0.0,100000000,100000000,100000000,100000000.0,0.0,100000000,100000000,1,0,0,0,64,64,0.020000105,0.020000105,0,8,4.8,4.38178046,19.2,0,1,0,0,1,0,0,0,1,6.0,8.0,0.0,64,0,0,0,0,0,0,2,16,2,0,229,235,1,32,72.0,0.0,72,72,100000000.0,0.0,100000000,100000000,1
80,5445907,4,0,24,0,6,6,6.0,0.0,0,0,0.0,0.0,4.406979407,0.734496568,1815302.333,3143336.814,5444915,3,5445907,1815302.333,3143336.814,5444915,3,0,0.0,0.0,0,0,0,0,0,0,80,0,0.734496568,0.0,6,6,6.0,0.0,0.0,0,0,0,0,1,0,0,0,0,7.5,6.0,0.0,80,0,0,0,0,0,0,4,24,0,0,256,-1,3,20,992.0,0.0,992,992,5444915.0,0.0,5444915,5444915,1
80,82498403,9,6,62,11607,20,0,6.888888889,5.30199124,4380,0,1934.5,2177.344966,141.4451623,0.181821701,5892743.071,18700000.0,69900000,0,81800000,10200000.0,24500000.0,69900000,0,729571,145914.2,325635.9905,728429,3,0,0,0,0,192,132,0.109093021,0.072728681,0,4380,729.6875,1584.07667,2509298.896,0,0,0,0,1,0,0,0,0,778.3333333,6.888888889,1934.5,192,0,0,0,0,0,0,9,62,6,11607,256,229,7,20,10606.0,0.0,10606,10606,40900000.0,41000000.0,69900000,11900000,1
53,23333,1,1,48,176,48,48,48.0,0.0,176,176,176.0,0.0,9600.137145,85.71551022,23333.0,0.0,23333,23333,0,0.0,0.0,0,0,0,0.0,0.0,0,0,0,0,0,0,40,40,42.85775511,42.85775511,48,176,90.66666667,73.90083446,5461.333333,0,0,0,0,0,0,0,0,1,136.0,48.0,176.0,40,0,0,0,0,0,0,1,48,1,176,-1,-1,0,40,0.0,0.0,0,0,0.0,0.0,0,0,0
80,79231,1,1,0,0,0,0,0.0,0.0,0,0,0.0,0.0,0.0,25.24264492,79231.0,0.0,79231,79231,0,0.0,0.0,0,0,0,0.0,0.0,0,0,0,0,0,0,32,32,12.62132246,12.62132246,0,0,0.0,0.0,0.0,0,0,0,0,1,1,0,0,1,0.0,0.0,0.0,32,0,0,0,0,0,0,1,0,1,0,237,229,0,32,0.0,0.0,0,0,0.0,0.0,0,0,0
53,54278,2,2,66,594,33,33,33.0,0.0,297,297,297.0,0.0,12159.62268,73.69468293,18092.66667,31331.35574,54271,3,3,3.0,0.0,3,3,4,4.0,0.0,4,4,0,0,0,0,40,64,36.84734146,36.84734146,33,297,138.6,144.5987552,20908.8,0,0,0,0,0,0,0,0,1,173.25,33.0,297.0,40,0,0,0,0,0,0,2,66,2,594,-1,-1,1,20,0.0,0.0,0,0,0.0,0.0,0,0,0
443,485685,7,7,376,3788,201,0,53.71428571,78.68653906,1460,0,541.1428571,661.7178222,8573.458106,28.82526741,37360.38462,44350.8597,141094,55,485490,80915.0,36894.01407,141094,36508,400335,66722.5,93490.7064,226764,55,0,0,0,0,152,152,14.4126337,14.4126337,0,1460,277.6,505.5754571,255606.5429,0,0,0,1,0,0,0,0,1,297.4285714,53.71428571,541.1428571,152,0,0,0,0,0,0,7,376,7,3788,8192,60,6,20,0.0,0.0,0,0,0.0,0.0,0,0,0
53,197,2,2,70,166,35,35,35.0,0.0,83,83,83.0,0.0,1197969.543,20304.56853,65.66666667,74.76853171,148,2,2,2.0,0.0,2,2,47,47.0,0.0,47,47,0,0,0,0,40,40,10152.28426,10152.28426,35,83,54.2,26.29068276,691.2,0,0,0,0,0,0,0,0,1,67.75,35.0,83.0,40,0,0,0,0,0,0,2,70,2,166,-1,-1,1,20,0.0,0.0,0,0,0.0,0.0,0,0,0
80,86061128,7,6,313,11595,313,0,44.71428571,118.3028801,5792,0,1932.5,2537.820147,138.3667665,0.151055422,7171760.667,24500000.0,85100000,3,86100000,14300000.0,34600000.0,85100000,3,1556,311.2,458.0897292,1123,48,0,0,0,0,240,200,0.081337535,0.069717887,0,5792,850.5714286,1851.804887,3429181.341,0,0,0,0,1,0,0,0,0,916.0,44.71428571,1932.5,240,0,0,0,0,0,0,7,313,6,11595,251,235,1,32,986.0,0.0,986,986,85100000.0,0.0,85100000,85100000,1
49161,55,1,1,0,6,0,0,0.0,0.0,6,6,6.0,0.0,109090.9091,36363.63636,55.0,0.0,55,55,0,0.0,0.0,0,0,0,0.0,0.0,0,0,0,0,0,0,40,20,18181.81818,18181.81818,0,6,2.0,3.464101615,12.0,0,0,0,1,0,0,0,0,1,3.0,0.0,6.0,40,0,0,0,0,0,0,1,0,1,6,29200,0,0,40,0.0,0.0,0,0,0.0,0.0,0,0,1
80,99129670,7,6,291,11595,291,0,41.57142857,109.9876616,4344,0,1932.5,1754.831473,119.9035566,0.131141363,8260805.833,28600000.0,99100000,0,99100000,16500000.0,40500000.0,99100000,0,28405,5681.0,8173.083782,18139,48,0,0,0,0,232,200,0.07061458,0.060526783,0,4344,849.0,1462.294614,2138305.538,0,0,0,0,1,0,0,0,0,914.3076923,41.57142857,1932.5,232,0,0,0,0,0,0,7,291,6,11595,251,235,1,32,4.0,0.0,4,4,99100000.0,0.0,99100000,99100000,1
80,987,2,0,0,0,0,0,0.0,0.0,0,0,0.0,0.0,0.0,2026.342452,987.0,0.0,987,987,987,987.0,0.0,987,987,0,0.0,0.0,0,0,0,0,0,0,64,0,2026.342452,0.0,0,0,0.0,0.0,0.0,0,0,0,0,1,0,0,0,0,0.0,0.0,0.0,64,0,0,0,0,0,0,2,0,0,0,251,-1,0,32,0.0,0.0,0,0,0.0,0.0,0,0,1
34366,51,1,1,0,0,0,0,0.0,0.0,0,0,0.0,0.0,0.0,39215.68627,51.0,0.0,51,51,0,0.0,0.0,0,0,0,0.0,0.0,0,0,0,0,0,0,32,32,19607.84314,19607.84314,0,0,0.0,0.0,0.0,0,0,0,0,1,1,0,0,1,0.0,0.0,0.0,32,0,0,0,0,0,0,1,0,1,0,340,241,0,32,0.0,0.0,0,0,0.0,0.0,0,0,0
254,42,1,1,0,6,0,0,0.0,0.0,6,6,6.0,0.0,142857.1429,47619.04762,42.0,0.0,42,42,0,0.0,0.0,0,0,0,0.0,0.0,0,0,0,0,0,0,40,20,23809.52381,23809.52381,0,6,2.0,3.464101615,12.0,0,0,0,1,0,0,0,0,1,3.0,0.0,6.0,40,0,0,0,0,0,0,1,0,1,6,29200,0,0,40,0.0,0.0,0,0,0.0,0.0,0,0,1
80,4,2,0,0,0,0,0,0.0,0.0,0,0,0.0,0.0,0.0,500000.0,4.0,0.0,4,4,4,4.0,0.0,4,4,0,0.0,0.0,0,0,0,0,0,0,64,0,500000.0,0.0,0,0,0.0,0.0,0.0,0,0,0,0,1,0,0,0,0,0.0,0.0,0.0,64,0,0,0,0,0,0,2,0,0,0,251,-1,0,32,0.0,0.0,0,0,0.0,0.0,0,0,1
3644,84,1,1,6,6,6,6,6.0,0.0,6,6,6.0,0.0,142857.1429,23809.52381,84.0,0.0,84,84,0,0.0,0.0,0,0,0,0.0,0.0,0,0,0,0,0,0,20,20,11904.7619,11904.7619,6,6,6.0,0.0,0.0,0,0,0,0,1,1,0,0,1,9.0,6.0,6.0,20,0,0,0,0,0,0,1,6,1,6,237,256,0,20,0.0,0.0,0,0,0.0,0.0,0,0,1
80,3,2,0,0,0,0,0,0.0,0.0,0,0,0.0,0.0,0.0,666666.6667,3.0,0.0,3,3,3,3.0,0.0,3,3,0,0.0,0.0,0,0,0,0,0,0,64,0,666666.6667,0.0,0,0,0.0,0.0,0.0,0,0,0,0,1,0,0,0,0,0.0,0.0,0.0,64,0,0,0,0,0,0,2,0,0,0,251,-1,0,32,0.0,0.0,0,0,0.0,0.0,0,0,1
80,3,2,0,0,0,0,0,0.0,0.0,0,0,0.0,0.0,0.0,666666.6667,3.0,0.0,3,3,3,3.0,0.0,3,3,0,0.0,0.0,0,0,0,0,0,0,64,0,666666.6667,0.0,0,0,0.0,0.0,0.0,0,0,0,0,1,0,0,0,0,0.0,0.0,0.0,64,0,0,0,0,0,0,2,0,0,0,274,-1,0,32,0.0,0.0,0,0,0.0,0.0,0,0,1
443,5987852,9,11,703,3950,267,0,78.11111111,103.3022803,1448,0,359.0909091,569.9183195,777.0733144,3.340095914,315150.1053,774535.6998,3163771,6,5010507,626313.375,1172266.329,3258801,183,5892548,589254.8,1012409.139,3163771,10,0,0,0,0,296,360,1.503043161,1.837052753,0,1448,221.5714286,434.4990876,188789.4571,0,0,0,1,0,0,0,0,1,232.65,78.11111111,359.0909091,296,0,0,0,0,0,0,9,703,11,3950,29200,252,4,32,0.0,0.0,0,0,0.0,0.0,0,0,0
80,81970609,8,6,56,11607,20,0,7.0,5.656854249,5840,0,1934.5,2538.919278,142.2827053,0.170792924,6305431.462,22000000.0,79500000,3,80300000,11500000.0,30000000.0,79500000,3,1691215,338243.0,755813.4262,1690283,3,0,0,0,0,172,132,0.097595957,0.073196967,0,5840,777.9333333,1804.898987,3257660.352,0,0,0,0,1,0,0,0,0,833.5,7.0,1934.5,172,0,0,0,0,0,0,8,56,6,11607,256,229,6,20,745017.0,0.0,745017,745017,79500000.0,0.0,79500000,79500000,1
443,112190780,45,45,8137,15220,766,0,180.8222222,252.0511572,1460,0,338.2222222,443.9312953,208.1900135,0.802204958,1260570.562,3299922.066,10000000,11,112000000,2549790.455,4350080.544,10000000,47,112000000,2547491.636,4412259.475,10100000,48,0,0,0,0,920,908,0.401102479,0.401102479,0,1460,256.6703297,366.5250349,134340.6012,0,0,0,1,0,0,0,0,1,259.5222222,180.8222222,338.2222222,920,0,0,0,0,0,0,45,8137,45,15220,29200,12349,44,20,190362.9091,212505.6583,829966,108756,9997814.909,48812.21687,10000000,9853360,0
443,63,2,0,0,0,0,0,0.0,0.0,0,0,0.0,0.0,0.0,31746.03175,63.0,0.0,63,63,63,63.0,0.0,63,63,0,0.0,0.0,0,0,0,0,0,0,40,0,31746.03175,0.0,0,0,0.0,0.0,0.0,1,0,0,0,0,0,0,0,0,0.0,0.0,0.0,40,0,0,0,0,0,0,2,0,0,0,0,-1,0,20,0.0,0.0,0,0,0.0,0.0,0,0,0
80,66093567,5,7,342,11595,330,0,68.4,146.2696141,5792,0,1656.428571,2120.732252,180.6075923,0.181560786,6008506.091,19900000.0,66000000,41,66000000,16500000.0,33000000.0,66000000,1013,66100000,11000000.0,26900000.0,66000000,45,0,0,0,0,144,232,0.075650328,0.105910459,0,5792,918.6923077,1715.818239,2944032.231,1,0,0,0,0,0,0,0,1,995.25,68.4,1656.428571,144,0,0,0,0,0,0,5,342,7,11595,0,235,2,20,13994.0,0.0,13994,13994,66000000.0,0.0,66000000,66000000,1
80,10112725,4,0,24,0,6,6,6.0,0.0,0,0,0.0,0.0,2.373247567,0.395541261,3370908.333,5836857.646,10100000,975,10100000,3370908.333,5836857.646,10100000,975,0,0.0,0.0,0,0,0,0,0,0,80,0,0.395541261,0.0,6,6,6.0,0.0,0.0,0,0,0,0,1,0,0,0,0,7.5,6.0,0.0,80,0,0,0,0,0,0,4,24,0,0,256,-1,3,20,1994.0,0.0,1994,1994,10100000.0,0.0,10100000,10100000,1
9100,23,1,1,0,6,0,0,0.0,0.0,6,6,6.0,0.0,260869.5652,86956.52174,23.0,0.0,23,23,0,0.0,0.0,0,0,0,0.0,0.0,0,0,0,0,0,0,40,20,43478.26087,43478.26087,0,6,2.0,3.464101615,12.0,0,0,0,1,0,0,0,0,1,3.0,0.0,6.0,40,0,0,0,0,0,0,1,0,1,6,29200,0,0,40,0.0,0.0,0,0,0.0,0.0,0,0,1
443,1168915,3,3,0,18,0,0,0.0,0.0,6,6,6.0,0.0,15.39889556,5.132965186,233783.0,250950.374,509173,50275,1118640,559320.0,1005.505843,560031,558609,1118503,559251.5,277.892965,559448,559055,0,0,0,0,92,60,2.566482593,2.566482593,0,6,2.571428571,3.207134903,10.28571429,0,0,0,1,0,0,0,0,1,3.0,0.0,6.0,92,0,0,0,0,0,0,3,0,3,18,8192,0,0,28,0.0,0.0,0,0,0.0,0.0,0,0,0
443,116416183,116,229,3687,381829,517,0,31.78448276,108.171748,4344,0,1667.375546,774.3120481,3311.532727,2.963505512,338419.1366,1780203.24,10000000,2,116000000,1012314.635,2986514.677,10000000,4,111000000,488258.7061,2156749.046,10000000,2,0,0,0,0,3720,7336,0.996425042,1.96708047,0,4344,1114.208092,1000.390641,1000781.435,0,0,0,1,0,0,0,0,1,1117.437681,31.78448276,1667.375546,3720,0,0,0,0,0,0,116,3687,229,381829,29200,76,11,32,110184.75,245992.8659,891317,39122,9591163.5,1429016.6,10000000,5053644,0
443,32162,2,0,12,0,6,6,6.0,0.0,0,0,0.0,0.0,373.1111249,62.18518749,32162.0,0.0,32162,32162,32162,32162.0,0.0,32162,32162,0,0.0,0.0,0,0,0,0,0,0,40,0,62.18518749,0.0,6,6,6.0,0.0,0.0,0,0,0,0,1,0,0,0,0,9.0,6.0,0.0,40,0,0,0,0,0,0,2,12,0,0,16256,-1,1,20,0.0,0.0,0,0,0.0,0.0,0,0,0
80,56397,3,7,26,11607,20,0,8.666666667,10.26320288,5840,0,1658.142857,2127.59774,206269.837,177.3143962,6266.333333,18150.9021,54660,13,1256,628.0,810.3443712,1201,55,56310,9385.0,22184.57349,54660,13,0,0,0,0,72,152,53.19431885,124.1200773,0,5840,1057.545455,1846.729724,3410410.673,0,0,0,1,0,0,0,0,2,1163.3,8.666666667,1658.142857,72,0,0,0,0,0,0,3,26,7,11607,8192,229,2,20,0.0,0.0,0,0,0.0,0.0,0,0,1
21,9786139,9,15,105,188,23,0,11.66666667,9.300537619,34,0,12.53333333,14.54975045,29.94030639,2.452448305,425484.3043,1107253.123,3498514,4,6492783,811597.875,1505295.117,3543676,219,9786084,699006.0,1367078.293,3498514,4,0,0,0,0,296,488,0.919668114,1.53278019,0,34,11.72,12.58808961,158.46,0,0,0,1,0,0,0,0,1,12.20833333,11.66666667,12.53333333,296,0,0,0,0,0,0,9,105,15,188,29200,227,6,32,0.0,0.0,0,0,0.0,0.0,0,0,1
80,98687680,9,5,418,11595,418,0,46.44444444,139.3333333,8688,0,2319.0,3774.237539,121.7274537,0.141861679,7591360.0,27400000.0,98700000,1,98700000,12300000.0,34900000.0,98700000,1,15425,3856.25,5189.857826,11138,85,0,0,0,0,296,168,0.091196794,0.050664885,0,8688,800.8666667,2305.617267,5315870.981,0,0,0,0,1,0,0,0,0,858.0714286,46.44444444,2319.0,296,0,0,0,0,0,0,9,418,5,11595,251,235,1,32,1004.0,0.0,1004,1004,98700000.0,0.0,98700000,98700000,1
10082,49,1,1,0,6,0,0,0.0,0.0,6,6,6.0,0.0,122448.9796,40816.32653,49.0,0.0,49,49,0,0.0,0.0,0,0,0,0.0,0.0,0,0,0,0,0,0,40,20,20408.16327,20408.16327,0,6,2.0,3.464101615,12.0,0,0,0,1,0,0,0,0,1,3.0,0.0,6.0,40,0,0,0,0,0,0,1,0,1,6,29200,0,0,40,0.0,0.0,0,0,0.0,0.0,0,0,1
53,60474,2,2,88,230,44,44,44.0,0.0,115,115,115.0,0.0,5258.45818,66.14412806,20158.0,34869.6538,60422,4,4,4.0,0.0,4,4,48,48.0,0.0,48,48,0,0,0,0,40,40,33.07206403,33.07206403,44,115,72.4,38.88830158,1512.3,0,0,0,0,0,0,0,0,1,90.5,44.0,115.0,40,0,0,0,0,0,0,2,88,2,230,-1,-1,1,20,0.0,0.0,0,0,0.0,0.0,0,0,0
443,340858,173,304,821,463727,221,0,4.74566474,27.52660544,2920,0,1525.417763,369.4836909,1362878.383,1399.409725,716.0882353,3152.206765,49993,1,340858,1981.732558,5218.780178,49993,3,312077,1029.957096,4725.469823,73622,1,0,0,0,0,3472,6092,507.5427304,891.8669945,0,2920,971.8577406,789.6102989,623484.4242,0,0,0,1,0,0,0,0,1,973.8951782,4.74566474,1525.417763,3472,0,0,0,0,0,0,173,821,304,463727,8192,64,7,20,0.0,0.0,0,0,0.0,0.0,0,0,0
80,115923639,8,7,392,11595,386,0,49.0,136.1847485,5792,0,1656.428571,2118.227235,103.4042763,0.129395524,8280259.929,26700000.0,99800000,1,116000000,16600000.0,37200000.0,99800000,1,43894,7315.666667,13009.33597,32292,15,0,0,0,0,260,232,0.069010946,0.060384578,0,5792,749.1875,1576.835025,2486408.696,0,0,0,0,1,0,0,0,0,799.1333333,49.0,1656.428571,260,0,0,0,0,0,0,8,392,7,11595,274,235,2,20,2005.0,0.0,2005,2005,57900000.0,59300000.0,99800000,16000000,1
24,44,1,1,0,6,0,0,0.0,0.0,6,6,6.0,0.0,136363.6364,45454.54545,44.0,0.0,44,44,0,0.0,0.0,0,0,0,0.0,0.0,0,0,0,0,0,0,40,20,22727.27273,22727.27273,0,6,2.0,3.464101615,12.0,0,0,0,1,0,0,0,0,1,3.0,0.0,6.0,40,0,0,0,0,0,0,1,0,1,6,29200,0,0,40,0.0,0.0,0,0,0.0,0.0,0,0,1
61107,32,1,1,6,6,6,6,6.0,0.0,6,6,6.0,0.0,375000.0,62500.0,32.0,0.0,32,32,0,0.0,0.0,0,0,0,0.0,0.0,0,0,0,0,0,0,20,20,31250.0,31250.0,6,6,6.0,0.0,0.0,0,0,0,0,1,1,0,0,1,9.0,6.0,6.0,20,0,0,0,0,0,0,1,6,1,6,31429,63897,0,20,0.0,0.0,0,0,0.0,0.0,0,0,0
53,314,2,2,74,480,37,37,37.0,0.0,240,240,240.0,0.0,1764331.21019108,12738.8535031847,104.6666666667,175.2265200628,307,3,3,3.0,0.0,3,3,4,4.0,0.0,4,4,0,0,0,0,40,40,6369.4267515924,6369.4267515924,37,240,118.2,111.1876791735,12362.7,0,0,0,0,0,0,0,0,1,147.75,37.0,240.0,40,0,0,0,0,0,0,2,74,2,480,-1,-1,1,20,0.0,0.0,0,0,0.0,0.0,0,0,0
443,115582043,29,29,2764,22340,1071,0,95.31034483,274.7405404,2836,0,770.3448276,858.2331217,217.1963685,0.501808053,2027755.14,3983113.452,10000000,8,116000000,4126619.357,4919367.105,10000000,188,116000000,4126609.214,4923644.751,10100000,47,0,0,0,0,936,936,0.250904027,0.250904027,0,2836,425.4915254,713.5233455,509115.5646,0,0,0,1,0,0,0,0,1,432.8275862,95.31034483,770.3448276,936,0,0,0,0,0,0,29,2764,29,22340,29200,400,5,32,492715.7273,1511667.261,5050564,36733,10000000.0,1125.769167,10000000,10000000,0
80,8125631,4,0,24,0,6,6,6.0,0.0,0,0,0.0,0.0,2.953616771,0.492269462,2708543.667,4690476.174,8124639,4,8125631,2708543.667,4690476.174,8124639,4,0,0.0,0.0,0,0,0,0,0,0,80,0,0.492269462,0.0,6,6,6.0,0.0,0.0,0,0,0,0,1,0,0,0,0,7.5,6.0,0.0,80,0,0,0,0,0,0,4,24,0,0,256,-1,3,20,992.0,0.0,992,992,8124639.0,0.0,8124639,8124639,1
8007,62,1,1,0,6,0,0,0.0,0.0,6,6,6.0,0.0,96774.19355,32258.06452,62.0,0.0,62,62,0,0.0,0.0,0,0,0,0.0,0.0,0,0,0,0,0,0,40,20,16129.03226,16129.03226,0,6,2.0,3.464101615,12.0,0,0,0,1,0,0,0,0,1,3.0,0.0,6.0,40,0,0,0,0,0,0,1,0,1,6,29200,0,0,40,0.0,0.0,0,0,0.0,0.0,0,0,1
80,276064,3,4,26,11601,20,0,8.666666667,10.26320288,8760,0,2900.25,4128.319301,42117.04532,25.35643909,46010.66667,105927.4225,261947,52,13862,6931.0,9698.676611,13789,73,276012,92004.0,147334.2098,261947,184,0,0,0,0,72,92,10.86704532,14.48939376,0,8760,1453.375,3113.952607,9696700.839,0,0,0,1,0,0,0,0,1,1661.0,8.666666667,2900.25,72,0,0,0,0,0,0,3,26,4,11601,8192,229,2,20,0.0,0.0,0,0,0.0,0.0,0,0,1
9200,43,1,1,0,6,0,0,0.0,0.0,6,6,6.0,0.0,139534.8837,46511.62791,43.0,0.0,43,43,0,0.0,0.0,0,0,0,0.0,0.0,0,0,0,0,0,0,40,20,23255.81395,23255.81395,0,6,2.0,3.464101615,12.0,0,0,0,1,0,0,0,0,1,3.0,0.0,6.0,40,0,0,0,0,0,0,1,0,1,6,29200,0,0,40,0.0,0.0,0,0,0.0,0.0,0,0,1
443,102767,3,2,18,0,6,6,6.0,0.0,0,0,0.0,0.0,175.1535025835,48.6537507176,25691.75,51339.5074082004,102701,2,66,33.0,42.4264068712,63,3,102762,102762.0,0.0,102762,102762,0,0,0,0,60,64,29.1922504306,19.4615002871,0,6,4.0,3.098386677,9.6,1,0,0,0,0,0,0,0,0,4.8,6.0,0.0,60,0,0,0,0,0,0,3,18,2,0,0,118,2,20,0.0,0.0,0,0,0.0,0.0,0,0,0
80,115852797,16,14,341,2048,341,0,21.3125,85.25,2048,0,146.2857143,547.3510234,20.62099545,0.258949294,3994924.034,4969502.734,10200000,38,116000000,7723519.8,4368565.966,10200000,14570,113000000,8664690.923,3834073.585,10200000,733,0,0,0,0,520,456,0.13810629,0.120843004,0,2048,77.06451613,370.8763438,137549.2624,0,0,0,1,0,0,0,0,0,79.63333333,21.3125,146.2857143,520,0,0,0,0,0,0,16,341,14,2048,29200,340,1,32,41123.90909,15631.70692,88255,36353,10200000.0,15357.78587,10200000,10200000,0
53920,81447,2,3,12,18,6,6,6.0,0.0,6,6,6.0,0.0,368.337691996,61.3896153327,20361.75,40706.1677666911,81421,1,81447,81447.0,0.0,81447,81447,4,2.0,1.4142135624,3,1,0,0,0,0,40,60,24.5558461331,36.8337691996,6,6,6.0,0.0,0.0,0,0,0,0,1,0,0,0,1,7.2,6.0,6.0,40,0,0,0,0,0,0,2,12,3,18,67,0,1,20,0.0,0.0,0,0,0.0,0.0,0,0,0
301,49,1,1,0,6,0,0,0.0,0.0,6,6,6.0,0.0,122448.9796,40816.32653,49.0,0.0,49,49,0,0.0,0.0,0,0,0,0.0,0.0,0,0,0,0,0,0,40,20,20408.16327,20408.16327,0,6,2.0,3.464101615,12.0,0,0,0,1,0,0,0,0,1,3.0,0.0,6.0,40,0,0,0,0,0,0,1,0,1,6,29200,0,0,40,0.0,0.0,0,0,0.0,0.0,0,0,1
80,98481866,8,4,56,11601,20,0,7.0,5.656854249,8760,0,2900.25,4128.319301,118.3669692,0.121849844,8952896.909,28100000.0,93600000,3,97700000,14000000.0,35200000.0,93600000,3,785526,261842.0,446104.6063,776939,340,0,0,0,0,172,92,0.081233229,0.040616615,0,8760,897.1538462,2488.507044,6192667.308,0,0,0,0,1,0,0,0,0,971.9166667,7.0,2900.25,172,0,0,0,0,0,0,8,56,4,11601,256,229,6,20,4051954.0,0.0,4051954,4051954,93600000.0,0.0,93600000,93600000,1
135,52,1,3,6,18,6,6,6.0,0.0,6,6,6.0,0.0,461538.4615,76923.07692,17.33333333,18.87679351,38,1,0,0.0,0.0,0,0,39,19.5,26.1629509,38,1,0,0,0,0,20,60,19230.76923,57692.30769,6,6,6.0,0.0,0.0,0,0,0,0,1,1,0,0,3,7.5,6.0,6.0,20,0,0,0,0,0,0,1,6,3,18,254,2051,0,20,0.0,0.0,0,0,0.0,0.0,0,0,0
443,30356310,10,11,3499,1440,2896,0,349.9,901.3312931,1269,0,130.9090909,380.6721567,162.7009343,0.691783685,1517815.5,3621118.665,10000000,3,20500000,2278981.222,4409222.231,10100000,4,30300000,3025531.5,4804141.078,10100000,3,0,0,0,0,328,348,0.329420802,0.362362883,0,2896,224.5,657.0025549,431652.3571,0,0,0,1,0,0,0,0,1,235.1904762,349.9,130.9090909,328,0,0,0,0,0,0,10,3499,11,1440,29200,7879,4,32,200479.0,172434.3933,399589,100763,9918291.0,150718.6749,10000000,9744394,0
53,24138,2,2,70,264,35,35,35.0,0.0,132,132,132.0,0.0,13837.10332,165.7138122,8046.0,13827.83421,24013,49,76,76.0,0.0,76,76,49,49.0,0.0,49,49,0,0,0,0,64,40,82.85690612,82.85690612,35,132,73.8,53.12908808,2822.7,0,0,0,0,0,0,0,0,1,92.25,35.0,132.0,64,0,0,0,0,0,0,2,70,2,264,-1,-1,1,32,0.0,0.0,0,0,0.0,0.0,0,0,0
80,4,2,0,0,0,0,0,0.0,0.0,0,0,0.0,0.0,0.0,500000.0,4.0,0.0,4,4,4,4.0,0.0,4,4,0,0.0,0.0,0,0,0,0,0,0,64,0,500000.0,0.0,0,0,0.0,0.0,0.0,0,0,0,0,1,0,0,0,0,0.0,0.0,0.0,64,0,0,0,0,0,0,2,0,0,0,251,-1,0,32,0.0,0.0,0,0,0.0,0.0,0,0,1
53,47465,1,1,50,110,50,50,50.0,0.0,110,110,110.0,0.0,3370.904877,42.13631097,47465.0,0.0,47465,47465,0,0.0,0.0,0,0,0,0.0,0.0,0,0,0,0,0,0,40,32,21.06815548,21.06815548,50,110,70.0,34.64101615,1200.0,0,0,0,0,0,0,0,0,1,105.0,50.0,110.0,40,0,0,0,0,0,0,1,50,1,110,-1,-1,0,40,0.0,0.0,0,0,0.0,0.0,0,0,0
53,61621,2,2,78,142,39,39,39.0,0.0,71,71,71.0,0.0,3570.211454,64.91293553,20540.33333,35532.74077,61570,3,3,3.0,0.0,3,3,48,48.0,0.0,48,48,0,0,0,0,40,40,32.45646776,32.45646776,39,71,51.8,17.52712184,307.2,0,0,0,0,0,0,0,0,1,64.75,39.0,71.0,40,0,0,0,0,0,0,2,78,2,142,-1,-1,1,20,0.0,0.0,0,0,0.0,0.0,0,0,0
53,61765,2,2,68,182,34,34,34.0,0.0,91,91,91.0,0.0,4047.5997733344,64.7615963734,20588.3333333333,35653.111173267,61757,4,4,4.0,0.0,4,4,4,4.0,0.0,4,4,0,0,0,0,80,64,32.3807981867,32.3807981867,34,91,56.8,31.2201857778,974.7,0,0,0,0,0,0,0,0,1,71.0,34.0,91.0,80,0,0,0,0,0,0,2,68,2,182,-1,-1,1,40,0.0,0.0,0,0,0.0,0.0,0,0,0
53,23568,1,1,45,108,45,45,45.0,0.0,108,108,108.0,0.0,6491.85336,84.86082824,23568.0,0.0,23568,23568,0,0.0,0.0,0,0,0,0.0,0.0,0,0,0,0,0,0,32,32,42.43041412,42.43041412,45,108,66.0,36.37306696,1323.0,0,0,0,0,0,0,0,0,1,99.0,45.0,108.0,32,0,0,0,0,0,0,1,45,1,108,-1,-1,0,32,0.0,0.0,0,0,0.0,0.0,0,0,0
53,209,2,2,104,296,52,52,52.0,0.0,148,148,148.0,0.0,1913875.598,19138.75598,69.66666667,114.6051191,202,3,3,3.0,0.0,3,3,4,4.0,0.0,4,4,0,0,0,0,64,64,9569.37799,9569.37799,52,148,90.4,52.58136552,2764.8,0,0,0,0,0,0,0,0,1,113.0,52.0,148.0,64,0,0,0,0,0,0,2,104,2,296,-1,-1,1,32,0.0,0.0,0,0,0.0,0.0,0,0,0
53,60954,1,1,44,236,44,44,44.0,0.0,236,236,236.0,0.0,4593.627982,32.81162844,60954.0,0.0,60954,60954,0,0.0,0.0,0,0,0,0.0,0.0,0,0,0,0,0,0,32,20,16.40581422,16.40581422,44,236,108.0,110.8512517,12288.0,0,0,0,0,0,0,0,0,1,162.0,44.0,236.0,32,0,0,0,0,0,0,1,44,1,236,-1,-1,0,32,0.0,0.0,0,0,0.0,0.0,0,0,0
53,61257,1,1,42,74,42,42,42.0,0.0,74,74,74.0,0.0,1893.661133,32.64932987,61257.0,0.0,61257,61257,0,0.0,0.0,0,0,0,0.0,0.0,0,0,0,0,0,0,20,32,16.32466494,16.32466494,42,74,52.66666667,18.47520861,341.3333333,0,0,0,0,0,0,0,0,1,79.0,42.0,74.0,20,0,0,0,0,0,0,1,42,1,74,-1,-1,0,20,0.0,0.0,0,0,0.0,0.0,0,0,0
443,422462,14,11,1136,7845,661,0,81.14285714,182.4596297,1509,0,713.1818182,728.5390612,21258.71676,59.17692005,17602.58333,37177.17747,141833,1,422462,32497.07692,58138.12037,176202,1,251433,25143.3,37283.13124,110126,48,0,0,0,0,460,360,33.13907523,26.03784482,0,1509,345.4230769,577.0728324,333013.0538,0,0,0,1,0,0,0,0,0,359.24,81.14285714,713.1818182,460,0,0,0,0,0,0,14,1136,11,7845,65535,123,6,32,0.0,0.0,0,0,0.0,0.0,0,0,0
2001,60,1,1,0,6,0,0,0.0,0.0,6,6,6.0,0.0,100000.0,33333.33333,60.0,0.0,60,60,0,0.0,0.0,0,0,0,0.0,0.0,0,0,0,0,0,0,40,20,16666.66667,16666.66667,0,6,2.0,3.464101615,12.0,0,0,0,1,0,0,0,0,1,3.0,0.0,6.0,40,0,0,0,0,0,0,1,0,1,6,29200,0,0,40,0.0,0.0,0,0,0.0,0.0,0,0,1
80,100159717,8,6,335,11595,335,0,41.875,118.4403858,4344,0,1932.5,1754.831473,119.1097615,0.139776753,7704593.615,27700000.0,100000000,0,100000000,14300000.0,37800000.0,100000000,0,148466,29693.2,59238.04441,135190,47,0,0,0,0,264,200,0.07987243,0.059904323,0,4344,795.3333333,1424.991312,2030600.238,0,0,0,0,1,0,0,0,0,852.1428571,41.875,1932.5,264,0,0,0,0,0,0,8,335,6,11595,251,235,1,32,50.0,0.0,50,50,100000000.0,0.0,100000000,100000000,1
53,610,1,1,46,174,46,46,46.0,0.0,174,174,174.0,0.0,360655.737704918,3278.6885245902,610.0,0.0,610,610,0,0.0,0.0,0,0,0,0.0,0.0,0,0,0,0,0,0,32,32,1639.3442622951,1639.3442622951,46,174,88.6666666667,73.9008344563,5461.3333333333,0,0,0,0,0,0,0,0,1,133.0,46.0,174.0,32,0,0,0,0,0,0,1,46,1,174,-1,-1,0,32,0.0,0.0,0,0,0.0,0.0,0,0,0
443,20777505,35,30,1827,42135,712,0,52.2,170.3654895,2947,0,1404.5,801.4714377,2115.845959,3.128383316,324648.5156,1753196.147,10000000,2,20800000,611103.0882,2387109.0,10000000,49,20600000,711950.1034,2580052.716,10000000,191,0,0,0,0,1224,968,1.684514093,1.443869223,0,2947,666.0909091,873.5995866,763176.2378,0,0,0,1,0,0,0,0,0,676.3384615,52.2,1404.5,1224,0,0,0,0,0,0,35,1827,30,42135,29200,129,5,32,317625.5,424585.8023,617853,17398,10000000.0,12550.43826,10000000,9996852,0
56918,4,2,0,12,0,6,6,6.0,0.0,0,0,0.0,0.0,3000000.0,500000.0,4.0,0.0,4,4,4,4.0,0.0,4,4,0,0.0,0.0,0,0,0,0,0,0,40,0,500000.0,0.0,6,6,6.0,0.0,0.0,0,0,0,0,1,0,0,0,0,9.0,6.0,0.0,40,0,0,0,0,0,0,2,12,0,0,433,-1,1,20,0.0,0.0,0,0,0.0,0.0,0,0,0
80,86055622,6,7,385,11595,373,0,64.16666667,151.3253669,5792,0,1656.428571,2429.118623,139.2122876,0.151065087,7171301.833,24500000.0,85000000,2,86100000,17200000.0,37900000.0,85000000,4,86100000,14300000.0,35100000.0,86100000,2,0,0,0,0,184,232,0.069722348,0.081342739,0,5792,856.1428571,1849.896083,3422115.516,1,0,0,0,0,0,0,0,1,922.0,64.16666667,1656.428571,184,0,0,0,0,0,0,6,385,7,11595,0,235,2,20,11010.0,0.0,11010,11010,85000000.0,0.0,85000000,85000000,1
17988,43,1,1,0,6,0,0,0.0,0.0,6,6,6.0,0.0,139534.8837,46511.62791,43.0,0.0,43,43,0,0.0,0.0,0,0,0,0.0,0.0,0,0,0,0,0,0,40,20,23255.81395,23255.81395,0,6,2.0,3.464101615,12.0,0,0,0,1,0,0,0,0,1,3.0,0.0,6.0,40,0,0,0,0,0,0,1,0,1,6,29200,0,0,40,0.0,0.0,0,0,0.0,0.0,0,0,1
443,6209,5,0,37,0,37,0,7.4,16.5469030335,0,0,0.0,0.0,5959.0916411661,805.2826542116,1552.25,2872.5486215786,5854,1,6209,1552.25,2872.5486215786,5854,1,0,0.0,0.0,0,0,0,0,0,0,160,0,805.2826542116,0.0,0,37,6.1666666667,15.1051867472,228.1666666667,0,0,0,0,1,0,0,0,0,7.4,7.4,0.0,160,0,0,0,0,0,0,5,37,0,0,33213,-1,1,32,0.0,0.0,0,0,0.0,0.0,0,0,0
5000,61,1,1,2,6,2,2,2.0,0.0,6,6,6.0,0.0,131147.541,32786.88525,61.0,0.0,61,61,0,0.0,0.0,0,0,0,0.0,0.0,0,0,0,0,0,0,24,20,16393.44262,16393.44262,2,6,3.333333333,2.309401077,5.333333333,0,0,0,1,0,0,0,0,1,5.0,2.0,6.0,24,0,0,0,0,0,0,1,2,1,6,1024,0,0,24,0.0,0.0,0,0,0.0,0.0,0,0,1
80,5,2,0,0,0,0,0,0.0,0.0,0,0,0.0,0.0,0.0,400000.0,5.0,0.0,5,5,5,5.0,0.0,5,5,0,0.0,0.0,0,0,0,0,0,0,64,0,400000.0,0.0,0,0,0.0,0.0,0.0,0,0,0,0,1,0,0,0,0,0.0,0.0,0.0,64,0,0,0,0,0,0,2,0,0,0,274,-1,0,32,0.0,0.0,0,0,0.0,0.0,0,0,1
37131,4,2,0,31,0,31,0,15.5,21.92031022,0,0,0.0,0.0,7750000.0,500000.0,4.0,0.0,4,4,4,4.0,0.0,4,4,0,0.0,0.0,0,0,1,0,0,0,64,0,500000.0,0.0,0,31,20.66666667,17.89785834,320.3333333,0,1,0,0,1,0,0,0,0,31.0,15.5,0.0,64,0,0,0,0,0,0,2,31,0,0,292,-1,0,32,0.0,0.0,0,0,0.0,0.0,0,0,0
80,116312173,7,8,331,11595,313,0,47.28571429,117.2073864,4344,0,1449.375,1730.695396,102.5344097,0.128963286,8308012.357,26800000.0,100000000,1,116000000,19400000.0,40100000.0,100000000,97,116000000,16600000.0,44000000.0,116000000,1,0,0,0,0,204,264,0.060182867,0.068780419,0,4344,745.75,1389.783508,1931498.2,1,0,0,0,0,0,0,0,1,795.4666667,47.28571429,1449.375,204,0,0,0,0,0,0,7,331,8,11595,0,235,3,20,9000.0,0.0,9000,9000,58100000.0,59600000.0,100000000,16000000,1
80,8040831,6,0,36,0,6,6,6.0,0.0,0,0,0.0,0.0,4.47714919,0.746191532,1608166.2,3594846.471,8038823,1,8040831,1608166.2,3594846.471,8038823,1,0,0.0,0.0,0,0,0,0,0,0,120,0,0.746191532,0.0,6,6,6.0,0.0,0.0,0,0,0,0,1,0,0,0,0,7.0,6.0,0.0,120,0,0,0,0,0,0,6,36,0,0,256,-1,5,20,2008.0,0.0,2008,2008,8038823.0,0.0,8038823,8038823,1
80,116366445,16,14,472,475,388,0,29.5,95.6117147634,469,0,33.9285714286,125.2323774096,8.1380848233,0.2578062774,4012636.03448276,4872450.36163976,10014375,84,116366445,7757763.0,4104566.02027775,10047069,32839,110896947,8530534.38461538,3700814.76171312,10047321,734,0,0,0,0,332,424,0.1374966813,0.1203095961,0,469,30.5483870968,106.7888379653,11403.8559139785,0,0,0,1,0,0,0,0,0,31.5666666667,29.5,33.9285714286,332,0,0,0,0,0,0,16,472,14,475,8192,30,15,20,72569.3636363637,131878.561928217,470198,32690,10008973.0909091,17268.6161718563,10014375,9956908,0
80,98729774,7,6,383,11595,383,0,54.71428571,144.7603932,4344,0,1932.5,1754.831473,121.3210515,0.131672539,8227481.167,28500000.0,98700000,0,98700000,16400000.0,40300000.0,98700000,0,73521,14704.2,26033.77345,60181,48,0,0,0,0,232,200,0.070900598,0.060771941,0,4344,855.5714286,1459.798707,2131012.264,0,0,0,0,1,0,0,0,0,921.3846154,54.71428571,1932.5,232,0,0,0,0,0,0,7,383,6,11595,251,235,1,32,3.0,0.0,3,3,98700000.0,0.0,98700000,98700000,1
80,10793313,6,5,261,4154,261,0,43.5,106.5528038,3525,0,830.8,1530.532816,409.0495662,1.019149542,1079331.3,2276682.646,5787501,4,5812980,1162596.0,2596415.254,5807204,4,10800000,2698322.75,3124701.555,5787501,823,0,0,0,0,212,168,0.55589975,0.463249792,0,3525,367.9166667,1011.975337,1024094.083,0,0,0,1,0,0,0,0,0,401.3636364,43.5,830.8,212,0,0,0,0,0,0,6,261,5,4154,29200,235,1,32,845.0,0.0,845,845,5787501.0,0.0,5787501,5787501,1
443,115907577,65,63,4639,82457,976,0,71.36923077,238.789301,4344,0,1308.84127,945.9280339,751.4262851,1.104328149,912658.0866,2876896.013,10200000,1,116000000,1811055.891,3870281.752,10200000,2,113000000,1823274.565,3926835.25,10200000,1,0,0,0,0,2088,2024,0.560791638,0.543536511,0,4344,675.1627907,921.0043753,848249.0592,0,0,0,1,0,0,0,0,0,680.4375,71.36923077,1308.84127,2088,0,0,0,0,0,0,65,4639,63,82457,29200,1244,8,32,94501.54545,234962.4596,802940,23511,10200000.0,80713.09322,10200000,9967988,0
80,2409804,5,0,30,0,6,6,6.0,0.0,0,0,0.0,0.0,12.44914524,2.07485754,602451.0,1203091.444,2407088,235,2409804,602451.0,1203091.444,2407088,235,0,0.0,0.0,0,0,0,0,0,0,100,0,2.07485754,0.0,6,6,6.0,0.0,0.0,0,0,0,0,1,0,0,0,0,7.2,6.0,0.0,100,0,0,0,0,0,0,5,30,0,0,256,-1,4,20,0.0,0.0,0,0,0.0,0.0,0,0,1
443,3,2,0,0,0,0,0,0.0,0.0,0,0,0.0,0.0,0.0,666666.6667,3.0,0.0,3,3,3,3.0,0.0,3,3,0,0.0,0.0,0,0,0,0,0,0,40,0,666666.6667,0.0,0,0,0.0,0.0,0.0,1,0,0,0,0,0,0,0,0,0.0,0.0,0.0,40,0,0,0,0,0,0,2,0,0,0,0,-1,0,20,0.0,0.0,0,0,0.0,0.0,0,0,0
555,45,1,1,0,6,0,0,0.0,0.0,6,6,6.0,0.0,133333.3333,44444.44444,45.0,0.0,45,45,0,0.0,0.0,0,0,0,0.0,0.0,0,0,0,0,0,0,40,20,22222.22222,22222.22222,0,6,2.0,3.464101615,12.0,0,0,0,1,0,0,0,0,1,3.0,0.0,6.0,40,0,0,0,0,0,0,1,0,1,6,29200,0,0,40,0.0,0.0,0,0,0.0,0.0,0,0,1
80,324443,4,5,738,11595,369,0,184.5,213.0422493,7240,0,2319.0,3331.638186,38012.84047,27.73984953,40555.375,76234.23595,204978,3,215967,71989.0,115302.698,204978,3,324369,81092.25,103344.4557,215962,60,0,0,0,0,136,168,12.32882201,15.41102751,0,7240,1233.3,2502.223236,6261121.122,0,0,0,1,0,0,0,0,1,1370.333333,184.5,2319.0,136,0,0,0,0,0,0,4,738,5,11595,29200,235,2,32,0.0,0.0,0,0,0.0,0.0,0,0,1
80,1672,2,0,12,0,6,6,6.0,0.0,0,0,0.0,0.0,7177.033493,1196.172249,1672.0,0.0,1672,1672,1672,1672.0,0.0,1672,1672,0,0.0,0.0,0,0,0,0,0,0,40,0,1196.172249,0.0,6,6,6.0,0.0,0.0,0,0,0,0,1,0,0,0,0,9.0,6.0,0.0,40,0,0,0,0,0,0,2,12,0,0,256,-1,1,20,0.0,0.0,0,0,0.0,0.0,0,0,0
33296,753,1,1,0,0,0,0,0.0,0.0,0,0,0.0,0.0,0.0,2656.042497,753.0,0.0,753,753,0,0.0,0.0,0,0,0,0.0,0.0,0,0,0,0,0,0,32,32,1328.021248,1328.021248,0,0,0.0,0.0,0.0,0,0,0,0,1,1,0,0,1,0.0,0.0,0.0,32,0,0,0,0,0,0,1,0,1,0,227,229,0,32,0.0,0.0,0,0,0.0,0.0,0,0,0
80,312194,3,6,26,11601,20,0,8.666666667,10.26320288,5840,0,1933.5,2189.772933,37242.86822,28.8282286,39024.25,107705.7798,305537,11,6311,3155.5,3755.444115,5811,500,312147,62429.4,135928.4481,305537,11,0,0,0,0,72,132,9.609409534,19.21881907,0,5840,1162.7,1911.59573,3654198.233,0,0,0,1,0,0,0,0,2,1291.888889,8.666666667,1933.5,72,0,0,0,0,0,0,3,26,6,11601,8192,229,2,20,0.0,0.0,0,0,0.0,0.0,0,0,1
80,47256,3,5,26,11601,20,0,8.666666667,10.26320288,5840,0,2320.2,2436.833027,246042.8305,169.2906721,6750.857143,11178.87778,24122,33,24884,12442.0,16564.68346,24155,729,47223,11805.75,13523.13323,24894,124,0,0,0,0,72,112,63.48400203,105.8066701,0,5840,1291.888889,2110.95076,4456113.111,0,0,0,1,0,0,0,0,1,1453.375,8.666666667,2320.2,72,0,0,0,0,0,0,3,26,5,11601,8192,229,2,20,0.0,0.0,0,0,0.0,0.0,0,0,1
443,113136240,23,28,12372,12980,3093,0,537.9130435,1198.702629,1805,0,463.5714286,752.4592485,224.0838126,0.45078394,2262724.8,4135725.929,10000000,3,104000000,4718325.273,4978931.45,10000000,215,113000000,4189375.407,4902942.16,10000000,3,0,0,0,0,736,884,0.203294718,0.247489222,0,3093,487.5384615,962.1355019,925704.724,0,0,0,0,1,0,0,0,1,497.0980392,537.9130435,463.5714286,736,0,0,0,0,0,0,23,12372,28,12980,62264,29680,4,32,333276.9091,599790.0874,1852003,22819,9951835.818,212987.4748,10000000,9310265,0
54811,3,2,0,31,0,31,0,15.5,21.92031022,0,0,0.0,0.0,10300000.0,666666.6667,3.0,0.0,3,3,3,3.0,0.0,3,3,0,0.0,0.0,0,0,1,0,0,0,64,0,666666.6667,0.0,0,31,20.66666667,17.89785834,320.3333333,0,1,0,0,1,0,0,0,0,31.0,15.5,0.0,64,0,0,0,0,0,0,2,31,0,0,110,-1,0,32,0.0,0.0,0,0,0.0,0.0,0,0,0
2401,24,1,1,2,6,2,2,2.0,0.0,6,6,6.0,0.0,333333.3333,83333.33333,24.0,0.0,24,24,0,0.0,0.0,0,0,0,0.0,0.0,0,0,0,0,0,0,24,20,41666.66667,41666.66667,2,6,3.333333333,2.309401077,5.333333333,0,0,0,1,0,0,0,0,1,5.0,2.0,6.0,24,0,0,0,0,0,0,1,2,1,6,1024,0,0,24,0.0,0.0,0,0,0.0,0.0,0,0,1
53,60436,1,1,53,107,53,53,53.0,0.0,107,107,107.0,0.0,2647.428685,33.09285856,60436.0,0.0,60436,60436,0,0.0,0.0,0,0,0,0.0,0.0,0,0,0,0,0,0,32,20,16.54642928,16.54642928,53,107,71.0,31.17691454,972.0,0,0,0,0,0,0,0,0,1,106.5,53.0,107.0,32,0,0,0,0,0,0,1,53,1,107,-1,-1,0,32,0.0,0.0,0,0,0.0,0.0,0,0,0
53,174,2,2,94,196,47,47,47.0,0.0,98,98,98.0,0.0,1666666.66666667,22988.5057471264,58.0,60.2577795807,123,4,4,4.0,0.0,4,4,47,47.0,0.0,47,47,0,0,0,0,64,64,11494.2528735632,11494.2528735632,47,98,67.4,27.9338504328,780.3,0,0,0,0,0,0,0,0,1,84.25,47.0,98.0,64,0,0,0,0,0,0,2,94,2,196,-1,-1,1,32,0.0,0.0,0,0,0.0,0.0,0,0,0
80,85368987,7,7,384,11595,366,0,54.85714286,137.2338984,5792,0,1656.428571,2429.118623,140.3202781,0.163993981,6566845.154,23400000.0,84400000,2,85400000,14200000.0,34400000.0,84400000,421,85400000,14200000.0,34900000.0,85400000,2,0,0,0,0,204,232,0.08199699,0.08199699,0,5792,799.0,1796.187987,3226291.286,1,0,0,0,0,0,0,0,1,856.0714286,54.85714286,1656.428571,204,0,0,0,0,0,0,7,384,7,11595,0,235,3,20,10013.0,0.0,10013,10013,84400000.0,0.0,84400000,84400000,1
7002,63,1,1,0,6,0,0,0.0,0.0,6,6,6.0,0.0,95238.09524,31746.03175,63.0,0.0,63,63,0,0.0,0.0,0,0,0,0.0,0.0,0,0,0,0,0,0,40,20,15873.01587,15873.01587,0,6,2.0,3.464101615,12.0,0,0,0,1,0,0,0,0,1,3.0,0.0,6.0,40,0,0,0,0,0,0,1,0,1,6,29200,0,0,40,0.0,0.0,0,0,0.0,0.0,0,0,1
80,147616,3,6,311,11595,311,0,103.6666667,179.5559337,4344,0,1932.5,1754.831473,80655.21353,60.96900065,18452.0,47738.06193,136221,6,11026,5513.0,7788.074088,11020,6,147553,29510.6,59839.88247,136221,48,0,0,0,0,104,200,20.32300022,40.64600043,0,4344,1190.6,1623.642763,2636215.822,0,0,0,1,0,0,0,0,2,1322.888889,103.6666667,1932.5,104,0,0,0,0,0,0,3,311,6,11595,29200,235,1,32,0.0,0.0,0,0,0.0,0.0,0,0,1
53,47841,1,1,45,61,45,45,45.0,0.0,61,61,61.0,0.0,2215.672749,41.80514621,47841.0,0.0,47841,47841,0,0.0,0.0,0,0,0,0.0,0.0,0,0,0,0,0,0,32,20,20.90257311,20.90257311,45,61,50.33333333,9.237604307,85.33333333,0,0,0,0,0,0,0,0,1,75.5,45.0,61.0,32,0,0,0,0,0,0,1,45,1,61,-1,-1,0,32,0.0,0.0,0,0,0.0,0.0,0,0,0
53,169,2,2,68,252,34,34,34.0,0.0,126,126,126.0,0.0,1893491.124,23668.63905,56.33333333,91.51138363,162,3,3,3.0,0.0,3,3,4,4.0,0.0,4,4,0,0,0,0,40,40,11834.31953,11834.31953,34,126,70.8,50.39047529,2539.2,0,0,0,0,0,0,0,0,1,88.5,34.0,126.0,40,0,0,0,0,0,0,2,68,2,252,-1,-1,1,20,0.0,0.0,0,0,0.0,0.0,0,0,0
53,241,2,2,86,228,43,43,43.0,0.0,114,114,114.0,0.0,1302904.564,16597.51037,80.33333333,99.52051715,192,1,1,1.0,0.0,1,1,48,48.0,0.0,48,48,0,0,0,0,64,64,8298.755187,8298.755187,43,114,71.4,38.88830158,1512.3,0,0,0,0,0,0,0,0,1,89.25,43.0,114.0,64,0,0,0,0,0,0,2,86,2,228,-1,-1,1,32,0.0,0.0,0,0,0.0,0.0,0,0,0
443,112852,20,26,2126,43937,1527,0,106.3,353.6714354,4380,0,1689.884615,1059.945445,408171.7648,407.6135115,2507.822222,7003.882914,25055,3,112852,5939.578947,10110.55263,25526,3,77000,3080.0,8018.957876,25259,3,0,0,0,0,412,532,177.2232659,230.3902456,0,4380,980.0638298,1140.11316,1299858.018,0,0,0,1,0,0,0,0,1,1001.369565,106.3,1689.884615,412,0,0,0,0,0,0,20,2126,26,43937,8192,66,4,20,0.0,0.0,0,0,0.0,0.0,0,0,0
53,120599,1,1,55,342,55,55,55.0,0.0,342,342,342.0,0.0,3291.9012595461,16.5838854385,120599.0,0.0,120599,120599,0,0.0,0.0,0,0,0,0.0,0.0,0,0,0,0,0,0,20,32,8.2919427193,8.2919427193,55,342,150.6666666667,165.6995272574,27456.3333333333,0,0,0,0,0,0,0,0,1,226.0,55.0,342.0,20,0,0,0,0,0,0,1,55,1,342,-1,-1,0,20,0.0,0.0,0,0,0.0,0.0,0,0,0
53,205,2,2,80,196,40,40,40.0,0.0,98,98,98.0,0.0,1346341.46341463,19512.1951219512,68.3333333333,113.1606527612,199,3,3,3.0,0.0,3,3,3,3.0,0.0,3,3,0,0,0,0,64,64,9756.0975609756,9756.0975609756,40,98,63.2,31.7679083353,1009.2,0,0,0,0,0,0,0,0,1,79.0,40.0,98.0,64,0,0,0,0,0,0,2,80,2,196,-1,-1,1,32,0.0,0.0,0,0,0.0,0.0,0,0,0
53,135,2,2,62,94,31,31,31.0,0.0,47,47,47.0,0.0,1155555.556,29629.62963,45.0,71.8818475,128,3,4,4.0,0.0,4,4,3,3.0,0.0,3,3,0,0,0,0,40,40,14814.81481,14814.81481,31,47,37.4,8.76356092,76.8,0,0,0,0,0,0,0,0,1,46.75,31.0,47.0,40,0,0,0,0,0,0,2,62,2,94,-1,-1,1,20,0.0,0.0,0,0,0.0,0.0,0,0,0
443,5469836,8,5,391,3716,210,0,48.875,77.43280497,2920,0,743.2,1236.354803,750.8451807,2.376670891,455819.6667,1473994.044,5132841,3,5469836,781405.1429,1920615.084,5132841,3,100821,25205.25,28754.95131,59224,150,0,0,0,0,172,112,1.462566702,0.914104189,0,2920,293.3571429,771.2271547,594791.3242,0,0,0,1,0,0,0,0,0,315.9230769,48.875,743.2,172,0,0,0,0,0,0,8,391,5,3716,8192,119,7,20,336992.0,0.0,336992,336992,5132841.0,0.0,5132841,5132841,0
53,64491,2,2,78,272,39,39,39.0,0.0,136,136,136.0,0.0,5427.113861,62.02415841,21497.0,37188.00367,64438,4,4,4.0,0.0,4,4,49,49.0,0.0,49,49,0,0,0,0,40,40,31.0120792,31.0120792,39,136,77.8,53.12908808,2822.7,0,0,0,0,0,0,0,0,1,97.25,39.0,136.0,40,0,0,0,0,0,0,2,78,2,272,-1,-1,1,20,0.0,0.0,0,0,0.0,0.0,0,0,0
53,196,2,2,82,178,41,41,41.0,0.0,89,89,89.0,0.0,1326530.612,20408.16327,65.33333333,106.2371561,188,3,5,5.0,0.0,5,5,3,3.0,0.0,3,3,0,0,0,0,64,64,10204.08163,10204.08163,41,89,60.2,26.29068276,691.2,0,0,0,0,0,0,0,0,1,75.25,41.0,89.0,64,0,0,0,0,0,0,2,82,2,178,-1,-1,1,32,0.0,0.0,0,0,0.0,0.0,0,0,0
80,15631,2,2,12,0,6,6,6.0,0.0,0,0,0.0,0.0,767.7052012,255.9017337,5210.333333,8614.341898,15154,16,477,477.0,0.0,477,477,15615,15615.0,0.0,15615,15615,0,0,0,0,40,64,127.9508669,127.9508669,0,6,3.6,3.286335345,10.8,1,0,0,0,0,0,0,0,1,4.5,6.0,0.0,40,0,0,0,0,0,0,2,12,2,0,0,235,1,20,0.0,0.0,0,0,0.0,0.0,0,0,1
80,115933762,16,14,517,752,433,0,32.3125,106.8604815,746,0,53.71428571,199.2599495,10.94590547,0.258768451,3997715.931,4862977.53,10000000,52,116000000,7728917.467,4118007.399,10000000,160,110000000,8497341.154,3758514.115,10000000,20093,0,0,0,0,332,424,0.13800984,0.12075861,0,746,40.93548387,151.9427382,23086.5957,0,0,0,1,0,0,0,0,0,42.3,32.3125,53.71428571,332,0,0,0,0,0,0,16,517,14,752,8192,343,15,20,60343.63636,77443.89231,293845,36711,9981951.364,60704.07236,10000000,9799546,0
80,99674748,5,7,373,11595,361,0,74.6,160.1305717,4344,0,1656.428571,1947.638216,120.0705318,0.120391576,9061340.727,30000000.0,99500000,4,99500000,24900000.0,49800000.0,99500000,4,99700000,16600000.0,40600000.0,99500000,48,0,0,0,0,144,232,0.050163157,0.070228419,0,4344,921.0769231,1609.024314,2588959.244,1,0,0,0,0,0,0,0,1,997.8333333,74.6,1656.428571,144,0,0,0,0,0,0,5,373,7,11595,0,235,2,20,13991.0,0.0,13991,13991,99500000.0,0.0,99500000,99500000,1
3268,106848575,22,13,2986,6344,1305,0,135.7272727,379.2933507,2910,0,488.0,898.1484658,87.31983557,0.327566371,3142605.147,18300000.0,107000000,0,107000000,5088025.0,23300000.0,107000000,0,107000000,8904042.417,30800000.0,107000000,1,0,0,0,0,728,408,0.205898862,0.121667509,0,2910,259.1666667,627.564658,393837.4,0,0,0,1,0,0,0,0,0,266.5714286,135.7272727,488.0,728,0,0,0,0,0,0,22,2986,13,6344,65535,0,10,32,25929.0,0.0,25929,25929,107000000.0,0.0,107000000,107000000,0
53,78469,2,2,78,268,39,39,39.0,0.0,134,134,134.0,0.0,4409.384598,50.97554448,26156.33333,45297.17007,78461,4,4,4.0,0.0,4,4,4,4.0,0.0,4,4,0,0,0,0,40,40,25.48777224,25.48777224,39,134,77.0,52.03364296,2707.5,0,0,0,0,0,0,0,0,1,96.25,39.0,134.0,40,0,0,0,0,0,0,2,78,2,268,-1,-1,1,20,0.0,0.0,0,0,0.0,0.0,0,0,0
80,380,2,0,12,0,6,6,6.0,0.0,0,0,0.0,0.0,31578.94737,5263.157895,380.0,0.0,380,380,380,380.0,0.0,380,380,0,0.0,0.0,0,0,0,0,0,0,40,0,5263.157895,0.0,6,6,6.0,0.0,0.0,0,0,0,0,1,0,0,0,0,9.0,6.0,0.0,40,0,0,0,0,0,0,2,12,0,0,253,-1,1,20,0.0,0.0,0,0,0.0,0.0,0,0,0
80,168,2,0,0,0,0,0,0.0,0.0,0,0,0.0,0.0,0.0,11904.7619,168.0,0.0,168,168,168,168.0,0.0,168,168,0,0.0,0.0,0,0,0,0,0,0,64,0,11904.7619,0.0,0,0,0.0,0.0,0.0,0,0,0,0,1,0,0,0,0,0.0,0.0,0.0,64,0,0,0,0,0,0,2,0,0,0,30525,-1,0,32,0.0,0.0,0,0,0.0,0.0,0,0,0
80,99189659,6,6,290,11595,290,0,48.33333333,118.3920042,5792,0,1932.5,2181.008184,119.8209584,0.120980353,9017241.727,29900000.0,99000000,0,99000000,19800000.0,44300000.0,99000000,0,168302,33660.4,68655.21528,156135,45,0,0,0,0,200,200,0.060490177,0.060490177,0,5792,914.2307692,1717.793845,2950815.692,0,0,0,0,1,0,0,0,1,990.4166667,48.33333333,1932.5,200,0,0,0,0,0,0,6,290,6,11595,251,235,1,32,4.0,0.0,4,4,99000000.0,0.0,99000000,99000000,1
80,85848572,5,6,372,11595,366,0,74.4,163.0300586,5792,0,1932.5,2537.820147,139.396611,0.128132591,8584857.2,26800000.0,84800000,3,85800000,21500000.0,42300000.0,84800000,503,1347,269.4,463.6251719,1093,3,0,0,0,0,164,200,0.058242087,0.069890504,0,5792,997.75,1972.491739,3890723.659,1,0,0,0,0,0,0,0,1,1088.454545,74.4,1932.5,164,0,0,0,0,0,0,5,372,6,11595,0,235,1,20,0.0,0.0,0,0,84800000.0,0.0,84800000,84800000,1
22,12710629,22,33,2008,2745,640,0,91.27272727,138.1821372,976,0,83.18181818,217.2857356,373.9390081,4.327087196,235382.0185,653671.2475,2428262,3,10200000,487580.1429,890903.0793,2454092,660,12700000,397206.375,815078.2301,2428262,3,0,0,0,0,712,1064,1.730834878,2.596252318,0,976,84.875,186.8396554,34909.05682,0,0,0,1,0,0,0,0,1,86.41818182,91.27272727,83.18181818,712,0,0,0,0,0,0,22,2008,33,2745,29200,247,16,32,0.0,0.0,0,0,0.0,0.0,0,0,1
53,200,2,2,58,122,29,29,29.0,0.0,61,61,61.0,0.0,900000.0,20000.0,66.66666667,31.46956201,103,48,49,49.0,0.0,49,49,48,48.0,0.0,48,48,0,0,0,0,40,40,10000.0,10000.0,29,61,41.8,17.52712184,307.2,0,0,0,0,0,0,0,0,1,52.25,29.0,61.0,40,0,0,0,0,0,0,2,58,2,122,-1,-1,1,20,0.0,0.0,0,0,0.0,0.0,0,0,0
21,8878173,9,15,113,188,25,0,12.55555556,10.33333333,34,0,12.53333333,14.54975045,33.90337179,2.70325888,386007.5217,1003627.165,3240662,3,6176103,772012.875,1429918.963,3287321,3,8878065,634147.5,1239017.016,3240662,3,0,0,0,0,296,488,1.01372208,1.6895368,0,34,12.04,12.85975635,165.3733333,0,0,0,1,0,0,0,0,1,12.54166667,12.55555556,12.53333333,296,0,0,0,0,0,0,9,113,15,188,29200,227,6,32,0.0,0.0,0,0,0.0,0.0,0,0,1
80,10075738,5,0,30,0,6,6,6.0,0.0,0,0,0.0,0.0,2.977449394,0.496241566,2518934.5,5035198.487,10100000,10,10100000,2518934.5,5035198.487,10100000,10,0,0.0,0.0,0,0,0,0,0,0,100,0,0.496241566,0.0,6,6,6.0,0.0,0.0,0,0,0,0,1,0,0,0,0,7.2,6.0,0.0,100,0,0,0,0,0,0,5,30,0,0,256,-1,4,20,4006.0,0.0,4006,4006,10100000.0,0.0,10100000,10100000,1
80,177255,3,2,470,672,464,0,156.6666667,266.1753808,672,0,336.0,475.175757,6442.695552,28.207949,44313.75,51053.14895,89195,28,88060,44030.0,62016.09314,87882,178,89401,89401.0,0.0,89401,89401,0,0,0,0,72,52,16.9247694,11.2831796,0,672,190.3333333,299.8517411,89911.06667,0,0,0,1,0,0,0,0,0,228.4,156.6666667,336.0,72,0,0,0,0,0,0,3,470,2,672,8192,10,2,20,0.0,0.0,0,0,0.0,0.0,0,0,0
80,84902325,7,6,355,11595,355,0,50.71428571,134.1773879,5792,0,1932.5,2534.051598,140.7499736,0.153117126,7075193.75,24500000.0,84800000,1,84800000,14100000.0,34600000.0,84800000,1,147684,29536.8,54926.11821,126485,86,0,0,0,0,232,200,0.082447683,0.070669443,0,5792,853.5714286,1848.913848,3418482.418,0,0,0,0,1,0,0,0,0,919.2307692,50.71428571,1932.5,232,0,0,0,0,0,0,7,355,6,11595,274,235,1,32,3.0,0.0,3,3,84800000.0,0.0,84800000,84800000,1
80,80774835,16,16,3080,4280,682,0,192.5,290.3822767778,828,0,267.5,358.3772686244,91.1174872719,0.3961629881,2605639.83870968,4357949.60075063,10059094,36,70935214,4729014.26666667,5028764.69098868,10109499,315,80724332,5381622.13333333,5091351.39819603,10109514,1096,0,0,0,0,344,404,0.1980814941,0.1980814941,0,828,223.0303030303,320.5288096303,102738.71780303,0,0,0,1,0,0,0,0,1,230.0,192.5,267.5,344,0,0,0,0,0,0,16,3080,16,4280,8192,95,14,20,249814.285714286,366802.496837519,984784,50405,9883787.71428572,186415.496147463,10059094,9586646,0
443,119880451,16,13,974,4619,317,0,60.875,91.54443366,1460,0,355.3076923,535.7350689,46.6548128,0.241907665,4281444.679,15300000.0,58800000,4,120000000,7992030.067,20600000.0,58800000,4,120000000,9970836.417,22800000.0,59000000,4,0,0,0,0,332,268,0.133466298,0.108441367,0,1460,186.4333333,381.8099982,145778.8747,0,0,0,1,0,0,0,0,0,192.862069,60.875,355.3076923,332,0,0,0,0,0,0,16,974,13,4619,8192,16384,15,20,1206615.0,1380172.028,2182544,230686,58600000.0,237532.017,58800000,58500000,0
53,157,2,2,72,224,36,36,36.0,0.0,112,112,112.0,0.0,1885350.318,25477.70701,52.33333333,84.58329228,150,3,3,3.0,0.0,3,3,4,4.0,0.0,4,4,0,0,0,0,64,64,12738.8535,12738.8535,36,112,66.4,41.62691437,1732.8,0,0,0,0,0,0,0,0,1,83.0,36.0,112.0,64,0,0,0,0,0,0,2,72,2,224,-1,-1,1,32,0.0,0.0,0,0,0.0,0.0,0,0,0
443,5315575,8,6,351,3597,194,0,43.875,74.71170782,1428,0,599.5,666.6062556,742.7230356,2.63376963,408890.3846,1373786.103,4979414,41,5315575,759367.8571,1861618.063,4979414,49,197328,39465.6,53563.18317,101909,49,0,0,0,0,172,132,1.505011217,1.128758413,0,1428,263.2,492.3399232,242398.6,0,0,0,1,0,0,0,0,0,282.0,43.875,599.5,172,0,0,0,0,0,0,8,351,6,3597,8192,232,3,20,0.0,0.0,0,0,0.0,0.0,0,0,0
80,5002,6,0,0,0,0,0,0.0,0.0,0,0,0.0,0.0,0.0,1199.520192,1000.4,1676.256484,3998,223,5002,1000.4,1676.256484,3998,223,0,0.0,0.0,0,0,0,0,0,0,192,0,1199.520192,0.0,0,0,0.0,0.0,0.0,0,0,0,0,1,0,0,0,0,0.0,0.0,0.0,192,0,0,0,0,0,0,6,0,0,0,251,-1,0,32,0.0,0.0,0,0,0.0,0.0,0,0,1
1797,75,2,0,37,0,31,6,18.5,17.6776695297,0,0,0.0,0.0,493333.333333333,26666.6666666667,75.0,0.0,75,75,75,75.0,0.0,75,75,0,0.0,0.0,0,0,1,0,0,0,40,0,26666.6666666667,0.0,6,31,22.6666666667,14.4337567297,208.3333333333,0,1,0,0,1,0,0,0,0,34.0,18.5,0.0,40,0,0,0,0,0,0,2,37,0,0,946,-1,1,20,0.0,0.0,0,0,0.0,0.0,0,0,0
53,24358,2,2,70,102,35,35,35.0,0.0,51,51,51.0,0.0,7061.3350849824,164.2170949996,8119.3333333333,14058.7678099232,24353,1,1,1.0,0.0,1,1,4,4.0,0.0,4,4,0,0,0,0,40,40,82.1085474998,82.1085474998,35,51,41.4,8.7635609201,76.8,0,0,0,0,0,0,0,0,1,51.75,35.0,51.0,40,0,0,0,0,0,0,2,70,2,102,-1,-1,1,20,0.0,0.0,0,0,0.0,0.0,0,0,0
80,84589552,9,6,394,11595,394,0,43.77777778,131.3333333,5792,0,1932.5,2181.008184,141.7314517,0.177326864,6042110.857,22600000.0,84400000,4,84500000,10600000.0,29900000.0,84400000,4,147436,29487.2,59823.48152,136170,46,0,0,0,0,296,200,0.106396119,0.070930746,0,5792,749.3125,1578.249018,2490869.963,0,0,0,0,1,0,0,0,0,799.2666667,43.77777778,1932.5,296,0,0,0,0,0,0,9,394,6,11595,251,235,1,32,1147.0,0.0,1147,1147,84400000.0,0.0,84400000,84400000,1
443,61417,7,4,318,5520,192,0,45.4285714286,79.8892089977,2624,0,1380.0,1074.1173120288,95055.115033297,179.1035055441,6141.7,9779.4583245813,21442,11,61417,10236.1666666667,11069.0254930896,21480,82,21997,7332.3333333333,12466.4367937809,21727,50,0,0,0,0,232,136,113.9749580735,65.1285474706,0,2624,486.5,868.1923226399,753757.909090909,0,0,0,1,0,0,0,0,0,530.7272727273,45.4285714286,1380.0,232,0,0,0,0,0,0,7,318,4,5520,29200,59,2,32,0.0,0.0,0,0,0.0,0.0,0,0,0
32782,44,1,1,0,6,0,0,0.0,0.0,6,6,6.0,0.0,136363.6364,45454.54545,44.0,0.0,44,44,0,0.0,0.0,0,0,0,0.0,0.0,0,0,0,0,0,0,40,20,22727.27273,22727.27273,0,6,2.0,3.464101615,12.0,0,0,0,1,0,0,0,0,1,3.0,0.0,6.0,40,0,0,0,0,0,0,1,0,1,6,29200,0,0,40,0.0,0.0,0,0,0.0,0.0,0,0,1
80,75448485,9,8,54,48,6,6,6.0,0.0,6,6,6.0,0.0,1.351915814,0.225319302,4715530.313,4973045.979,9993335,28248,75400000,9431060.625,1667487.508,10000000,5304240,70100000,10000000.0,948.2149395,10000000,10000000,0,0,0,0,180,160,0.119286689,0.106032613,6,6,6.0,0.0,0.0,0,0,0,0,1,0,0,0,0,6.352941176,6.0,6.0,180,0,0,0,0,0,0,9,54,8,48,16309,1024,8,20,28410.85714,137.6449885,28582,28248,9992195.571,919.0576437,9993335,9991047,0
53,30740,2,2,68,158,34,34,34.0,0.0,79,79,79.0,0.0,7351.9843851659,130.1236174366,10246.6666666667,17740.8190716588,30732,4,4,4.0,0.0,4,4,4,4.0,0.0,4,4,0,0,0,0,64,64,65.0618087183,65.0618087183,34,79,52.0,24.6475150877,607.5,0,0,0,0,0,0,0,0,1,65.0,34.0,79.0,64,0,0,0,0,0,0,2,68,2,158,-1,-1,1,32,0.0,0.0,0,0,0.0,0.0,0,0,0
80,2092950,4,0,24,0,6,6,6.0,0.0,0,0,0.0,0.0,11.46706801,1.911178002,697650.0,1208361.782,2092946,1,2092950,697650.0,1208361.782,2092946,1,0,0.0,0.0,0,0,0,0,0,0,80,0,1.911178002,0.0,6,6,6.0,0.0,0.0,0,0,0,0,1,0,0,0,0,7.5,6.0,0.0,80,0,0,0,0,0,0,4,24,0,0,256,-1,3,20,0.0,0.0,0,0,0.0,0.0,0,0,1
1154,30,1,1,2,6,2,2,2.0,0.0,6,6,6.0,0.0,266666.6667,66666.66667,30.0,0.0,30,30,0,0.0,0.0,0,0,0,0.0,0.0,0,0,0,0,0,0,24,20,33333.33333,33333.33333,2,6,3.333333333,2.309401077,5.333333333,0,0,0,1,0,0,0,0,1,5.0,2.0,6.0,24,0,0,0,0,0,0,1,2,1,6,1024,0,0,24,0.0,0.0,0,0,0.0,0.0,0,0,1
80,31606132,2,2,0,0,0,0,0.0,0.0,0,0,0.0,0.0,0.0,0.12655772,10500000.0,18200000.0,31600000,70,585,585.0,0.0,585,585,31600000,31600000.0,0.0,31600000,31600000,0,0,0,0,72,80,0.06327886,0.06327886,0,0,0.0,0.0,0.0,0,0,0,1,0,0,0,0,1,0.0,0.0,0.0,72,0,0,0,0,0,0,2,0,2,0,29200,28960,0,32,585.0,0.0,585,585,31600000.0,0.0,31600000,31600000,1
443,118401,22,26,922,42837,357,0,41.90909091,91.90984666,2920,0,1647.576923,1007.706432,369583.0272,405.4019814,2519.170213,6393.480468,22913,1,118401,5638.142857,8920.791435,23211,1,96215,3848.6,8694.270374,29226,3,0,0,0,0,464,532,185.8092415,219.5927399,0,2920,893.0408163,1090.694751,1189615.04,0,0,0,1,0,0,0,0,1,911.6458333,41.90909091,1647.576923,464,0,0,0,0,0,0,22,922,26,42837,65535,31,21,20,0.0,0.0,0,0,0.0,0.0,0,0,0
53,144,2,2,72,136,36,36,36.0,0.0,68,68,68.0,0.0,1444444.444,27777.77778,48.0,76.21023553,136,4,4,4.0,0.0,4,4,4,4.0,0.0,4,4,0,0,0,0,40,40,13888.88889,13888.88889,36,68,48.8,17.52712184,307.2,0,0,0,0,0,0,0,0,1,61.0,36.0,68.0,40,0,0,0,0,0,0,2,72,2,136,-1,-1,1,20,0.0,0.0,0,0,0.0,0.0,0,0,0
80,1382085,3,4,26,11601,20,0,8.666666667,10.26320288,5840,0,2900.25,3345.636997,8412.651899,5.064811499,230347.5,558050.7341,1369420,23,12421,6210.5,8671.250458,12342,79,1382062,460687.3333,787009.6824,1369420,161,0,0,0,0,72,92,2.170633499,2.894177999,0,5840,1453.375,2681.356423,7189672.268,0,0,0,1,0,0,0,0,1,1661.0,8.666666667,2900.25,72,0,0,0,0,0,0,3,26,4,11601,8192,229,2,20,0.0,0.0,0,0,0.0,0.0,0,0,1
62546,1276368,7,2,11607,26,8760,0,1658.142857,3201.922153,20,6,13.0,9.899494937,9114.14263,7.051257944,159546.0,450839.9919,1275318,2,1276368,212728.0,520560.7088,1275318,2,82,82.0,0.0,82,82,0,0,0,0,164,40,5.484311735,1.56694621,0,8760,1163.3,2733.082592,7469740.456,0,0,0,1,0,0,0,0,0,1292.555556,1658.142857,13.0,164,0,0,0,0,0,0,7,11607,2,26,8192,256,5,20,0.0,0.0,0,0,0.0,0.0,0,0,0
80,95811689,4,6,323,11595,317,0,80.75,157.5253948,5792,0,1932.5,2181.008184,124.3898331,0.104371399,10600000.0,31900000.0,95800000,38,95800000,31900000.0,55300000.0,95800000,1012,6354,1270.8,2572.602515,5871,38,0,0,0,0,124,200,0.04174856,0.062622839,0,5792,1084.0,1826.643534,3336626.6,1,0,0,0,0,0,0,0,1,1192.4,80.75,1932.5,124,0,0,0,0,0,0,4,323,6,11595,0,235,1,20,0.0,0.0,0,0,95800000.0,0.0,95800000,95800000,1
80,494637,45,44,1432,60652,620,0,31.8222222222,123.3670224259,2836,0,1378.4545454546,470.4687150484,125514.266017302,179.9299284121,5620.875,24605.8546980384,184101,6,494637,11241.75,34083.727531249,184101,25,331279,7704.1627906977,34458.8830201543,222781,48,0,0,0,0,1448,1416,90.9758065005,88.9541219116,0,2836,689.8222222222,757.0788120074,573168.327590512,0,0,0,1,0,0,0,0,0,697.5730337079,31.8222222222,1378.4545454546,1448,0,0,0,0,0,0,45,1432,44,60652,29200,349,3,32,0.0,0.0,0,0,0.0,0.0,0,0,0
21,8339007,9,15,110,188,24,0,12.22222222,9.921917377,34,0,12.53333333,14.54975045,35.73566973,2.878040515,362565.5217,939544.7664,2844768,3,5708249,713531.125,1317690.565,2887188,4,8338919,595637.0714,1159476.082,2844768,3,0,0,0,0,296,488,1.079265193,1.798775322,0,34,11.92,12.74728729,162.4933333,0,0,0,1,0,0,0,0,1,12.41666667,12.22222222,12.53333333,296,0,0,0,0,0,0,9,110,15,188,29200,227,6,32,0.0,0.0,0,0,0.0,0.0,0,0,1
80,10035391,4,0,24,0,6,6,6.0,0.0,0,0,0.0,0.0,2.391536115,0.398589352,3345130.333,5793078.351,10000000,4,10000000,3345130.333,5793078.351,10000000,4,0,0.0,0.0,0,0,0,0,0,0,80,0,0.398589352,0.0,6,6,6.0,0.0,0.0,0,0,0,0,1,0,0,0,0,7.5,6.0,0.0,80,0,0,0,0,0,0,4,24,0,0,256,-1,3,20,990.0,0.0,990,990,10000000.0,0.0,10000000,10000000,1
53,107534577,3,3,146,404,52,45,48.66666667,3.511884584,180,110,134.6666667,39.31072797,5.114633966,0.055796007,21500000.0,32600000.0,73800000,24038,107000000,53700000.0,28400000.0,73800000,33600000,108000000,53800000.0,28400000.0,73900000,33600000,0,0,0,0,84,92,0.027898003,0.027898003,45,180,85.0,51.76227713,2679.333333,0,0,0,0,0,0,0,0,1,99.16666667,48.66666667,134.6666667,84,0,0,0,0,0,0,3,146,3,404,-1,-1,2,20,47205.0,32763.0856,70372,24038,53700000.0,28400000.0,73800000,33600000,0
443,262331,6,6,352,3782,208,0,58.6666666667,87.8604954838,1460,0,630.3333333333,677.217148828,15758.7170406852,45.7437359672,23848.2727272727,39410.5600850607,85790,48,262331,52466.2,47034.533644972,89354,110,177149,35429.8,46536.1638749908,87698,48,0,0,0,0,132,132,22.8718679836,22.8718679836,0,1460,318.0,533.9843942788,285139.333333333,0,0,0,1,0,0,0,0,1,344.5,58.6666666667,630.3333333333,132,0,0,0,0,0,0,6,352,6,3782,8192,60,5,20,0.0,0.0,0,0,0.0,0.0,0,0,0
53,31157,1,1,37,165,37,37,37.0,0.0,165,165,165.0,0.0,6483.2942837886,64.1910325128,31157.0,0.0,31157,31157,0,0.0,0.0,0,0,0,0.0,0.0,0,0,0,0,0,0,20,20,32.0955162564,32.0955162564,37,165,79.6666666667,73.9008344563,5461.3333333333,0,0,0,0,0,0,0,0,1,119.5,37.0,165.0,20,0,0,0,0,0,0,1,37,1,165,-1,-1,0,20,0.0,0.0,0,0,0.0,0.0,0,0,0
53,30532,1,1,57,73,57,57,57.0,0.0,73,73,73.0,0.0,4257.8278527447,65.5050438884,30532.0,0.0,30532,30532,0,0.0,0.0,0,0,0,0.0,0.0,0,0,0,0,0,0,44,32,32.7525219442,32.7525219442,57,73,62.3333333333,9.237604307,85.3333333333,0,0,0,0,0,0,0,0,1,93.5,57.0,73.0,44,0,0,0,0,0,0,1,57,1,73,-1,-1,0,44,0.0,0.0,0,0,0.0,0.0,0,0,0
80,31415147,4,1,0,0,0,0,0.0,0.0,0,0,0.0,0.0,0.0,0.159158892,7853786.75,15700000.0,31400000,12,31400000,10500000.0,18100000.0,31400000,12,0,0.0,0.0,0,0,0,0,0,0,144,40,0.127327114,0.031831778,0,0,0.0,0.0,0.0,0,0,0,1,1,0,0,0,0,0.0,0.0,0.0,144,0,0,0,0,0,0,4,0,1,0,28960,28960,0,32,1499.0,0.0,1499,1499,31400000.0,0.0,31400000,31400000,1
80,83859132,8,6,371,11595,371,0,46.375,131.1683079,5792,0,1932.5,2181.008184,142.6916749,0.166946636,6450702.462,23200000.0,83700000,2,83700000,12000000.0,31600000.0,83700000,2,149406,29881.2,58662.09425,134188,46,0,0,0,0,264,200,0.095398078,0.071548558,0,5792,797.7333333,1620.91872,2627377.495,0,0,0,0,1,0,0,0,0,854.7142857,46.375,1932.5,264,0,0,0,0,0,0,8,371,6,11595,274,235,1,32,996.0,0.0,996,996,83700000.0,0.0,83700000,83700000,1
80,2000,5,0,0,0,0,0,0.0,0.0,0,0,0.0,0.0,0.0,2500.0,500.0,574.0005807,1011,2,2000,500.0,574.0005807,1011,2,0,0.0,0.0,0,0,0,0,0,0,160,0,2500.0,0.0,0,0,0.0,0.0,0.0,0,0,0,0,1,0,0,0,0,0.0,0.0,0.0,160,0,0,0,0,0,0,5,0,0,0,274,-1,0,32,0.0,0.0,0,0,0.0,0.0,0,0,1
80,23579328,4,0,24,0,6,6,6.0,0.0,0,0,0.0,0.0,1.017840712,0.169640119,7859776.0,13600000.0,23600000,986,23600000,7859776.0,13600000.0,23600000,986,0,0.0,0.0,0,0,0,0,0,0,80,0,0.169640119,0.0,6,6,6.0,0.0,0.0,0,0,0,0,1,0,0,0,0,7.5,6.0,0.0,80,0,0,0,0,0,0,4,24,0,0,256,-1,3,20,1973.0,0.0,1973,1973,23600000.0,0.0,23600000,23600000,1
53,61368,4,2,148,222,37,37,37.0,0.0,111,111,111.0,0.0,6029.200886,97.77082519,12273.6,17346.58346,36779,3,24586,8195.333333,14188.67155,24579,3,3,3.0,0.0,3,3,0,0,0,0,80,64,65.18055012,32.59027506,37,111,58.14285714,36.1083027,1303.809524,0,0,0,0,0,0,0,0,0,67.83333333,37.0,111.0,80,0,0,0,0,0,0,4,148,2,222,-1,-1,3,20,0.0,0.0,0,0,0.0,0.0,0,0,0
80,83572972,6,8,365,11595,347,0,60.83333333,140.2232743,4344,0,1449.375,1729.380148,143.1084681,0.167518274,6428690.154,23100000.0,83400000,3,83400000,16700000.0,37300000.0,83400000,3,83600000,11900000.0,31500000.0,83400000,12,0,0,0,0,164,264,0.071793546,0.095724728,0,4344,797.7333333,1422.163064,2022547.781,1,0,0,0,0,0,0,0,1,854.7142857,60.83333333,1449.375,164,0,0,0,0,0,0,6,365,8,11595,0,235,3,20,12983.0,0.0,12983,12983,83400000.0,0.0,83400000,83400000,1
80,85206193,5,7,342,11595,330,0,68.4,146.2696141,4344,0,1656.428571,1760.597234,140.0954506,0.140834833,7746017.545,25600000.0,85000000,4,85100000,21300000.0,42500000.0,85000000,4,85200000,14200000.0,34700000.0,85100000,38,0,0,0,0,144,232,0.058681181,0.082153653,0,4344,918.6923077,1498.376087,2245130.897,1,0,0,0,0,0,0,0,1,995.25,68.4,1656.428571,144,0,0,0,0,0,0,5,342,7,11595,0,235,2,20,11992.0,0.0,11992,11992,85000000.0,0.0,85000000,85000000,1
443,179664,21,30,887,39371,405,0,42.23809524,103.9768747,2896,0,1312.366667,674.4172188,224073.8267,283.8632113,3593.28,8848.930555,31203,1,179664,8983.2,12885.39785,32898,1,146651,5056.931034,13848.63416,53401,39,0,0,0,0,684,968,116.8848517,166.9783596,0,2896,774.1923077,815.8450698,665603.178,0,0,0,1,0,0,0,0,1,789.372549,42.23809524,1312.366667,684,0,0,0,0,0,0,21,887,30,39371,65535,122,6,32,0.0,0.0,0,0,0.0,0.0,0,0,0
55647,872,3,1,50,6,38,6,16.66666667,18.47520861,6,6,6.0,0.0,64220.18349,4587.155963,290.6666667,458.1029724,819,4,872,436.0,610.9402589,868,4,0,0.0,0.0,0,0,0,0,0,0,60,20,3440.366972,1146.788991,6,38,12.4,14.31083506,204.8,0,0,0,0,1,0,0,0,0,15.5,16.66666667,6.0,60,0,0,0,0,0,0,3,50,1,6,351,0,2,20,0.0,0.0,0,0,0.0,0.0,0,0,0
4567,90,1,1,0,6,0,0,0.0,0.0,6,6,6.0,0.0,66666.66667,22222.22222,90.0,0.0,90,90,0,0.0,0.0,0,0,0,0.0,0.0,0,0,0,0,0,0,40,20,11111.11111,11111.11111,0,6,2.0,3.464101615,12.0,0,0,0,1,0,0,0,0,1,3.0,0.0,6.0,40,0,0,0,0,0,0,1,0,1,6,29200,0,0,40,0.0,0.0,0,0,0.0,0.0,0,0,1
80,100224678,8,6,367,11595,367,0,45.875,129.7540943,4344,0,1932.5,1754.831473,119.3518427,0.139686156,7709590.615,27800000.0,100000000,1,100000000,14300000.0,37800000.0,100000000,1,152414,30482.8,60477.86696,138132,47,0,0,0,0,264,200,0.079820661,0.059865495,0,4344,797.4666667,1424.276702,2028564.124,0,0,0,0,1,0,0,0,0,854.4285714,45.875,1932.5,264,0,0,0,0,0,0,8,367,6,11595,251,235,1,32,1010.0,0.0,1010,1010,100000000.0,0.0,100000000,100000000,1
443,116292,10,4,736,975,485,0,73.6,152.495682999,837,0,243.75,400.8144832713,14712.9639184123,120.3866130086,8945.5384615385,13545.8434499012,32349,49,116292,12921.3333333333,17383.6052647315,41884,49,76033,25344.3333333333,13582.4098868107,33536,9666,0,0,0,0,332,136,85.9904378633,34.3961751453,0,837,114.0666666667,237.2323956036,56279.2095238095,0,0,0,1,0,0,0,0,0,122.2142857143,73.6,243.75,332,0,0,0,0,0,0,10,736,4,975,65535,61,5,32,0.0,0.0,0,0,0.0,0.0,0,0,0
80,83634157,8,6,374,11595,374,0,46.75,132.2289681,4344,0,1932.5,1754.831473,143.1113845,0.167395721,6433396.692,23200000.0,83500000,1,83500000,11900000.0,31600000.0,83500000,1,146506,29301.2,57768.18935,132065,49,0,0,0,0,264,200,0.095654698,0.071741023,0,4344,797.9333333,1424.126723,2028136.924,0,0,0,0,1,0,0,0,0,854.9285714,46.75,1932.5,264,0,0,0,0,0,0,8,374,6,11595,274,235,1,32,997.0,0.0,997,997,83500000.0,0.0,83500000,83500000,1
80,98356718,6,7,378,11595,360,0,63.0,145.5293785,5792,0,1656.428571,2120.732252,121.7303733,0.132171958,8196393.167,28400000.0,98300000,1,98400000,19700000.0,44000000.0,98300000,1,98400000,16400000.0,40100000.0,98300000,47,0,0,0,0,164,232,0.061002442,0.071169516,0,5792,855.6428571,1665.748139,2774716.863,1,0,0,0,0,0,0,0,1,921.4615385,63.0,1656.428571,164,0,0,0,0,0,0,6,378,7,11595,0,235,3,20,12986.0,0.0,12986,12986,98300000.0,0.0,98300000,98300000,1
49161,59,1,1,2,6,2,2,2.0,0.0,6,6,6.0,0.0,135593.2203,33898.30508,59.0,0.0,59,59,0,0.0,0.0,0,0,0,0.0,0.0,0,0,0,0,0,0,24,20,16949.15254,16949.15254,2,6,3.333333333,2.309401077,5.333333333,0,0,0,1,0,0,0,0,1,5.0,2.0,6.0,24,0,0,0,0,0,0,1,2,1,6,1024,0,0,24,0.0,0.0,0,0,0.0,0.0,0,0,1
53,180,2,2,64,96,32,32,32.0,0.0,48,48,48.0,0.0,888888.8889,22222.22222,60.0,98.72689603,174,3,3,3.0,0.0,3,3,3,3.0,0.0,3,3,0,0,0,0,64,64,11111.11111,11111.11111,32,48,38.4,8.76356092,76.8,0,0,0,0,0,0,0,0,1,48.0,32.0,48.0,64,0,0,0,0,0,0,2,64,2,96,-1,-1,1,32,0.0,0.0,0,0,0.0,0.0,0,0,0
80,800023,3,5,26,11607,20,0,8.666666667,10.26320288,5840,0,2321.4,3173.373883,14540.83195,9.999712508,114289.0,301911.1529,798959,8,740,370.0,328.0975465,602,138,800003,200000.75,399305.6616,798959,8,0,0,0,0,72,112,3.749892191,6.249820318,0,5840,1292.555556,2554.159212,6523729.278,0,0,0,1,0,0,0,0,1,1454.125,8.666666667,2321.4,72,0,0,0,0,0,0,3,26,5,11607,8192,229,2,20,0.0,0.0,0,0,0.0,0.0,0,0,1
59907,3,2,0,37,0,37,0,18.5,26.1629509039,0,0,0.0,0.0,12333333.3333333,666666.666666667,3.0,0.0,3,3,3,3.0,0.0,3,3,0,0.0,0.0,0,0,1,0,0,0,64,0,666666.666666667,0.0,0,37,24.6666666667,21.36195996,456.3333333333,0,1,0,0,1,0,0,0,0,37.0,18.5,0.0,64,0,0,0,0,0,0,2,37,0,0,972,-1,0,32,0.0,0.0,0,0,0.0,0.0,0,0,0
80,97531379,9,7,323,11595,323,0,35.88888889,107.6666667,4344,0,1656.428571,1757.579003,122.1965702,0.164049767,6502091.933,25100000.0,97400000,1,97400000,12200000.0,34400000.0,97400000,1,150006,25001.0,56245.68058,139526,16,0,0,0,0,296,232,0.092277994,0.071771773,0,4344,701.0588235,1357.615164,1843118.934,0,0,0,0,1,0,0,0,0,744.875,35.88888889,1656.428571,296,0,0,0,0,0,0,9,323,7,11595,251,235,1,32,1035.0,0.0,1035,1035,97400000.0,0.0,97400000,97400000,1
80,99465844,8,6,56,11601,20,0,7.0,5.656854249,4380,0,1933.5,1757.789948,117.1960095,0.140751834,7651218.769,26800000.0,97000000,1,98900000,14100000.0,36500000.0,97000000,1,544628,108925.6,229583.2742,519155,15,0,0,0,0,172,132,0.08042962,0.060322215,0,4380,777.5333333,1434.571657,2057995.838,0,0,0,0,1,0,0,0,0,833.0714286,7.0,1933.5,172,0,0,0,0,0,0,8,56,6,11601,256,229,6,20,1962015.0,0.0,1962015,1962015,97000000.0,0.0,97000000,97000000,1
1300,60,1,1,0,6,0,0,0.0,0.0,6,6,6.0,0.0,100000.0,33333.33333,60.0,0.0,60,60,0,0.0,0.0,0,0,0,0.0,0.0,0,0,0,0,0,0,40,20,16666.66667,16666.66667,0,6,2.0,3.464101615,12.0,0,0,0,1,0,0,0,0,1,3.0,0.0,6.0,40,0,0,0,0,0,0,1,0,1,6,29200,0,0,40,0.0,0.0,0,0,0.0,0.0,0,0,1
80,98005760,7,6,317,11595,317,0,45.28571429,119.8147379,5792,0,1932.5,2181.008184,121.5438766,0.132645265,8167146.667,28300000.0,97900000,1,98000000,16300000.0,40000000.0,97900000,1,62494,12498.8,22113.74536,51133,46,0,0,0,0,232,200,0.071424373,0.061220892,0,5792,850.8571429,1667.711461,2781261.516,0,0,0,0,1,0,0,0,0,916.3076923,45.28571429,1932.5,232,0,0,0,0,0,0,7,317,6,11595,274,235,1,32,5.0,0.0,5,5,97900000.0,0.0,97900000,97900000,1
53,81578,4,2,188,542,47,47,47.0,0.0,271,271,271.0,0.0,8948.491015,73.54924122,16315.6,26627.87698,61284,3,61291,20430.33333,35380.31317,61284,3,3,3.0,0.0,3,3,0,0,0,0,80,40,49.03282748,24.51641374,47,271,111.0,109.3008082,11946.66667,0,0,0,0,0,0,0,0,0,129.5,47.0,271.0,80,0,0,0,0,0,0,4,188,2,542,-1,-1,3,20,0.0,0.0,0,0,0.0,0.0,0,0,0
1034,54,1,1,2,6,2,2,2.0,0.0,6,6,6.0,0.0,148148.1481,37037.03704,54.0,0.0,54,54,0,0.0,0.0,0,0,0,0.0,0.0,0,0,0,0,0,0,24,20,18518.51852,18518.51852,2,6,3.333333333,2.309401077,5.333333333,0,0,0,1,0,0,0,0,1,5.0,2.0,6.0,24,0,0,0,0,0,0,1,2,1,6,1024,0,0,24,0.0,0.0,0,0,0.0,0.0,0,0,1
53,60765,2,2,60,320,30,30,30.0,0.0,160,160,160.0,0.0,6253.599934,65.82736773,20255.0,35075.7609,60757,4,4,4.0,0.0,4,4,4,4.0,0.0,4,4,0,0,0,0,64,64,32.91368386,32.91368386,30,160,82.0,71.20393248,5070.0,0,0,0,0,0,0,0,0,1,102.5,30.0,160.0,64,0,0,0,0,0,0,2,60,2,320,-1,-1,1,32,0.0,0.0,0,0,0.0,0.0,0,0,0
1085,37,2,2,4,12,2,2,2.0,0.0,6,6,6.0,0.0,432432.4324,108108.1081,12.33333333,18.7705443,34,1,2,2.0,0.0,2,2,1,1.0,0.0,1,1,0,0,0,0,48,40,54054.05405,54054.05405,2,6,3.6,2.19089023,4.8,0,0,0,1,0,0,0,0,1,4.5,2.0,6.0,48,0,0,0,0,0,0,2,4,2,12,1024,0,1,24,0.0,0.0,0,0,0.0,0.0,0,0,0
80,100017668,6,6,329,11595,329,0,54.83333333,134.3136876,4344,0,1932.5,1754.831473,119.2189364,0.119978802,9092515.273,30100000.0,99900000,10,99900000,20000000.0,44700000.0,99900000,10,127445,25489.0,50874.72915,116096,13,0,0,0,0,200,200,0.059989401,0.059989401,0,4344,917.2307692,1499.324468,2247973.859,0,0,0,0,1,0,0,0,1,993.6666667,54.83333333,1932.5,200,0,0,0,0,0,0,6,329,6,11595,251,235,1,32,384.0,0.0,384,384,99900000.0,0.0,99900000,99900000,1
53,154,2,2,80,112,40,40,40.0,0.0,56,56,56.0,0.0,1246753.247,25974.02597,51.33333333,83.71578903,148,3,3,3.0,0.0,3,3,3,3.0,0.0,3,3,0,0,0,0,40,40,12987.01299,12987.01299,40,56,46.4,8.76356092,76.8,0,0,0,0,0,0,0,0,1,58.0,40.0,56.0,40,0,0,0,0,0,0,2,80,2,112,-1,-1,1,20,0.0,0.0,0,0,0.0,0.0,0,0,0
40266,55,1,1,0,0,0,0,0.0,0.0,0,0,0.0,0.0,0.0,36363.63636,55.0,0.0,55,55,0,0.0,0.0,0,0,0,0.0,0.0,0,0,0,0,0,0,32,32,18181.81818,18181.81818,0,0,0.0,0.0,0.0,0,0,0,0,1,1,0,0,1,0.0,0.0,0.0,32,0,0,0,0,0,0,1,0,1,0,292,278,0,32,0.0,0.0,0,0,0.0,0.0,0,0,0
80,91615810,8,6,56,11601,20,0,7.0,5.656854249,5840,0,1933.5,2201.078258,127.2378643,0.152812053,7047370.0,24200000.0,87600000,41,90900000,13000000.0,32900000.0,87600000,189,701265,140253.0,310173.5223,695097,189,0,0,0,0,172,132,0.087321173,0.06549088,0,5840,777.5333333,1638.521584,2684752.981,0,0,0,0,1,0,0,0,0,833.0714286,7.0,1933.5,172,0,0,0,0,0,0,8,56,6,11601,256,229,6,20,3284930.0,0.0,3284930,3284930,87600000.0,0.0,87600000,87600000,1
53,30860,2,2,92,216,46,46,46.0,0.0,108,108,108.0,0.0,9980.557356,129.617628,10286.66667,17811.83315,30854,3,3,3.0,0.0,3,3,3,3.0,0.0,3,3,0,0,0,0,64,40,64.808814,64.808814,46,108,70.8,33.95879857,1153.2,0,0,0,0,0,0,0,0,1,88.5,46.0,108.0,64,0,0,0,0,0,0,2,92,2,216,-1,-1,1,32,0.0,0.0,0,0,0.0,0.0,0,0,0
6788,78,1,1,2,6,2,2,2.0,0.0,6,6,6.0,0.0,102564.1026,25641.02564,78.0,0.0,78,78,0,0.0,0.0,0,0,0,0.0,0.0,0,0,0,0,0,0,24,20,12820.51282,12820.51282,2,6,3.333333333,2.309401077,5.333333333,0,0,0,1,0,0,0,0,1,5.0,2.0,6.0,24,0,0,0,0,0,0,1,2,1,6,1024,0,0,24,0.0,0.0,0,0,0.0,0.0,0,0,1
80,100852987,6,5,353,11595,353,0,58.83333333,144.1116465,8688,0,2319.0,3633.79705,118.4694708,0.10906965,10100000.0,31900000.0,101000000,1,101000000,20200000.0,45100000.0,101000000,1,87602,21900.5,30846.67859,65529,4,0,0,0,0,200,168,0.059492536,0.049577114,0,8688,995.6666667,2485.139701,6175919.333,0,0,0,0,1,0,0,0,0,1086.181818,58.83333333,2319.0,200,0,0,0,0,0,0,6,353,5,11595,274,235,1,32,50.0,0.0,50,50,101000000.0,0.0,101000000,101000000,1
53,32788,1,1,45,129,45,45,45.0,0.0,129,129,129.0,0.0,5306.819568,60.99792607,32788.0,0.0,32788,32788,0,0.0,0.0,0,0,0,0.0,0.0,0,0,0,0,0,0,40,40,30.49896304,30.49896304,45,129,73.0,48.49742261,2352.0,0,0,0,0,0,0,0,0,1,109.5,45.0,129.0,40,0,0,0,0,0,0,1,45,1,129,-1,-1,0,40,0.0,0.0,0,0,0.0,0.0,0,0,0
123,65036802,2,2,96,96,48,48,48.0,0.0,48,48,48.0,0.0,2.952174678,0.061503639,21700000.0,37500000.0,65000000,36720,65000000,65000000.0,0.0,65000000,65000000,65000000,65000000.0,0.0,65000000,65000000,0,0,0,0,40,40,0.03075182,0.03075182,48,48,48.0,0.0,0.0,0,0,0,0,0,0,0,0,1,60.0,48.0,48.0,40,0,0,0,0,0,0,2,96,2,96,-1,-1,1,20,38732.0,0.0,38732,38732,65000000.0,0.0,65000000,65000000,0
53,30947,2,2,72,446,36,36,36.0,0.0,223,223,223.0,0.0,16738.2945,129.2532394,10315.66667,17861.19661,30940,3,3,3.0,0.0,3,3,4,4.0,0.0,4,4,0,0,0,0,40,40,64.6266197,64.6266197,36,223,110.8,102.4241183,10490.7,0,0,0,0,0,0,0,0,1,138.5,36.0,223.0,40,0,0,0,0,0,0,2,72,2,446,-1,-1,1,20,0.0,0.0,0,0,0.0,0.0,0,0,0
2260,49,1,1,0,6,0,0,0.0,0.0,6,6,6.0,0.0,122448.9796,40816.32653,49.0,0.0,49,49,0,0.0,0.0,0,0,0,0.0,0.0,0,0,0,0,0,0,40,20,20408.16327,20408.16327,0,6,2.0,3.464101615,12.0,0,0,0,1,0,0,0,0,1,3.0,0.0,6.0,40,0,0,0,0,0,0,1,0,1,6,29200,0,0,40,0.0,0.0,0,0,0.0,0.0,0,0,1
7937,88,1,1,2,6,2,2,2.0,0.0,6,6,6.0,0.0,90909.09091,22727.27273,88.0,0.0,88,88,0,0.0,0.0,0,0,0,0.0,0.0,0,0,0,0,0,0,24,20,11363.63636,11363.63636,2,6,3.333333333,2.309401077,5.333333333,0,0,0,1,0,0,0,0,1,5.0,2.0,6.0,24,0,0,0,0,0,0,1,2,1,6,1024,0,0,24,0.0,0.0,0,0,0.0,0.0,0,0,1
53,85809,4,2,136,182,34,34,34.0,0.0,91,91,91.0,0.0,3705.904975,69.92273538,17161.8,32267.69303,74186,1,74190,24730.0,42830.15238,74186,1,48,48.0,0.0,48,48,0,0,0,0,104,40,46.61515692,23.30757846,34,91,50.28571429,27.81315208,773.5714286,0,0,0,0,0,0,0,0,0,58.66666667,34.0,91.0,104,0,0,0,0,0,0,4,136,2,182,-1,-1,3,20,0.0,0.0,0,0,0.0,0.0,0,0,0
1048,80,1,1,0,6,0,0,0.0,0.0,6,6,6.0,0.0,75000.0,25000.0,80.0,0.0,80,80,0,0.0,0.0,0,0,0,0.0,0.0,0,0,0,0,0,0,40,20,12500.0,12500.0,0,6,2.0,3.464101615,12.0,0,0,0,1,0,0,0,0,1,3.0,0.0,6.0,40,0,0,0,0,0,0,1,0,1,6,29200,0,0,40,0.0,0.0,0,0,0.0,0.0,0,0,1
80,3,2,0,0,0,0,0,0.0,0.0,0,0,0.0,0.0,0.0,666666.6667,3.0,0.0,3,3,3,3.0,0.0,3,3,0,0.0,0.0,0,0,0,0,0,0,64,0,666666.6667,0.0,0,0,0.0,0.0,0.0,0,0,0,0,1,0,0,0,0,0.0,0.0,0.0,64,0,0,0,0,0,0,2,0,0,0,251,-1,0,32,0.0,0.0,0,0,0.0,0.0,0,0,1
40837,80,2,1,31,6,31,0,15.5,21.9203102168,6,6,6.0,0.0,462500.0,37500.0,40.0,50.9116882454,76,4,4,4.0,0.0,4,4,0,0.0,0.0,0,0,1,0,0,0,64,20,25000.0,12500.0,0,31,17.0,16.3503312912,267.3333333333,0,1,0,0,1,0,0,0,0,22.6666666667,15.5,6.0,64,0,0,0,0,0,0,2,31,1,6,1049,0,0,32,0.0,0.0,0,0,0.0,0.0,0,0,0
80,99731649,6,5,393,11595,375,0,65.5,151.651904,7251,0,2319.0,3337.608875,120.2025648,0.11029598,9973164.9,31500000.0,99500000,1,99600000,19900000.0,44500000.0,99500000,1,99700000,24900000.0,49700000.0,99600000,163,0,0,0,0,164,168,0.060161444,0.050134537,0,7251,999.5,2327.700836,5418191.182,1,0,0,0,0,0,0,0,0,1090.363636,65.5,2319.0,164,0,0,0,0,0,0,6,393,5,11595,0,235,3,20,19025.0,0.0,19025,19025,99500000.0,0.0,99500000,99500000,1
80,5867453,3,1,0,0,0,0,0.0,0.0,0,0,0.0,0.0,0.0,0.6817268072,1955817.66666667,3356201.41324986,5831169,60,5867453,2933726.5,4097602.47969621,5831169,36284,0,0.0,0.0,0,0,0,0,0,0,104,40,0.5112951054,0.1704317018,0,0,0.0,0.0,0.0,0,0,0,1,0,0,0,0,0,0.0,0.0,0.0,104,0,0,0,0,0,0,3,0,1,0,29200,42408,0,32,0.0,0.0,0,0,0.0,0.0,0,0,0
3325,48,1,1,2,6,2,2,2.0,0.0,6,6,6.0,0.0,166666.6667,41666.66667,48.0,0.0,48,48,0,0.0,0.0,0,0,0,0.0,0.0,0,0,0,0,0,0,24,20,20833.33333,20833.33333,2,6,3.333333333,2.309401077,5.333333333,0,0,0,1,0,0,0,0,1,5.0,2.0,6.0,24,0,0,0,0,0,0,1,2,1,6,1024,0,0,24,0.0,0.0,0,0,0.0,0.0,0,0,1
80,98299776,5,7,364,11595,352,0,72.8,156.106374,5792,0,1656.428571,2425.837852,121.6584664,0.122075558,8936343.273,29600000.0,98300000,5,98300000,24600000.0,49100000.0,98300000,598,98300000,16400000.0,40100000.0,98300000,14,0,0,0,0,144,232,0.050864816,0.071210742,0,5792,920.3846154,1906.699484,3635502.923,1,0,0,0,0,0,0,0,1,997.0833333,72.8,1656.428571,144,0,0,0,0,0,0,5,364,7,11595,0,235,2,20,11963.0,0.0,11963,11963,98300000.0,0.0,98300000,98300000,1
80,84660563,6,5,330,11595,330,0,55.0,134.7219359,7240,0,2319.0,3331.638186,140.8566111,0.129930627,8466056.3,26700000.0,84500000,1,84500000,16900000.0,37800000.0,84500000,1,146885,36721.25,66664.77028,136475,160,0,0,0,0,200,168,0.070871251,0.059059376,0,7240,993.75,2326.65363,5413317.114,0,0,0,0,1,0,0,0,0,1084.090909,55.0,2319.0,200,0,0,0,0,0,0,6,330,5,11595,251,235,1,32,993.0,0.0,993,993,84500000.0,0.0,84500000,84500000,1
80,982,2,0,0,0,0,0,0.0,0.0,0,0,0.0,0.0,0.0,2036.659878,982.0,0.0,982,982,982,982.0,0.0,982,982,0,0.0,0.0,0,0,0,0,0,0,64,0,2036.659878,0.0,0,0,0.0,0.0,0.0,0,0,0,0,1,0,0,0,0,0.0,0.0,0.0,64,0,0,0,0,0,0,2,0,0,0,274,-1,0,32,0.0,0.0,0,0,0.0,0.0,0,0,1
80,99730673,8,6,333,11595,327,0,41.625,115.328026,4344,0,1932.5,1754.831473,119.6021208,0.140378076,7671590.231,27600000.0,99600000,0,99600000,14200000.0,37600000.0,99600000,0,147337,29467.4,59324.03902,135195,16,0,0,0,0,252,200,0.080216043,0.060162033,0,4344,795.2,1424.939207,2030451.743,0,0,0,0,1,0,0,0,0,852.0,41.625,1932.5,252,0,0,0,0,0,0,8,333,6,11595,251,235,2,20,1996.0,0.0,1996,1996,99600000.0,0.0,99600000,99600000,1
80,1893,6,0,0,0,0,0,0.0,0.0,0,0,0.0,0.0,0.0,3169.572108,378.6,185.6725612,687,221,1893,378.6,185.6725612,687,221,0,0.0,0.0,0,0,0,0,0,0,192,0,3169.572108,0.0,0,0,0.0,0.0,0.0,0,0,0,0,1,0,0,0,0,0.0,0.0,0.0,192,0,0,0,0,0,0,6,0,0,0,251,-1,0,32,0.0,0.0,0,0,0.0,0.0,0,0,1
32768,58,1,1,2,6,2,2,2.0,0.0,6,6,6.0,0.0,137931.0345,34482.75862,58.0,0.0,58,58,0,0.0,0.0,0,0,0,0.0,0.0,0,0,0,0,0,0,24,20,17241.37931,17241.37931,2,6,3.333333333,2.309401077,5.333333333,0,0,0,1,0,0,0,0,1,5.0,2.0,6.0,24,0,0,0,0,0,0,1,2,1,6,1024,0,0,24,0.0,0.0,0,0,0.0,0.0,0,0,1
80,1,2,0,0,0,0,0,0.0,0.0,0,0,0.0,0.0,0.0,2000000.0,1.0,0.0,1,1,1,1.0,0.0,1,1,0,0.0,0.0,0,0,0,0,0,0,64,0,2000000.0,0.0,0,0,0.0,0.0,0.0,0,0,0,0,1,0,0,0,0,0.0,0.0,0.0,64,0,0,0,0,0,0,2,0,0,0,274,-1,0,32,0.0,0.0,0,0,0.0,0.0,0,0,1
53,24770,1,1,55,119,55,55,55.0,0.0,119,119,119.0,0.0,7024.626564,80.74283407,24770.0,0.0,24770,24770,0,0.0,0.0,0,0,0,0.0,0.0,0,0,0,0,0,0,20,20,40.37141704,40.37141704,55,119,76.33333333,36.95041723,1365.333333,0,0,0,0,0,0,0,0,1,114.5,55.0,119.0,20,0,0,0,0,0,0,1,55,1,119,-1,-1,0,20,0.0,0.0,0,0,0.0,0.0,0,0,0
80,98397899,8,7,341,11595,335,0,42.625,118.1559956,4344,0,1656.428571,1547.737688,121.303403,0.152442279,7028421.357,26300000.0,98400000,1,98400000,14100000.0,37200000.0,98400000,1,45629,7604.833333,13344.81211,33019,49,0,0,0,0,252,232,0.081302549,0.07113973,0,4344,746.0,1285.489427,1652483.067,0,0,0,0,1,0,0,0,0,795.7333333,42.625,1656.428571,252,0,0,0,0,0,0,8,341,7,11595,251,235,2,20,2011.0,0.0,2011,2011,98400000.0,0.0,98400000,98400000,1
55755,61,1,1,6,6,6,6,6.0,0.0,6,6,6.0,0.0,196721.3115,32786.88525,61.0,0.0,61,61,0,0.0,0.0,0,0,0,0.0,0.0,0,0,0,0,0,0,20,20,16393.44262,16393.44262,6,6,6.0,0.0,0.0,0,0,0,0,1,1,0,0,1,9.0,6.0,6.0,20,0,0,0,0,0,0,1,6,1,6,913,256,0,20,0.0,0.0,0,0,0.0,0.0,0,0,0
53,799,1,1,51,111,51,51,51.0,0.0,111,111,111.0,0.0,202753.4418,2503.128911,799.0,0.0,799,799,0,0.0,0.0,0,0,0,0.0,0.0,0,0,0,0,0,0,20,32,1251.564456,1251.564456,51,111,71.0,34.64101615,1200.0,0,0,0,0,0,0,0,0,1,106.5,51.0,111.0,20,0,0,0,0,0,0,1,51,1,111,-1,-1,0,20,0.0,0.0,0,0,0.0,0.0,0,0,0
80,13585,3,6,390,11595,390,0,130.0,225.166605,4344,0,1932.5,1754.831473,882223.0401,662.4953993,1698.125,2886.635285,7888,16,9009,4504.5,4958.939856,8011,998,13462,2692.4,3936.488448,8948,16,0,0,0,0,104,200,220.8317998,441.6635996,0,4344,1198.5,1619.073209,2621398.056,0,0,0,1,0,0,0,0,2,1331.666667,130.0,1932.5,104,0,0,0,0,0,0,3,390,6,11595,29200,235,1,32,0.0,0.0,0,0,0.0,0.0,0,0,1
80,46074926,19,31,920,34014,413,0,48.42105263,128.1315798,1460,0,1097.225806,623.6559794,758.199807,1.085188938,940304.6122,2842027.913,9986153,1,40100000,2227341.389,4249748.84,10000000,184,46100000,1535324.833,3549847.493,10000000,1,0,0,0,0,392,680,0.412371796,0.672817141,0,1460,684.9803922,712.7468412,508008.0596,0,0,0,1,0,0,0,0,1,698.68,48.42105263,1097.225806,392,0,0,0,0,0,0,19,920,31,34014,8192,31,18,20,81334.0,132276.667,279749,15182,9941702.25,87209.87794,9986153,9810892,0
80,98367730,6,6,393,11595,375,0,65.5,151.651904,7240,0,1932.5,2848.073577,121.869235,0.121991226,8942520.909,29600000.0,98300000,4,98300000,19700000.0,44000000.0,98300000,4,98400000,19700000.0,44000000.0,98300000,72,0,0,0,0,164,200,0.060995613,0.060995613,0,7240,922.6153846,2082.463947,4336656.09,1,0,0,0,0,0,0,0,1,999.5,65.5,1932.5,164,0,0,0,0,0,0,6,393,6,11595,0,235,3,20,13990.0,0.0,13990,13990,98300000.0,0.0,98300000,98300000,1
443,5164305,9,6,358,3932,201,0,39.77777778,73.31230759,1448,0,655.3333333,679.0636691,830.702292,2.904553468,368878.9286,1335221.413,5007583,9,5164305,645538.125,1762747.9,5007583,50,79322,15864.4,21052.58037,40680,48,0,0,0,0,296,200,1.742732081,1.161821387,0,1448,268.125,502.6191235,252625.9833,0,0,0,1,0,0,0,0,0,286.0,39.77777778,655.3333333,296,0,0,0,0,0,0,9,358,6,3932,29200,939,3,32,156672.0,0.0,156672,156672,5007583.0,0.0,5007583,5007583,0
53,30608,1,1,51,136,51,51,51.0,0.0,136,136,136.0,0.0,6109.513853,65.34239415,30608.0,0.0,30608,30608,0,0.0,0.0,0,0,0,0.0,0.0,0,0,0,0,0,0,32,32,32.67119707,32.67119707,51,136,79.33333333,49.07477288,2408.333333,0,0,0,0,0,0,0,0,1,119.0,51.0,136.0,32,0,0,0,0,0,0,1,51,1,136,-1,-1,0,32,0.0,0.0,0,0,0.0,0.0,0,0,0
57962,61,1,1,0,0,0,0,0.0,0.0,0,0,0.0,0.0,0.0,32786.88525,61.0,0.0,61,61,0,0.0,0.0,0,0,0,0.0,0.0,0,0,0,0,0,0,32,32,16393.44262,16393.44262,0,0,0.0,0.0,0.0,0,0,0,0,1,1,0,0,1,0.0,0.0,0.0,32,0,0,0,0,0,0,1,0,1,0,227,229,0,32,0.0,0.0,0,0,0.0,0.0,0,0,0
80,97483164,7,4,323,11595,323,0,46.14285714,122.0825248,11595,0,2898.75,5797.5,122.2570084,0.112839998,9748316.4,30800000.0,97500000,4,97500000,16200000.0,39800000.0,97500000,5,2537,845.6666667,978.9608436,1920,4,0,0,0,0,232,136,0.071807271,0.041032726,0,11595,993.1666667,3340.002636,11200000.0,0,0,0,0,1,0,0,0,0,1083.454545,46.14285714,2898.75,232,0,0,0,0,0,0,7,323,4,11595,274,235,1,32,754.0,0.0,754,754,97500000.0,0.0,97500000,97500000,1
21,9820620,9,15,106,188,26,0,11.77777778,9.601793814,34,0,12.53333333,14.54975045,29.93701009,2.443837558,426983.4783,1108196.472,3601248,1,6890239,861279.875,1581693.698,3645145,3,9820534,701466.7143,1367841.633,3601248,1,0,0,0,0,296,488,0.916439084,1.527398474,0,34,11.76,12.66320128,160.3566667,0,0,0,1,0,0,0,0,1,12.25,11.77777778,12.53333333,296,0,0,0,0,0,0,9,106,15,188,29200,227,6,32,0.0,0.0,0,0,0.0,0.0,0,0,1
80,220351,1,1,0,0,0,0,0.0,0.0,0,0,0.0,0.0,0.0,9.076428063,220351.0,0.0,220351,220351,0,0.0,0.0,0,0,0,0.0,0.0,0,0,0,0,0,0,32,32,4.538214031,4.538214031,0,0,0.0,0.0,0.0,0,0,0,0,1,1,0,0,1,0.0,0.0,0.0,32,0,0,0,0,0,0,1,0,1,0,339,16,0,32,0.0,0.0,0,0,0.0,0.0,0,0,0
80,448100,3,4,26,11607,20,0,8.666666667,10.26320288,11595,0,2901.75,5795.50069,25960.72305,15.62151306,74683.33333,182621.1878,447457,3,603,301.5,422.1427484,600,3,448069,149356.3333,258162.9245,447457,6,0,0,0,0,72,92,6.694934166,8.926578889,0,11595,1454.125,4097.537534,16800000.0,0,0,0,1,0,0,0,0,1,1661.857143,8.666666667,2901.75,72,0,0,0,0,0,0,3,26,4,11607,8192,229,2,20,0.0,0.0,0,0,0.0,0.0,0,0,1
80,11356158,10,6,1086,11632,362,0,108.6,174.8626127,4344,0,1938.666667,2184.364316,1119.921016,1.408927209,757077.2,1924146.163,5943509,44,6353948,705994.2222,1966694.89,5945262,190,11400000,2271222.8,2947241.324,5943509,125,0,0,0,0,328,200,0.880579506,0.528347704,0,4344,748.1176471,1526.564357,2330398.735,0,0,0,1,0,0,0,0,0,794.875,108.6,1938.666667,328,0,0,0,0,0,0,10,1086,6,11632,29200,235,3,32,407807.0,0.0,407807,407807,5943509.0,0.0,5943509,5943509,1
80,1959997,5,0,30,0,6,6,6.0,0.0,0,0,0.0,0.0,15.30614588,2.551024313,489999.25,979303.9555,1958955,1,1959997,489999.25,979303.9555,1958955,1,0,0.0,0.0,0,0,0,0,0,0,100,0,2.551024313,0.0,6,6,6.0,0.0,0.0,0,0,0,0,1,0,0,0,0,7.2,6.0,0.0,100,0,0,0,0,0,0,5,30,0,0,256,-1,4,20,0.0,0.0,0,0,0.0,0.0,0,0,1
53,220,2,2,88,188,44,44,44.0,0.0,94,94,94.0,0.0,1254545.455,18181.81818,73.33333333,85.14888921,168,3,49,49.0,0.0,49,49,3,3.0,0.0,3,3,0,0,0,0,64,64,9090.909091,9090.909091,44,94,64.0,27.38612788,750.0,0,0,0,0,0,0,0,0,1,80.0,44.0,94.0,64,0,0,0,0,0,0,2,88,2,188,-1,-1,1,32,0.0,0.0,0,0,0.0,0.0,0,0,0
80,98340027,6,7,378,11595,360,0,63.0,145.5293785,5792,0,1656.428571,2277.23252,121.7510343,0.132194391,8195002.25,28400000.0,98300000,5,98300000,19700000.0,44000000.0,98300000,49,98300000,16400000.0,40100000.0,98300000,188,0,0,0,0,164,232,0.061012796,0.071181595,0,5792,855.6428571,1758.518065,3092385.786,1,0,0,0,0,0,0,0,1,921.4615385,63.0,1656.428571,164,0,0,0,0,0,0,6,378,7,11595,0,235,3,20,12995.0,0.0,12995,12995,98300000.0,0.0,98300000,98300000,1
80,99584161,7,5,311,11595,311,0,44.42857143,117.5469511,7240,0,2319.0,3331.638186,119.5571653,0.120501091,9053105.545,30000000.0,99400000,1,99400000,16600000.0,40600000.0,99400000,1,194473,48618.25,88598.52093,181201,65,0,0,0,0,232,168,0.070292303,0.050208788,0,7240,915.8461538,2245.007678,5040059.474,0,0,0,0,1,0,0,0,0,992.1666667,44.42857143,2319.0,232,0,0,0,0,0,0,7,311,5,11595,251,235,1,32,562.0,0.0,562,562,99400000.0,0.0,99400000,99400000,1
22,1263475,41,42,2728,6634,456,0,66.53658537,110.1299454,976,0,157.952381,319.1214275,7409.723184,65.69184194,15408.23171,105694.5376,953560,0,1263475,31586.875,159082.3932,997084,1,309821,7556.609756,18280.23996,90375,0,0,0,0,0,1328,1360,32.45018698,33.24165496,0,976,111.452381,241.6427915,58391.23867,0,0,0,1,0,0,0,0,1,112.7951807,66.53658537,157.952381,1328,0,0,0,0,0,0,41,2728,42,6634,29200,243,24,32,0.0,0.0,0,0,0.0,0.0,0,0,0
5357,48,1,1,2,6,2,2,2.0,0.0,6,6,6.0,0.0,166666.6667,41666.66667,48.0,0.0,48,48,0,0.0,0.0,0,0,0,0.0,0.0,0,0,0,0,0,0,24,20,20833.33333,20833.33333,2,6,3.333333333,2.309401077,5.333333333,0,0,0,1,0,0,0,0,1,5.0,2.0,6.0,24,0,0,0,0,0,0,1,2,1,6,1024,0,0,24,0.0,0.0,0,0,0.0,0.0,0,0,1
80,67369915,8,6,336,11595,330,0,42.0,116.388512,5792,0,1932.5,2537.820147,177.096854,0.207807892,5182301.154,18400000.0,66400000,1,67400000,9624202.857,25000000.0,66400000,1,1475,295.0,461.7179875,1087,3,0,0,0,0,260,200,0.118747367,0.089060525,0,5792,795.4,1797.399145,3230643.686,0,0,0,0,1,0,0,0,0,852.2142857,42.0,1932.5,260,0,0,0,0,0,0,8,336,6,11595,251,235,2,20,4.0,0.0,4,4,66400000.0,0.0,66400000,66400000,1
50409,3,2,0,12,0,6,6,6.0,0.0,0,0,0.0,0.0,4000000.0,666666.6667,3.0,0.0,3,3,3,3.0,0.0,3,3,0,0.0,0.0,0,0,0,0,0,0,40,0,666666.6667,0.0,6,6,6.0,0.0,0.0,0,0,0,0,1,0,0,0,0,9.0,6.0,0.0,40,0,0,0,0,0,0,2,12,0,0,123,-1,1,20,0.0,0.0,0,0,0.0,0.0,0,0,0
80,5817701,3,1,12,0,6,0,4.0,3.464101615,0,0,0.0,0.0,2.06267046,0.68755682,1939233.667,3284299.256,5731290,157,5817701,2908850.5,3991532.22,5731290,86411,0,0.0,0.0,0,0,0,0,0,0,72,32,0.515667615,0.171889205,0,6,2.4,3.286335345,10.8,0,0,0,1,0,0,0,0,0,3.0,4.0,0.0,72,0,0,0,0,0,0,3,12,1,0,8192,5840,2,20,0.0,0.0,0,0,0.0,0.0,0,0,0
80,115649470,16,14,432,1963,432,0,27.0,108.0,1963,0,140.2142857,524.6338179,20.70913079,0.259404561,3987912.759,4975859.037,10200000,5,116000000,7709964.667,4375539.893,10200000,9091,113000000,8655985.846,3834014.605,10200000,645,0,0,0,0,520,456,0.138349099,0.121055462,0,1963,77.25806452,358.4671038,128498.6645,0,0,0,1,0,0,0,0,0,79.83333333,27.0,140.2142857,520,0,0,0,0,0,0,16,432,14,1963,29200,939,1,32,28138.18182,10867.02137,60728,23592,10200000.0,44209.14784,10200000,10100000,0
80,75722386,8,6,56,11601,20,0,7.0,5.656854249,7300,0,1933.5,2720.783986,153.9439077,0.18488588,5824798.923,19500000.0,70600000,1,75700000,10800000.0,26400000.0,70600000,1,28399,5679.8,7544.830628,14913,187,0,0,0,0,172,132,0.105649075,0.079236806,0,7300,777.5333333,1896.917457,3598295.838,0,0,0,0,1,0,0,0,0,833.0714286,7.0,1933.5,172,0,0,0,0,0,0,8,56,6,11601,256,229,6,20,2982.0,0.0,2982,2982,37800000.0,46300000.0,70600000,5102888,1
123,30041,1,1,48,48,48,48,48.0,0.0,48,48,48.0,0.0,3195.632635,66.5756799,30041.0,0.0,30041,30041,0,0.0,0.0,0,0,0,0.0,0.0,0,0,0,0,0,0,20,32,33.28783995,33.28783995,48,48,48.0,0.0,0.0,0,0,0,0,0,0,0,0,1,72.0,48.0,48.0,20,0,0,0,0,0,0,1,48,1,48,-1,-1,0,20,0.0,0.0,0,0,0.0,0.0,0,0,0
80,5038079,3,1,0,0,0,0,0.0,0.0,0,0,0.0,0.0,0.0,0.79395341,1679359.667,2907992.364,5037220,153,5038079,2519039.5,3561245.016,5037220,859,0,0.0,0.0,0,0,0,0,0,0,104,40,0.595465057,0.198488352,0,0,0.0,0.0,0.0,0,0,0,1,0,0,0,0,0,0.0,0.0,0.0,104,0,0,0,0,0,0,3,0,1,0,29200,28960,0,32,0.0,0.0,0,0,0.0,0.0,0,0,1
80,796827,3,6,26,11601,20,0,8.666666667,10.26320288,5840,0,1933.5,2189.772933,14591.62403,11.29479799,99603.375,278381.2524,788528,3,7983,3991.5,5640.590794,7980,3,796788,159357.6,351733.4737,788528,47,0,0,0,0,72,132,3.764932664,7.529865328,0,5840,1162.7,1911.59573,3654198.233,0,0,0,1,0,0,0,0,2,1291.888889,8.666666667,1933.5,72,0,0,0,0,0,0,3,26,6,11601,8192,229,2,20,0.0,0.0,0,0,0.0,0.0,0,0,1
80,82518,3,5,294,11595,294,0,98.0,169.7409791,5792,0,2319.0,2423.629716,144077.6558,96.94854456,11788.28571,22800.56458,62252,1,20015,10007.5,4220.720377,12992,7023,82459,20614.75,29290.28229,62252,58,0,0,0,0,104,168,36.35570421,60.59284035,0,5792,1321.0,2084.640137,4345724.5,0,0,0,1,0,0,0,0,1,1486.125,98.0,2319.0,104,0,0,0,0,0,0,3,294,5,11595,29200,235,1,32,0.0,0.0,0,0,0.0,0.0,0,0,1
53,216787,2,2,66,168,33,33,33.0,0.0,84,84,84.0,0.0,1079.400518,18.4512909,72262.33333,125115.2695,216733,4,50,50.0,0.0,50,50,4,4.0,0.0,4,4,0,0,0,0,64,64,9.225645449,9.225645449,33,84,53.4,27.93385043,780.3,0,0,0,0,0,0,0,0,1,66.75,33.0,84.0,64,0,0,0,0,0,0,2,66,2,168,-1,-1,1,32,0.0,0.0,0,0,0.0,0.0,0,0,0
31337,78,1,1,0,6,0,0,0.0,0.0,6,6,6.0,0.0,76923.07692,25641.02564,78.0,0.0,78,78,0,0.0,0.0,0,0,0,0.0,0.0,0,0,0,0,0,0,40,20,12820.51282,12820.51282,0,6,2.0,3.464101615,12.0,0,0,0,1,0,0,0,0,1,3.0,0.0,6.0,40,0,0,0,0,0,0,1,0,1,6,29200,0,0,40,0.0,0.0,0,0,0.0,0.0,0,0,1
80,117054708,5,0,6,0,6,0,1.2,2.683281573,0,0,0.0,0.0,0.051258084,0.04271507,29300000.0,58500000.0,117000000,1,117000000,29300000.0,58500000.0,117000000,1,0,0.0,0.0,0,0,0,0,0,0,156,0,0.04271507,0.0,0,6,1.0,2.449489743,6.0,0,0,0,0,1,0,0,0,0,1.2,1.2,0.0,156,0,0,0,0,0,0,5,6,0,0,274,-1,1,20,1991.0,0.0,1991,1991,117000000.0,0.0,117000000,117000000,1
80,83926086,8,6,337,11595,325,0,42.125,114.3308951,4344,0,1932.5,1754.831473,142.1727209,0.166813451,6455852.769,23200000.0,83800000,2,83800000,12000000.0,31700000.0,83800000,2,146369,29273.8,59372.71229,135148,14,0,0,0,0,240,200,0.095321972,0.071491479,0,4344,795.4666667,1424.747941,2029906.695,0,0,0,0,1,0,0,0,0,852.2857143,42.125,1932.5,240,0,0,0,0,0,0,8,337,6,11595,251,235,3,20,2014.0,0.0,2014,2014,83800000.0,0.0,83800000,83800000,1
443,203842,11,10,3573,3006,1448,0,324.8181818182,562.9823830604,2393,0,300.6,752.4024041547,32274.9973018318,103.0209672197,10192.1,16352.6804591786,64099,1,175533,17553.3,19926.481024283,64180,1,179935,19992.7777777778,27465.9219478328,79258,4,0,0,0,0,364,328,53.9633637818,49.057603438,0,2393,299.0454545455,630.9944892426,398154.045454545,0,0,0,1,0,0,0,0,0,313.2857142857,324.8181818182,300.6,364,0,0,0,0,0,0,11,3573,10,3006,65535,78,7,32,0.0,0.0,0,0,0.0,0.0,0,0,0
53,61239,1,1,57,181,57,57,57.0,0.0,181,181,181.0,0.0,3886.412254,32.6589265,61239.0,0.0,61239,61239,0,0.0,0.0,0,0,0,0.0,0.0,0,0,0,0,0,0,32,32,16.32946325,16.32946325,57,181,98.33333333,71.59143338,5125.333333,0,0,0,0,0,0,0,0,1,147.5,57.0,181.0,32,0,0,0,0,0,0,1,57,1,181,-1,-1,0,32,0.0,0.0,0,0,0.0,0.0,0,0,0
2875,79,1,1,0,6,0,0,0.0,0.0,6,6,6.0,0.0,75949.36709,25316.4557,79.0,0.0,79,79,0,0.0,0.0,0,0,0,0.0,0.0,0,0,0,0,0,0,40,20,12658.22785,12658.22785,0,6,2.0,3.464101615,12.0,0,0,0,1,0,0,0,0,1,3.0,0.0,6.0,40,0,0,0,0,0,0,1,0,1,6,29200,0,0,40,0.0,0.0,0,0,0.0,0.0,0,0,1
53,31020,2,2,98,208,49,49,49.0,0.0,104,104,104.0,0.0,9864.6034816248,128.9490651193,10340.0,17904.2091978395,31014,3,3,3.0,0.0,3,3,3,3.0,0.0,3,3,0,0,0,0,40,64,64.4745325596,64.4745325596,49,104,71.0,30.1247406628,907.5,0,0,0,0,0,0,0,0,1,88.75,49.0,104.0,40,0,0,0,0,0,0,2,98,2,208,-1,-1,1,20,0.0,0.0,0,0,0.0,0.0,0,0,0
80,27042,3,6,26,11607,20,0,8.666666667,10.26320288,5840,0,1934.5,2538.919278,430182.6788,332.8156201,3380.25,9236.433213,26237,3,642,321.0,176.7766953,446,196,26993,5398.6,11652.62272,26237,3,0,0,0,0,72,132,110.93854,221.8770801,0,5840,1163.3,2138.329153,4572451.567,0,0,0,1,0,0,0,0,2,1292.555556,8.666666667,1934.5,72,0,0,0,0,0,0,3,26,6,11607,8192,229,2,20,0.0,0.0,0,0,0.0,0.0,0,0,1
443,115360321,28,33,1901,23891,1266,0,67.89285714,254.5519432,1418,0,723.969697,706.5469059,223.5777413,0.528778002,1922672.017,3908028.247,10000000,1,115000000,4272604.481,4952613.904,10000000,48,111000000,3459094.781,4844059.51,10100000,1,0,0,0,0,904,1064,0.242717771,0.28606023,0,1418,416.0,632.7164439,400330.0984,0,0,0,1,0,0,0,0,1,422.8196721,67.89285714,723.969697,904,0,0,0,0,0,0,28,1901,33,23891,29200,362,4,32,56534.81818,64914.60342,252206,36214,10000000.0,15449.75696,10000000,9960044,0
1052,44,1,1,2,6,2,2,2.0,0.0,6,6,6.0,0.0,181818.1818,45454.54545,44.0,0.0,44,44,0,0.0,0.0,0,0,0,0.0,0.0,0,0,0,0,0,0,24,20,22727.27273,22727.27273,2,6,3.333333333,2.309401077,5.333333333,0,0,0,1,0,0,0,0,1,5.0,2.0,6.0,24,0,0,0,0,0,0,1,2,1,6,1024,0,0,24,0.0,0.0,0,0,0.0,0.0,0,0,1
80,100509716,5,7,385,11595,373,0,77.0,165.4962235,5792,0,1656.428571,2120.732252,119.192457,0.119391443,9137246.909,30300000.0,100000000,2,100000000,25100000.0,50200000.0,100000000,2,101000000,16800000.0,41000000.0,100000000,45,0,0,0,0,144,232,0.049746434,0.069645008,0,5792,922.0,1714.629843,2939955.5,1,0,0,0,0,0,0,0,1,998.8333333,77.0,1656.428571,144,0,0,0,0,0,0,5,385,7,11595,0,235,2,20,9999.0,0.0,9999,9999,100000000.0,0.0,100000000,100000000,1
80,115993568,18,15,938,3932,424,0,52.1111111111,135.3017929053,1963,0,262.1333333333,690.551835922,41.9850866214,0.2844985336,3624799.0,4785562.02017567,10010402,35,115993568,6823151.05882353,4635640.67887878,10033529,82,110508381,7893455.78571429,4236872.75207404,10033614,1185,0,0,0,0,372,444,0.1551810183,0.1293175153,0,1963,143.2352941176,472.5594436761,223312.427807487,0,0,0,1,0,0,0,0,0,147.5757575758,52.1111111111,262.1333333333,372,0,0,0,0,0,0,18,938,15,3932,8192,980,17,20,43810.2727272727,68820.9419567778,251313,22903,10002420.5454545,4239.0224430551,10010402,9999452,0
49792,318,2,0,12,0,6,6,6.0,0.0,0,0,0.0,0.0,37735.84906,6289.308176,318.0,0.0,318,318,318,318.0,0.0,318,318,0,0.0,0.0,0,0,0,0,0,0,40,0,6289.308176,0.0,6,6,6.0,0.0,0.0,0,0,0,0,1,0,0,0,0,9.0,6.0,0.0,40,0,0,0,0,0,0,2,12,0,0,31088,-1,1,20,0.0,0.0,0,0,0.0,0.0,0,0,0
80,5,2,0,0,0,0,0,0.0,0.0,0,0,0.0,0.0,0.0,400000.0,5.0,0.0,5,5,5,5.0,0.0,5,5,0,0.0,0.0,0,0,0,0,0,0,64,0,400000.0,0.0,0,0,0.0,0.0,0.0,0,0,0,0,1,0,0,0,0,0.0,0.0,0.0,64,0,0,0,0,0,0,2,0,0,0,251,-1,0,32,0.0,0.0,0,0,0.0,0.0,0,0,1
53,23627,1,1,52,114,52,52,52.0,0.0,114,114,114.0,0.0,7025.860245,84.64891861,23627.0,0.0,23627,23627,0,0.0,0.0,0,0,0,0.0,0.0,0,0,0,0,0,0,32,20,42.32445931,42.32445931,52,114,72.66666667,35.79571669,1281.333333,0,0,0,0,0,0,0,0,1,109.0,52.0,114.0,32,0,0,0,0,0,0,1,52,1,114,-1,-1,0,32,0.0,0.0,0,0,0.0,0.0,0,0,0
7676,62,1,1,0,6,0,0,0.0,0.0,6,6,6.0,0.0,96774.19355,32258.06452,62.0,0.0,62,62,0,0.0,0.0,0,0,0,0.0,0.0,0,0,0,0,0,0,40,20,16129.03226,16129.03226,0,6,2.0,3.464101615,12.0,0,0,0,1,0,0,0,0,1,3.0,0.0,6.0,40,0,0,0,0,0,0,1,0,1,6,29200,0,0,40,0.0,0.0,0,0,0.0,0.0,0,0,1
631,86,1,1,0,6,0,0,0.0,0.0,6,6,6.0,0.0,69767.44186,23255.81395,86.0,0.0,86,86,0,0.0,0.0,0,0,0,0.0,0.0,0,0,0,0,0,0,40,20,11627.90698,11627.90698,0,6,2.0,3.464101615,12.0,0,0,0,1,0,0,0,0,1,3.0,0.0,6.0,40,0,0,0,0,0,0,1,0,1,6,29200,0,0,40,0.0,0.0,0,0,0.0,0.0,0,0,1
80,1407307,3,5,26,11607,20,0,8.666666667,10.26320288,10135,0,2321.4,4413.201989,8266.142356,5.684616079,201043.8571,531484.808,1406338,4,701,350.5,490.0249994,697,4,1407257,351814.25,703015.8979,1406338,5,0,0,0,0,72,112,2.13173103,3.552885049,0,10135,1292.555556,3350.634907,11200000.0,0,0,0,1,0,0,0,0,1,1454.125,8.666666667,2321.4,72,0,0,0,0,0,0,3,26,5,11607,8192,229,2,20,0.0,0.0,0,0,0.0,0.0,0,0,1
80,1533,2,0,12,0,6,6,6.0,0.0,0,0,0.0,0.0,7827.7886497065,1304.6314416178,1533.0,0.0,1533,1533,1533,1533.0,0.0,1533,1533,0,0.0,0.0,0,0,0,0,0,0,40,0,1304.6314416178,0.0,6,6,6.0,0.0,0.0,0,0,0,0,1,0,0,0,0,9.0,6.0,0.0,40,0,0,0,0,0,0,2,12,0,0,256,-1,1,20,0.0,0.0,0,0,0.0,0.0,0,0,0
9968,48,2,0,4,0,2,2,2.0,0.0,0,0,0.0,0.0,83333.33333,41666.66667,48.0,0.0,48,48,48,48.0,0.0,48,48,0,0.0,0.0,0,0,0,0,0,0,48,0,41666.66667,0.0,2,2,2.0,0.0,0.0,0,0,0,1,0,0,0,0,0,3.0,2.0,0.0,48,0,0,0,0,0,0,2,4,0,0,1024,-1,1,24,0.0,0.0,0,0,0.0,0.0,0,0,0
443,115868422,219,323,25444,389582,517,0,116.1826484018,176.8138851244,3205,0,1206.1362229102,771.7685143686,3581.87323894,4.6777196983,214174.532347505,1414610.47494382,10024939,0,115845393,531400.885321101,2198268.34362599,10047955,68,115844859,359766.642857143,1824891.9288279,10048367,2,0,0,0,0,7016,10344,1.8900749334,2.7876447649,0,3205,764.320441989,808.4418550031,653578.232920838,0,0,0,1,0,0,0,0,1,765.7306273063,116.1826484018,1206.1362229102,7016,0,0,0,0,0,0,219,25444,323,389582,29200,3116,67,32,509365.454545455,1612306.35080076,5370652,22972,10022033.9090909,5914.3037705977,10024939,10008687,0
7025,48,1,1,0,6,0,0,0.0,0.0,6,6,6.0,0.0,125000.0,41666.66667,48.0,0.0,48,48,0,0.0,0.0,0,0,0,0.0,0.0,0,0,0,0,0,0,40,20,20833.33333,20833.33333,0,6,2.0,3.464101615,12.0,0,0,0,1,0,0,0,0,1,3.0,0.0,6.0,40,0,0,0,0,0,0,1,0,1,6,29200,0,0,40,0.0,0.0,0,0,0.0,0.0,0,0,1
4444,49,1,1,2,6,2,2,2.0,0.0,6,6,6.0,0.0,163265.3061,40816.32653,49.0,0.0,49,49,0,0.0,0.0,0,0,0,0.0,0.0,0,0,0,0,0,0,24,20,20408.16327,20408.16327,2,6,3.333333333,2.309401077,5.333333333,0,0,0,1,0,0,0,0,1,5.0,2.0,6.0,24,0,0,0,0,0,0,1,2,1,6,1024,0,0,24,0.0,0.0,0,0,0.0,0.0,0,0,1
53,23530,1,1,46,357,46,46,46.0,0.0,357,357,357.0,0.0,17127.0718232044,84.9978750531,23530.0,0.0,23530,23530,0,0.0,0.0,0,0,0,0.0,0.0,0,0,0,0,0,0,20,32,42.4989375266,42.4989375266,46,357,149.6666666667,179.555933718,32240.3333333333,0,0,0,0,0,0,0,0,1,224.5,46.0,357.0,20,0,0,0,0,0,0,1,46,1,357,-1,-1,0,20,0.0,0.0,0,0,0.0,0.0,0,0,0
80,98878740,6,6,416,11595,416,0,69.33333333,169.8312888,5792,0,1932.5,2181.008184,121.4720171,0.12136077,8988976.364,29800000.0,98700000,1,98700000,19700000.0,44100000.0,98700000,1,155481,31096.2,61323.29951,140185,45,0,0,0,0,200,200,0.060680385,0.060680385,0,5792,923.9230769,1714.330212,2938928.077,0,0,0,0,1,0,0,0,1,1000.916667,69.33333333,1932.5,200,0,0,0,0,0,0,6,416,6,11595,274,235,1,32,2.0,0.0,2,2,98700000.0,0.0,98700000,98700000,1
53,48639,1,1,48,132,48,48,48.0,0.0,132,132,132.0,0.0,3700.733979,41.11926643,48639.0,0.0,48639,48639,0,0.0,0.0,0,0,0,0.0,0.0,0,0,0,0,0,0,32,32,20.55963322,20.55963322,48,132,76.0,48.49742261,2352.0,0,0,0,0,0,0,0,0,1,114.0,48.0,132.0,32,0,0,0,0,0,0,1,48,1,132,-1,-1,0,32,0.0,0.0,0,0,0.0,0.0,0,0,0
53,38405,2,2,58,226,29,29,29.0,0.0,113,113,113.0,0.0,7394.87046,104.1531051,12801.66667,22128.1147,38353,4,48,48.0,0.0,48,48,4,4.0,0.0,4,4,0,0,0,0,64,64,52.07655253,52.07655253,29,113,62.6,46.00869483,2116.8,0,0,0,0,0,0,0,0,1,78.25,29.0,113.0,64,0,0,0,0,0,0,2,58,2,226,-1,-1,1,32,0.0,0.0,0,0,0.0,0.0,0,0,0
5718,48,1,1,0,6,0,0,0.0,0.0,6,6,6.0,0.0,125000.0,41666.66667,48.0,0.0,48,48,0,0.0,0.0,0,0,0,0.0,0.0,0,0,0,0,0,0,40,20,20833.33333,20833.33333,0,6,2.0,3.464101615,12.0,0,0,0,1,0,0,0,0,1,3.0,0.0,6.0,40,0,0,0,0,0,0,1,0,1,6,29200,0,0,40,0.0,0.0,0,0,0.0,0.0,0,0,1
80,98936482,9,5,367,11595,367,0,40.77777778,122.3333333,10136,0,2319.0,4414.366206,120.9058555,0.14150493,7610498.615,27400000.0,98800000,48,98800000,12300000.0,34900000.0,98800000,222,183404,45851.0,83016.70354,170039,83,0,0,0,0,296,168,0.090967455,0.050537475,0,10136,797.4666667,2610.83886,6816479.552,0,0,0,0,1,0,0,0,0,854.4285714,40.77777778,2319.0,296,0,0,0,0,0,0,9,367,5,11595,251,235,1,32,2847.0,0.0,2847,2847,98800000.0,0.0,98800000,98800000,1
53,198,2,2,88,200,44,44,44.0,0.0,100,100,100.0,0.0,1454545.45454545,20202.0202020202,66.0,30.3150127824,101,48,49,49.0,0.0,49,49,48,48.0,0.0,48,48,0,0,0,0,64,64,10101.0101010101,10101.0101010101,44,100,66.4,30.6724632203,940.8,0,0,0,0,0,0,0,0,1,83.0,44.0,100.0,64,0,0,0,0,0,0,2,88,2,200,-1,-1,1,32,0.0,0.0,0,0,0.0,0.0,0,0,0
80,353828,3,4,26,11601,20,0,8.666666667,10.26320288,7215,0,2900.25,3540.00286,32860.59894,19.78362368,58971.33333,131960.1381,327587,59,26023,13011.5,16954.29929,25000,1023,353703,117901.0,182050.9493,327587,159,0,0,0,0,72,92,8.478695864,11.30492782,0,7215,1453.375,2786.259804,7763243.696,0,0,0,1,0,0,0,0,1,1661.0,8.666666667,2900.25,72,0,0,0,0,0,0,3,26,4,11601,8192,229,2,20,0.0,0.0,0,0,0.0,0.0,0,0,1
80,3,2,0,0,0,0,0,0.0,0.0,0,0,0.0,0.0,0.0,666666.6667,3.0,0.0,3,3,3,3.0,0.0,3,3,0,0.0,0.0,0,0,0,0,0,0,64,0,666666.6667,0.0,0,0,0.0,0.0,0.0,0,0,0,0,1,0,0,0,0,0.0,0.0,0.0,64,0,0,0,0,0,0,2,0,0,0,251,-1,0,32,0.0,0.0,0,0,0.0,0.0,0,0,1
53,79937,1,1,64,130,64,64,64.0,0.0,130,130,130.0,0.0,2426.911193,25.01970302,79937.0,0.0,79937,79937,0,0.0,0.0,0,0,0,0.0,0.0,0,0,0,0,0,0,32,32,12.50985151,12.50985151,64,130,86.0,38.10511777,1452.0,0,0,0,0,0,0,0,0,1,129.0,64.0,130.0,32,0,0,0,0,0,0,1,64,1,130,-1,-1,0,32,0.0,0.0,0,0,0.0,0.0,0,0,0
80,11057451,9,12,720,6856,360,0,80.0,158.7450787,1448,0,571.3333333,676.5409795,685.1488648,1.89917188,552872.55,2217061.516,9958898,1,1098553,137319.125,159376.3817,465516,48,10900000,988201.9091,2995075.419,9998736,1,0,0,0,0,296,392,0.813930806,1.085241074,0,1448,344.3636364,560.7030914,314387.9567,0,0,0,1,0,0,0,0,1,360.7619048,80.0,571.3333333,296,0,0,0,0,0,0,9,720,12,6856,29200,509,2,32,0.0,0.0,0,0,0.0,0.0,0,0,0
80,1,2,0,0,0,0,0,0.0,0.0,0,0,0.0,0.0,0.0,2000000.0,1.0,0.0,1,1,1,1.0,0.0,1,1,0,0.0,0.0,0,0,0,0,0,0,64,0,2000000.0,0.0,0,0,0.0,0.0,0.0,0,0,0,0,1,0,0,0,0,0.0,0.0,0.0,64,0,0,0,0,0,0,2,0,0,0,274,-1,0,32,0.0,0.0,0,0,0.0,0.0,0,0,1
443,6076,2,0,12,0,6,6,6.0,0.0,0,0,0.0,0.0,1974.9835418038,329.163923634,6076.0,0.0,6076,6076,6076,6076.0,0.0,6076,6076,0,0.0,0.0,0,0,0,0,0,0,40,0,329.163923634,0.0,6,6,6.0,0.0,0.0,0,0,0,0,1,0,0,0,0,9.0,6.0,0.0,40,0,0,0,0,0,0,2,12,0,0,16425,-1,1,20,0.0,0.0,0,0,0.0,0.0,0,0,0
10009,75,1,1,2,6,2,2,2.0,0.0,6,6,6.0,0.0,106666.6667,26666.66667,75.0,0.0,75,75,0,0.0,0.0,0,0,0,0.0,0.0,0,0,0,0,0,0,24,20,13333.33333,13333.33333,2,6,3.333333333,2.309401077,5.333333333,0,0,0,1,0,0,0,0,1,5.0,2.0,6.0,24,0,0,0,0,0,0,1,2,1,6,1024,0,0,24,0.0,0.0,0,0,0.0,0.0,0,0,1
50854,279,3,0,53,0,53,0,17.66666667,30.59956427,0,0,0.0,0.0,189964.1577,10752.68817,139.5,127.9863274,230,49,279,139.5,127.9863274,230,49,0,0.0,0.0,0,0,0,0,0,0,96,0,10752.68817,0.0,0,53,13.25,26.5,702.25,0,0,0,0,1,0,0,0,0,17.66666667,17.66666667,0.0,96,0,0,0,0,0,0,3,53,0,0,118,-1,1,32,0.0,0.0,0,0,0.0,0.0,0,0,0
80,85114068,8,6,353,11595,347,0,44.125,122.3979896,5792,0,1932.5,2181.008184,140.3763242,0.164485147,6547236.0,23600000.0,84900000,0,85000000,12100000.0,32100000.0,84900000,0,169440,33888.0,69091.25882,157137,46,0,0,0,0,252,200,0.093991513,0.070493634,0,5792,796.5333333,1621.172101,2628198.981,0,0,0,0,1,0,0,0,0,853.4285714,44.125,1932.5,252,0,0,0,0,0,0,8,353,6,11595,251,235,2,20,999.0,0.0,999,999,84900000.0,0.0,84900000,84900000,1
53,1867234,2,2,93,149,48,45,46.5,2.1213203436,88,61,74.5,19.091883092,129.6034669463,2.1422060652,622411.333333333,1008751.59264426,1787161,30115,1817276,1817276.0,0.0,1817276,1817276,1837119,1837119.0,0.0,1837119,1837119,0,0,0,0,52,40,1.0711030326,1.0711030326,45,88,57.4,18.3384841249,336.3,0,0,0,0,0,0,0,0,1,71.75,46.5,74.5,52,0,0,0,0,0,0,2,93,2,149,-1,-1,1,20,0.0,0.0,0,0,0.0,0.0,0,0,0
80,98691725,9,6,313,11595,307,0,34.77777778,102.1026172,5792,0,1932.5,2181.008184,120.6585456,0.151988427,7049408.929,26400000.0,98700000,1,98700000,12300000.0,34900000.0,98700000,1,15357,3071.4,4395.999465,9871,46,0,0,0,0,284,200,0.091193056,0.060795371,0,5792,744.25,1579.516318,2494871.8,0,0,0,0,1,0,0,0,0,793.8666667,34.77777778,1932.5,284,0,0,0,0,0,0,9,313,6,11595,251,235,2,20,2012.0,0.0,2012,2012,98700000.0,0.0,98700000,98700000,1
1175,62,1,1,2,6,2,2,2.0,0.0,6,6,6.0,0.0,129032.2581,32258.06452,62.0,0.0,62,62,0,0.0,0.0,0,0,0,0.0,0.0,0,0,0,0,0,0,24,20,16129.03226,16129.03226,2,6,3.333333333,2.309401077,5.333333333,0,0,0,1,0,0,0,0,1,5.0,2.0,6.0,24,0,0,0,0,0,0,1,2,1,6,1024,0,0,24,0.0,0.0,0,0,0.0,0.0,0,0,1
49758,45,1,1,0,0,0,0,0.0,0.0,0,0,0.0,0.0,0.0,44444.44444,45.0,0.0,45,45,0,0.0,0.0,0,0,0,0.0,0.0,0,0,0,0,0,0,32,32,22222.22222,22222.22222,0,0,0.0,0.0,0.0,0,0,0,0,1,1,0,0,1,0.0,0.0,0.0,32,0,0,0,0,0,0,1,0,1,0,383,65535,0,32,0.0,0.0,0,0,0.0,0.0,0,0,0
53,147,2,2,66,98,33,33,33.0,0.0,49,49,49.0,0.0,1115646.259,27210.88435,49.0,46.0,95,3,3,3.0,0.0,3,3,49,49.0,0.0,49,49,0,0,0,0,40,40,13605.44218,13605.44218,33,49,39.4,8.76356092,76.8,0,0,0,0,0,0,0,0,1,49.25,33.0,49.0,40,0,0,0,0,0,0,2,66,2,98,-1,-1,1,20,0.0,0.0,0,0,0.0,0.0,0,0,0
59562,51,1,2,0,0,0,0,0.0,0.0,0,0,0.0,0.0,0.0,58823.52941,25.5,33.23401872,49,2,0,0.0,0.0,0,0,2,2.0,0.0,2,2,0,0,0,0,32,64,19607.84314,39215.68627,0,0,0.0,0.0,0.0,0,0,0,0,1,1,0,0,2,0.0,0.0,0.0,32,0,0,0,0,0,0,1,0,2,0,243,290,0,32,0.0,0.0,0,0,0.0,0.0,0,0,0
80,25008,5,1,30,0,6,6,6.0,0.0,0,0,0.0,0.0,1199.616123,239.9232246,5001.6,9571.890059,21970,1,25008,6252.0,10575.79176,21970,1,0,0.0,0.0,0,0,0,0,0,0,100,32,199.9360205,39.98720409,0,6,5.142857143,2.267786838,5.142857143,1,0,0,0,0,0,0,0,0,6.0,6.0,0.0,100,0,0,0,0,0,0,5,30,1,0,0,235,4,20,0.0,0.0,0,0,0.0,0.0,0,0,1
53,183,2,2,80,112,40,40,40.0,0.0,56,56,56.0,0.0,1049180.32786885,21857.9234972678,61.0,22.5166604984,87,48,48,48.0,0.0,48,48,48,48.0,0.0,48,48,0,0,0,0,64,64,10928.9617486339,10928.9617486339,40,56,46.4,8.7635609201,76.8,0,0,0,0,0,0,0,0,1,58.0,40.0,56.0,64,0,0,0,0,0,0,2,80,2,112,-1,-1,1,32,0.0,0.0,0,0,0.0,0.0,0,0,0
443,60730682,14,13,1034,1506,352,0,73.85714286,131.5556958,674,0,115.8461538,244.3709087,41.82399928,0.444585819,2335795.462,4262102.747,10000000,19,60700000,4671590.923,5142679.867,10100000,284,60700000,5056646.167,5212997.713,10100000,47,0,0,0,0,292,344,0.23052598,0.214059839,0,674,90.71428571,188.7594701,35630.13757,0,0,0,1,0,0,0,0,0,94.07407407,73.85714286,115.8461538,292,0,0,0,0,0,0,14,1034,13,1506,8192,127,13,20,108133.3333,141442.7678,396852,50124,9965278.333,80782.99812,10000000,9800590,0
80,498132,3,4,26,11601,20,0,8.666666667,10.26320288,10135,0,2900.25,4871.82583,23341.20273,14.05250014,83022.0,189076.326,468235,25,29634,14817.0,20579.63576,29369,265,498107,166035.6667,262126.891,468235,199,0,0,0,0,72,92,6.02250006,8.03000008,0,10135,1453.375,3544.652026,12600000.0,0,0,0,1,0,0,0,0,1,1661.0,8.666666667,2900.25,72,0,0,0,0,0,0,3,26,4,11601,8192,229,2,20,0.0,0.0,0,0,0.0,0.0,0,0,1
47606,48,1,1,0,0,0,0,0.0,0.0,0,0,0.0,0.0,0.0,41666.66667,48.0,0.0,48,48,0,0.0,0.0,0,0,0,0.0,0.0,0,0,0,0,0,0,32,32,20833.33333,20833.33333,0,0,0.0,0.0,0.0,0,0,0,0,1,1,0,0,1,0.0,0.0,0.0,32,0,0,0,0,0,0,1,0,1,0,131,394,0,32,0.0,0.0,0,0,0.0,0.0,0,0,0
443,26972,2,0,12,0,6,6,6.0,0.0,0,0,0.0,0.0,444.9058283,74.15097138,26972.0,0.0,26972,26972,26972,26972.0,0.0,26972,26972,0,0.0,0.0,0,0,0,0,0,0,40,0,74.15097138,0.0,6,6,6.0,0.0,0.0,0,0,0,0,1,0,0,0,0,9.0,6.0,0.0,40,0,0,0,0,0,0,2,12,0,0,255,-1,1,20,0.0,0.0,0,0,0.0,0.0,0,0,0
53,170208,4,2,148,330,37,37,37.0,0.0,165,165,165.0,0.0,2808.328633,35.25098703,34041.6,60311.07426,139229,3,30976,10325.33333,17878.80579,30970,3,3,3.0,0.0,3,3,0,0,0,0,104,64,23.50065802,11.75032901,37,165,73.57142857,62.45760467,3900.952381,0,0,0,0,0,0,0,0,0,85.83333333,37.0,165.0,104,0,0,0,0,0,0,4,148,2,330,-1,-1,3,20,0.0,0.0,0,0,0.0,0.0,0,0,0
3814,27,1,1,2,6,2,2,2.0,0.0,6,6,6.0,0.0,296296.2963,74074.07407,27.0,0.0,27,27,0,0.0,0.0,0,0,0,0.0,0.0,0,0,0,0,0,0,24,20,37037.03704,37037.03704,2,6,3.333333333,2.309401077,5.333333333,0,0,0,1,0,0,0,0,1,5.0,2.0,6.0,24,0,0,0,0,0,0,1,2,1,6,1024,0,0,24,0.0,0.0,0,0,0.0,0.0,0,0,1
445,119,3,4,18,24,6,6,6.0,0.0,6,6,6.0,0.0,352941.1765,58823.52941,19.83333333,23.03403279,49,1,50,25.0,33.9411255,49,1,118,39.33333333,34.53018004,68,1,0,0,0,0,60,80,25210.08403,33613.44538,6,6,6.0,0.0,0.0,0,0,0,0,1,1,0,0,1,6.857142857,6.0,6.0,60,0,0,0,0,0,0,3,18,4,24,16150,0,2,20,0.0,0.0,0,0,0.0,0.0,0,0,0
45792,61,1,1,0,0,0,0,0.0,0.0,0,0,0.0,0.0,0.0,32786.88525,61.0,0.0,61,61,0,0.0,0.0,0,0,0,0.0,0.0,0,0,0,0,0,0,32,32,16393.44262,16393.44262,0,0,0.0,0.0,0.0,0,0,0,0,1,1,0,0,1,0.0,0.0,0.0,32,0,0,0,0,0,0,1,0,1,0,34304,1324,0,32,0.0,0.0,0,0,0.0,0.0,0,0,0
80,3,2,0,0,0,0,0,0.0,0.0,0,0,0.0,0.0,0.0,666666.6667,3.0,0.0,3,3,3,3.0,0.0,3,3,0,0.0,0.0,0,0,0,0,0,0,64,0,666666.6667,0.0,0,0,0.0,0.0,0.0,0,0,0,0,1,0,0,0,0,0.0,0.0,0.0,64,0,0,0,0,0,0,2,0,0,0,251,-1,0,32,0.0,0.0,0,0,0.0,0.0,0,0,1
53,204,2,2,84,116,42,42,42.0,0.0,58,58,58.0,0.0,980392.1569,19607.84314,68.0,76.97402159,153,3,3,3.0,0.0,3,3,48,48.0,0.0,48,48,0,0,0,0,40,40,9803.921569,9803.921569,42,58,48.4,8.76356092,76.8,0,0,0,0,0,0,0,0,1,60.5,42.0,58.0,40,0,0,0,0,0,0,2,84,2,116,-1,-1,1,20,0.0,0.0,0,0,0.0,0.0,0,0,0
80,72357032,9,6,62,11601,20,0,6.888888889,5.30199124,5840,0,1933.5,2189.772933,161.1868215,0.207305352,5168359.429,17700000.0,66400000,1,72400000,9044490.25,23300000.0,66400000,1,38018,7603.6,16414.35764,36961,9,0,0,0,0,192,132,0.124383211,0.082922141,0,5840,729.3125,1589.473738,2526426.763,0,0,0,0,1,0,0,0,0,777.9333333,6.888888889,1933.5,192,0,0,0,0,0,0,9,62,6,11601,256,229,7,20,1963.0,0.0,1963,1963,36200000.0,42800000.0,66400000,5910836,1
42492,68,1,1,0,0,0,0,0.0,0.0,0,0,0.0,0.0,0.0,29411.76471,68.0,0.0,68,68,0,0.0,0.0,0,0,0,0.0,0.0,0,0,0,0,0,0,32,32,14705.88235,14705.88235,0,0,0.0,0.0,0.0,0,0,0,0,1,1,0,0,1,0.0,0.0,0.0,32,0,0,0,0,0,0,1,0,1,0,114,338,0,32,0.0,0.0,0,0,0.0,0.0,0,0,0
53,164,2,2,80,112,40,40,40.0,0.0,56,56,56.0,0.0,1170731.707,24390.2439,54.66666667,89.48929172,158,3,3,3.0,0.0,3,3,3,3.0,0.0,3,3,0,0,0,0,64,64,12195.12195,12195.12195,40,56,46.4,8.76356092,76.8,0,0,0,0,0,0,0,0,1,58.0,40.0,56.0,64,0,0,0,0,0,0,2,80,2,112,-1,-1,1,32,0.0,0.0,0,0,0.0,0.0,0,0,0
80,117865251,8,6,367,11595,367,0,45.875,129.7540943,5792,0,1932.5,2181.008184,101.4887755,0.118779707,9066557.769,32600000.0,118000000,1,118000000,16800000.0,44500000.0,118000000,1,148422,29684.4,58769.03507,134267,9,0,0,0,0,264,200,0.067874118,0.050905589,0,5792,797.4666667,1620.994266,2627622.41,0,0,0,0,1,0,0,0,0,854.4285714,45.875,1932.5,264,0,0,0,0,0,0,8,367,6,11595,296,235,1,32,1012.0,0.0,1012,1012,118000000.0,0.0,118000000,118000000,1
80,2,2,0,0,0,0,0,0.0,0.0,0,0,0.0,0.0,0.0,1000000.0,2.0,0.0,2,2,2,2.0,0.0,2,2,0,0.0,0.0,0,0,0,0,0,0,64,0,1000000.0,0.0,0,0,0.0,0.0,0.0,0,0,0,0,1,0,0,0,0,0.0,0.0,0.0,64,0,0,0,0,0,0,2,0,0,0,251,-1,0,32,0.0,0.0,0,0,0.0,0.0,0,0,1
80,85016096,5,7,378,11595,366,0,75.6,162.3662527,4344,0,1656.428571,1760.597234,140.8321549,0.141149742,7728736.0,25600000.0,84900000,0,84900000,21200000.0,42400000.0,84900000,4,85000000,14200000.0,34600000.0,84900000,48,0,0,0,0,144,232,0.058812392,0.082337349,0,4344,921.4615385,1497.230255,2241698.436,1,0,0,0,0,0,0,0,1,998.25,75.6,1656.428571,144,0,0,0,0,0,0,5,378,7,11595,0,235,2,20,1544.0,0.0,1544,1544,84900000.0,0.0,84900000,84900000,1
80,100054730,10,6,1635,11595,327,0,163.5,172.3441325,5792,0,1932.5,2181.008184,132.2276318,0.15991248,6670315.333,25400000.0,98300000,3,100000000,11100000.0,32700000.0,98300000,3,1739329,347865.8,777501.0814,1738702,46,0,0,0,0,328,200,0.0999453,0.05996718,0,5792,778.2352941,1508.929941,2276869.566,0,0,0,0,1,0,0,0,0,826.875,163.5,1932.5,328,0,0,0,0,0,0,10,1635,6,11595,251,235,5,32,1001.0,0.0,1001,1001,98300000.0,0.0,98300000,98300000,1
80,100024676,6,6,356,11595,356,0,59.33333333,145.3363914,4344,0,1932.5,1754.831473,119.480517,0.119970396,9093152.364,30100000.0,99900000,1,99900000,20000000.0,44700000.0,99900000,1,148449,29689.8,60785.45196,138155,49,0,0,0,0,200,200,0.059985198,0.059985198,0,4344,919.3076923,1498.460175,2245382.897,0,0,0,0,1,0,0,0,1,995.9166667,59.33333333,1932.5,200,0,0,0,0,0,0,6,356,6,11595,274,235,1,32,7.0,0.0,7,7,99900000.0,0.0,99900000,99900000,1
80,926504,3,5,26,11607,20,0,8.666666667,10.26320288,7215,0,2321.4,3327.769794,12555.80116,8.634609241,132357.7143,349678.1136,925353,4,885,442.5,487.1965722,787,98,926356,231589.0,462509.4754,925353,4,0,0,0,0,72,112,3.237978465,5.396630775,0,7215,1292.555556,2650.585648,7025604.278,0,0,0,1,0,0,0,0,1,1454.125,8.666666667,2321.4,72,0,0,0,0,0,0,3,26,5,11607,8192,229,2,20,0.0,0.0,0,0,0.0,0.0,0,0,1
80,1523189,3,5,26,11601,20,0,8.666666667,10.26320288,4380,0,2320.2,2207.341206,7633.327184,5.252138769,217598.4286,573481.5093,1518127,3,4615,2307.5,3082.278459,4487,128,1523186,380796.5,758223.3479,1518127,157,0,0,0,0,72,112,1.969552039,3.282586731,0,4380,1291.888889,1980.710254,3923213.111,0,0,0,1,0,0,0,0,1,1453.375,8.666666667,2320.2,72,0,0,0,0,0,0,3,26,5,11601,8192,229,2,20,0.0,0.0,0,0,0.0,0.0,0,0,1
80,378041,3,5,26,11607,20,0,8.666666667,10.26320288,7215,0,2321.4,3327.769794,30771.79459,21.16172584,54005.85714,142434.2088,377016,15,804,402.0,296.9848481,612,192,377995,94498.75,188345.1466,377016,15,0,0,0,0,72,112,7.935647192,13.22607865,0,7215,1292.555556,2650.585648,7025604.278,0,0,0,1,0,0,0,0,1,1454.125,8.666666667,2321.4,72,0,0,0,0,0,0,3,26,5,11607,8192,229,2,20,0.0,0.0,0,0,0.0,0.0,0,0,1
53,31044,2,2,86,208,43,43,43.0,0.0,104,104,104.0,0.0,9470.429068,128.8493751,10348.0,17917.19959,31037,3,3,3.0,0.0,3,3,4,4.0,0.0,4,4,0,0,0,0,64,40,64.42468754,64.42468754,43,104,67.4,33.41107601,1116.3,0,0,0,0,0,0,0,0,1,84.25,43.0,104.0,64,0,0,0,0,0,0,2,86,2,208,-1,-1,1,32,0.0,0.0,0,0,0.0,0.0,0,0,0
80,5,2,0,0,0,0,0,0.0,0.0,0,0,0.0,0.0,0.0,400000.0,5.0,0.0,5,5,5,5.0,0.0,5,5,0,0.0,0.0,0,0,0,0,0,0,64,0,400000.0,0.0,0,0,0.0,0.0,0.0,0,0,0,0,1,0,0,0,0,0.0,0.0,0.0,64,0,0,0,0,0,0,2,0,0,0,274,-1,0,32,0.0,0.0,0,0,0.0,0.0,0,0,1
53,23851,1,1,45,173,45,45,45.0,0.0,173,173,173.0,0.0,9140.077984,83.85392646,23851.0,0.0,23851,23851,0,0.0,0.0,0,0,0,0.0,0.0,0,0,0,0,0,0,20,20,41.92696323,41.92696323,45,173,87.66666667,73.90083446,5461.333333,0,0,0,0,0,0,0,0,1,131.5,45.0,173.0,20,0,0,0,0,0,0,1,45,1,173,-1,-1,0,20,0.0,0.0,0,0,0.0,0.0,0,0,0
1047,32,1,1,2,6,2,2,2.0,0.0,6,6,6.0,0.0,250000.0,62500.0,32.0,0.0,32,32,0,0.0,0.0,0,0,0,0.0,0.0,0,0,0,0,0,0,24,20,31250.0,31250.0,2,6,3.333333333,2.309401077,5.333333333,0,0,0,1,0,0,0,0,1,5.0,2.0,6.0,24,0,0,0,0,0,0,1,2,1,6,1024,0,0,24,0.0,0.0,0,0,0.0,0.0,0,0,1
53,199,2,2,92,348,46,46,46.0,0.0,174,174,174.0,0.0,2211055.276,20100.50251,66.33333333,109.6965511,193,3,3,3.0,0.0,3,3,3,3.0,0.0,3,3,0,0,0,0,64,64,10050.25126,10050.25126,46,174,97.2,70.10848736,4915.2,0,0,0,0,0,0,0,0,1,121.5,46.0,174.0,64,0,0,0,0,0,0,2,92,2,348,-1,-1,1,32,0.0,0.0,0,0,0.0,0.0,0,0,0
23288,4,3,0,83,0,46,6,27.66666667,20.20725942,0,0,0.0,0.0,20800000.0,750000.0,2.0,1.414213562,3,1,4,2.0,1.414213562,3,1,0,0.0,0.0,0,0,1,0,0,0,60,0,750000.0,0.0,6,46,32.25,18.87458609,356.25,0,1,0,0,1,0,0,0,0,43.0,27.66666667,0.0,60,0,0,0,0,0,0,3,83,0,0,123,-1,2,20,0.0,0.0,0,0,0.0,0.0,0,0,0
53,260,2,2,72,454,36,36,36.0,0.0,227,227,227.0,0.0,2023076.923,15384.61538,86.66666667,148.3790192,258,1,1,1.0,0.0,1,1,1,1.0,0.0,1,1,0,0,0,0,64,64,7692.307692,7692.307692,36,227,112.4,104.6150085,10944.3,0,0,0,0,0,0,0,0,1,140.5,36.0,227.0,64,0,0,0,0,0,0,2,72,2,454,-1,-1,1,32,0.0,0.0,0,0,0.0,0.0,0,0,0
80,5849925,3,0,18,0,6,6,6.0,0.0,0,0,0.0,0.0,3.076962525,0.512827088,2924962.5,2746725.886,4867191,982734,5849925,2924962.5,2746725.886,4867191,982734,0,0.0,0.0,0,0,0,0,0,0,60,0,0.512827088,0.0,6,6,6.0,0.0,0.0,0,0,0,0,1,1,0,0,0,8.0,6.0,0.0,60,0,0,0,0,0,0,3,18,0,0,256,-1,2,20,0.0,0.0,0,0,0.0,0.0,0,0,0
53,225,2,2,64,306,32,32,32.0,0.0,153,153,153.0,0.0,1644444.44444444,17777.7777777778,75.0,126.4555257788,221,0,0,0.0,0.0,0,0,4,4.0,0.0,4,4,0,0,0,0,64,64,8888.8888888889,8888.8888888889,32,153,80.4,66.2744294581,4392.3,0,0,0,0,0,0,0,0,1,100.5,32.0,153.0,64,0,0,0,0,0,0,2,64,2,306,-1,-1,1,32,0.0,0.0,0,0,0.0,0.0,0,0,0
80,82945342,6,6,365,11595,347,0,60.83333333,140.2232743,10136,0,1932.5,4060.245892,144.1913399,0.144673585,7540485.636,25000000.0,82800000,5,82800000,16600000.0,37000000.0,82800000,5,82900000,16600000.0,37000000.0,82800000,190,0,0,0,0,164,200,0.072336793,0.072336793,0,10136,920.4615385,2797.940183,7828469.269,1,0,0,0,0,0,0,0,1,997.1666667,60.83333333,1932.5,164,0,0,0,0,0,0,6,365,6,11595,0,235,3,20,13973.0,0.0,13973,13973,82800000.0,0.0,82800000,82800000,1
53,209,2,2,94,196,47,47,47.0,0.0,98,98,98.0,0.0,1387559.809,19138.75598,69.66666667,113.742399,201,3,5,5.0,0.0,5,5,3,3.0,0.0,3,3,0,0,0,0,64,64,9569.37799,9569.37799,47,98,67.4,27.93385043,780.3,0,0,0,0,0,0,0,0,1,84.25,47.0,98.0,64,0,0,0,0,0,0,2,94,2,196,-1,-1,1,32,0.0,0.0,0,0,0.0,0.0,0,0,0
6666,40,1,1,2,6,2,2,2.0,0.0,6,6,6.0,0.0,200000.0,50000.0,40.0,0.0,40,40,0,0.0,0.0,0,0,0,0.0,0.0,0,0,0,0,0,0,24,20,25000.0,25000.0,2,6,3.333333333,2.309401077,5.333333333,0,0,0,1,0,0,0,0,1,5.0,2.0,6.0,24,0,0,0,0,0,0,1,2,1,6,1024,0,0,24,0.0,0.0,0,0,0.0,0.0,0,0,1
80,300034,5,0,30,0,6,6,6.0,0.0,0,0,0.0,0.0,99.98866795,16.66477799,75008.5,147355.1172,296033,1,300034,75008.5,147355.1172,296033,1,0,0.0,0.0,0,0,0,0,0,0,100,0,16.66477799,0.0,6,6,6.0,0.0,0.0,0,0,0,0,1,0,0,0,0,7.2,6.0,0.0,100,0,0,0,0,0,0,5,30,0,0,256,-1,4,20,0.0,0.0,0,0,0.0,0.0,0,0,1
80,97298,3,5,26,11601,20,0,8.666666667,10.26320288,5840,0,2320.2,2436.833027,119498.8592,82.2216284,13899.71429,27304.24007,72503,43,24395,12197.5,16531.44944,23887,508,97255,24313.75,34097.69437,72503,156,0,0,0,0,72,112,30.83311065,51.38851775,0,5840,1291.888889,2110.95076,4456113.111,0,0,0,1,0,0,0,0,1,1453.375,8.666666667,2320.2,72,0,0,0,0,0,0,3,26,5,11601,8192,229,2,20,0.0,0.0,0,0,0.0,0.0,0,0,1
80,10271894,5,0,30,0,6,6,6.0,0.0,0,0,0.0,0.0,2.920590886,0.486765148,2567973.5,5134611.086,10300000,0,10300000,2567973.5,5134611.086,10300000,0,0,0.0,0.0,0,0,0,0,0,0,100,0,0.486765148,0.0,6,6,6.0,0.0,0.0,0,0,0,0,1,0,0,0,0,7.2,6.0,0.0,100,0,0,0,0,0,0,5,30,0,0,256,-1,4,20,2004.0,0.0,2004,2004,10300000.0,0.0,10300000,10300000,1
9593,63,1,1,2,6,2,2,2.0,0.0,6,6,6.0,0.0,126984.127,31746.03175,63.0,0.0,63,63,0,0.0,0.0,0,0,0,0.0,0.0,0,0,0,0,0,0,24,20,15873.01587,15873.01587,2,6,3.333333333,2.309401077,5.333333333,0,0,0,1,0,0,0,0,1,5.0,2.0,6.0,24,0,0,0,0,0,0,1,2,1,6,1024,0,0,24,0.0,0.0,0,0,0.0,0.0,0,0,1
80,25140,6,0,0,0,0,0,0.0,0.0,0,0,0.0,0.0,0.0,238.6634845,5028.0,10637.17272,24056,220,25140,5028.0,10637.17272,24056,220,0,0.0,0.0,0,0,0,0,0,0,192,0,238.6634845,0.0,0,0,0.0,0.0,0.0,0,0,0,0,1,0,0,0,0,0.0,0.0,0.0,192,0,0,0,0,0,0,6,0,0,0,251,-1,0,32,0.0,0.0,0,0,0.0,0.0,0,0,1
80,86018092,6,7,344,11595,326,0,57.33333333,131.6520667,4344,0,1656.428571,1760.597234,138.7963825,0.151130997,7168174.333,24800000.0,85800000,4,85900000,17200000.0,38400000.0,85800000,4,86000000,14300000.0,35000000.0,85900000,16,0,0,0,0,164,232,0.069752768,0.081378229,0,4344,853.2142857,1460.223385,2132252.335,1,0,0,0,0,0,0,0,1,918.8461538,57.33333333,1656.428571,164,0,0,0,0,0,0,6,344,7,11595,0,235,3,20,17034.0,0.0,17034,17034,85800000.0,0.0,85800000,85800000,1
2196,55,1,1,2,6,2,2,2.0,0.0,6,6,6.0,0.0,145454.5455,36363.63636,55.0,0.0,55,55,0,0.0,0.0,0,0,0,0.0,0.0,0,0,0,0,0,0,24,20,18181.81818,18181.81818,2,6,3.333333333,2.309401077,5.333333333,0,0,0,1,0,0,0,0,1,5.0,2.0,6.0,24,0,0,0,0,0,0,1,2,1,6,1024,0,0,24,0.0,0.0,0,0,0.0,0.0,0,0,1
443,115714964,79,176,708,259053,346,0,8.9620253165,46.9905727146,2896,0,1471.8920454546,623.7427168718,2244.8349895352,2.2036907863,455570.724409449,2083825.14131104,10209006,5,115714964,1483525.17948718,3578773.98066765,10240042,48,112683430,643905.314285714,2488586.01863434,10240061,49,0,0,0,0,2536,5640,0.6827120475,1.5209787388,0,2896,1014.69140625,854.0193197546,729348.998514093,0,0,0,1,0,0,0,0,2,1018.6705882353,8.9620253165,1471.8920454546,2536,0,0,0,0,0,0,79,708,176,259053,29200,122,4,32,53643.7272727273,74912.3694767305,279513,31017,10190316.2727273,61800.4257996511,10209006,10003981,0
80,116071296,8,6,339,11595,339,0,42.375,119.8545994,5803,0,1932.5,2539.075088,102.8161174,0.120615522,8928561.231,27700000.0,100000000,0,116000000,16600000.0,37300000.0,100000000,0,1189,237.8,300.1552931,701,5,0,0,0,0,272,200,0.068923156,0.051692367,0,5803,795.6,1798.056085,3233005.686,0,0,0,0,1,0,0,0,0,852.4285714,42.375,1932.5,272,0,0,0,0,0,0,8,339,6,11595,251,235,1,32,5.0,0.0,5,5,58000000.0,59400000.0,100000000,16000000,1
22,92,1,1,0,0,0,0,0.0,0.0,0,0,0.0,0.0,0.0,21739.13043,92.0,0.0,92,92,0,0.0,0.0,0,0,0,0.0,0.0,0,0,0,0,0,0,32,32,10869.56522,10869.56522,0,0,0.0,0.0,0.0,0,0,0,0,1,1,0,0,1,0.0,0.0,0.0,32,0,0,0,0,0,0,1,0,1,0,259,247,0,32,0.0,0.0,0,0,0.0,0.0,0,0,1
80,99842628,7,6,658,11595,320,0,94.0,154.4107077,7240,0,1932.5,3126.682571,122.7231318,0.130204906,8320219.0,28700000.0,99500000,1,99700000,16600000.0,40600000.0,99500000,1,99800000,20000000.0,44500000.0,99500000,45,0,0,0,0,196,200,0.070110334,0.060094572,0,7240,875.6428571,2161.881218,4673730.401,1,0,0,0,0,0,0,0,0,943.0,94.0,1932.5,196,0,0,0,0,0,0,7,658,6,11595,0,235,4,20,12010.0,0.0,12010,12010,99500000.0,0.0,99500000,99500000,1
80,119066279,6,3,12,0,6,0,2.0,3.098386677,0,0,0.0,0.0,0.100784203,0.075588152,14900000.0,31000000.0,86600000,69,119000000,23800000.0,37600000.0,86600000,712,119000000,59500000.0,39700000.0,87600000,31500000,0,0,0,0,184,112,0.050392101,0.025196051,0,6,1.8,2.898275349,8.4,1,0,0,0,0,0,0,0,0,2.0,2.0,0.0,184,0,0,0,0,0,0,6,12,3,0,0,28960,1,20,505800.0,698392.3972,999638,11962,59000000.0,39000000.0,86600000,31500000,1
80,3,2,0,0,0,0,0,0.0,0.0,0,0,0.0,0.0,0.0,666666.6667,3.0,0.0,3,3,3,3.0,0.0,3,3,0,0.0,0.0,0,0,0,0,0,0,64,0,666666.6667,0.0,0,0,0.0,0.0,0.0,0,0,0,0,1,0,0,0,0,0.0,0.0,0.0,64,0,0,0,0,0,0,2,0,0,0,274,-1,0,32,0.0,0.0,0,0,0.0,0.0,0,0,1
80,48,1,2,1448,535,1448,1448,1448.0,0.0,535,0,267.5,378.3021279,41300000.0,62500.0,24.0,32.52691193,47,1,0,0.0,0.0,0,0,1,1.0,0.0,1,1,0,0,0,0,32,64,20833.33333,41666.66667,0,1448,857.75,715.7030925,512230.9167,0,0,0,0,1,0,0,0,2,1143.666667,1448.0,267.5,32,0,0,0,0,0,0,1,1448,2,535,235,235,0,32,0.0,0.0,0,0,0.0,0.0,0,0,1
5862,29,1,1,0,6,0,0,0.0,0.0,6,6,6.0,0.0,206896.5517,68965.51724,29.0,0.0,29,29,0,0.0,0.0,0,0,0,0.0,0.0,0,0,0,0,0,0,40,20,34482.75862,34482.75862,0,6,2.0,3.464101615,12.0,0,0,0,1,0,0,0,0,1,3.0,0.0,6.0,40,0,0,0,0,0,0,1,0,1,6,29200,0,0,40,0.0,0.0,0,0,0.0,0.0,0,0,1
80,3,2,0,0,0,0,0,0.0,0.0,0,0,0.0,0.0,0.0,666666.6667,3.0,0.0,3,3,3,3.0,0.0,3,3,0,0.0,0.0,0,0,0,0,0,0,64,0,666666.6667,0.0,0,0,0.0,0.0,0.0,0,0,0,0,1,0,0,0,0,0.0,0.0,0.0,64,0,0,0,0,0,0,2,0,0,0,274,-1,0,32,0.0,0.0,0,0,0.0,0.0,0,0,1
443,5634182,9,9,4520,5003,3861,0,502.2222222,1265.641811,1413,0,555.8888889,657.2989131,1690.21874,3.194784975,331422.4706,1288236.347,5329046,4,5634182,704272.75,1869805.996,5329046,4,270772,33846.5,39990.81274,121695,4,0,0,0,0,192,188,1.597392487,1.597392487,0,3861,501.2105263,958.8551379,919403.1754,0,0,0,1,0,0,0,0,1,529.0555556,502.2222222,555.8888889,192,0,0,0,0,0,0,9,4520,9,5003,8192,18980,8,20,305132.0,0.0,305132,305132,5329046.0,0.0,5329046,5329046,0
80,86877542,8,5,360,11595,360,0,45.0,127.2792206,10147,0,2319.0,4420.67608,137.6074843,0.149635909,7239795.167,24800000.0,85900000,1,86900000,12400000.0,32400000.0,85900000,1,1389,347.25,394.6529066,913,3,0,0,0,0,272,168,0.092083637,0.057552273,0,10147,853.9285714,2702.978371,7306092.071,0,0,0,0,1,0,0,0,0,919.6153846,45.0,2319.0,272,0,0,0,0,0,0,8,360,5,11595,274,235,1,32,992.0,0.0,992,992,85900000.0,0.0,85900000,85900000,1
726,91,1,1,0,6,0,0,0.0,0.0,6,6,6.0,0.0,65934.06593,21978.02198,91.0,0.0,91,91,0,0.0,0.0,0,0,0,0.0,0.0,0,0,0,0,0,0,40,20,10989.01099,10989.01099,0,6,2.0,3.464101615,12.0,0,0,0,1,0,0,0,0,1,3.0,0.0,6.0,40,0,0,0,0,0,0,1,0,1,6,29200,0,0,40,0.0,0.0,0,0,0.0,0.0,0,0,1
80,5277757,3,1,0,0,0,0,0.0,0.0,0,0,0.0,0.0,0.0,0.757897721,1759252.333,3046492.627,5277039,130,5277757,2638878.5,3730922.359,5277039,718,0,0.0,0.0,0,0,0,0,0,0,104,40,0.56842329,0.18947443,0,0,0.0,0.0,0.0,0,0,0,1,0,0,0,0,0,0.0,0.0,0.0,104,0,0,0,0,0,0,3,0,1,0,29200,28960,0,32,0.0,0.0,0,0,0.0,0.0,0,0,1
4,44,1,1,0,6,0,0,0.0,0.0,6,6,6.0,0.0,136363.6364,45454.54545,44.0,0.0,44,44,0,0.0,0.0,0,0,0,0.0,0.0,0,0,0,0,0,0,40,20,22727.27273,22727.27273,0,6,2.0,3.464101615,12.0,0,0,0,1,0,0,0,0,1,3.0,0.0,6.0,40,0,0,0,0,0,0,1,0,1,6,29200,0,0,40,0.0,0.0,0,0,0.0,0.0,0,0,1
56406,977,3,0,286,0,274,6,95.33333333,154.7298721,0,0,0.0,0.0,292732.8557,3070.62436,488.5,685.186471,973,4,977,488.5,685.186471,973,4,0,0.0,0.0,0,0,0,0,0,0,60,0,3070.62436,0.0,6,274,73.0,134.0,17956.0,0,0,0,0,1,0,0,0,0,97.33333333,95.33333333,0.0,60,0,0,0,0,0,0,3,286,0,0,60,-1,2,20,0.0,0.0,0,0,0.0,0.0,0,0,0
53,23974,1,1,45,77,45,45,45.0,0.0,77,77,77.0,0.0,5088.84625,83.42370902,23974.0,0.0,23974,23974,0,0.0,0.0,0,0,0,0.0,0.0,0,0,0,0,0,0,32,32,41.71185451,41.71185451,45,77,55.66666667,18.47520861,341.3333333,0,0,0,0,0,0,0,0,1,83.5,45.0,77.0,32,0,0,0,0,0,0,1,45,1,77,-1,-1,0,32,0.0,0.0,0,0,0.0,0.0,0,0,0
80,63128325,7,0,0,0,0,0,0.0,0.0,0,0,0.0,0.0,0.0,0.110885248,10500000.0,11900000.0,32100000,996735,63100000,10500000.0,11900000.0,32100000,996735,0,0.0,0.0,0,0,0,0,0,0,280,0,0.110885248,0.0,0,0,0.0,0.0,0.0,0,0,0,1,0,0,0,0,0,0.0,0.0,0.0,280,0,0,0,0,0,0,7,0,0,0,29200,-1,0,40,7008661.0,0.0,7008661,7008661,18700000.0,12200000.0,32100000,8023965,1
80,11965696,4,0,24,0,6,6,6.0,0.0,0,0,0.0,0.0,2.005733724,0.334288954,3988565.333,6907531.799,12000000,4,12000000,3988565.333,6907531.799,12000000,4,0,0.0,0.0,0,0,0,0,0,0,80,0,0.334288954,0.0,6,6,6.0,0.0,0.0,0,0,0,0,1,0,0,0,0,7.5,6.0,0.0,80,0,0,0,0,0,0,4,24,0,0,256,-1,3,20,1000.0,0.0,1000,1000,12000000.0,0.0,12000000,12000000,1
80,5479854,4,2,12,0,6,0,3.0,3.464101615,0,0,0.0,0.0,2.189839364,1.094919682,1095970.8,1925299.562,4454264,17,5479854,1826618.0,2326296.737,4454264,29821,995845,995845.0,0.0,995845,995845,0,0,0,0,104,64,0.729946455,0.364973227,0,6,1.714285714,2.927700219,8.571428571,0,0,0,1,0,0,0,0,0,2.0,3.0,0.0,104,0,0,0,0,0,0,4,12,2,0,8192,29200,2,20,0.0,0.0,0,0,0.0,0.0,0,0,0
3905,49,1,1,2,6,2,2,2.0,0.0,6,6,6.0,0.0,163265.3061,40816.32653,49.0,0.0,49,49,0,0.0,0.0,0,0,0,0.0,0.0,0,0,0,0,0,0,24,20,20408.16327,20408.16327,2,6,3.333333333,2.309401077,5.333333333,0,0,0,1,0,0,0,0,1,5.0,2.0,6.0,24,0,0,0,0,0,0,1,2,1,6,1024,0,0,24,0.0,0.0,0,0,0.0,0.0,0,0,1
80,6015290,2,2,12,11,6,6,6.0,0.0,11,0,5.5,7.778174593,3.823589553,0.664972096,2005096.667,3470063.127,6011980,51,3310,3310.0,0.0,3310,3310,6015239,6015239.0,0.0,6015239,6015239,0,0,0,0,40,64,0.332486048,0.332486048,0,11,5.8,3.898717738,15.2,1,0,0,0,0,0,0,0,1,7.25,6.0,5.5,40,0,0,0,0,0,0,2,12,2,11,0,235,1,20,0.0,0.0,0,0,0.0,0.0,0,0,1
53,230,2,2,46,46,23,23,23.0,0.0,23,23,23.0,0.0,400000.0,17391.3043478261,76.6666666667,92.6516774448,180,1,1,1.0,0.0,1,1,49,49.0,0.0,49,49,0,0,0,0,64,64,8695.6521739131,8695.6521739131,23,23,23.0,0.0,0.0,0,0,0,0,0,0,0,0,1,28.75,23.0,23.0,64,0,0,0,0,0,0,2,46,2,46,-1,-1,1,32,0.0,0.0,0,0,0.0,0.0,0,0,0
53,217,2,2,70,264,35,35,35.0,0.0,132,132,132.0,0.0,1539170.50691244,18433.1797235023,72.3333333333,123.5529576066,215,1,1,1.0,0.0,1,1,1,1.0,0.0,1,1,0,0,0,0,64,64,9216.5898617512,9216.5898617512,35,132,73.8,53.129088078,2822.7,0,0,0,0,0,0,0,0,1,92.25,35.0,132.0,64,0,0,0,0,0,0,2,70,2,264,-1,-1,1,32,0.0,0.0,0,0,0.0,0.0,0,0,0
443,123204,7,5,376,3508,201,0,53.71428571,78.68653906,1460,0,701.6,731.5646246,31524.95049,97.39943508,11200.36364,18027.4114,42781,30,123204,20534.0,22433.77921,47514,177,47771,11942.75,20849.56644,43068,52,0,0,0,0,152,112,56.81633713,40.58309795,0,1460,298.7692308,539.9757948,291573.859,0,0,0,1,0,0,0,0,0,323.6666667,53.71428571,701.6,152,0,0,0,0,0,0,7,376,5,3508,8192,60,6,20,0.0,0.0,0,0,0.0,0.0,0,0,0
80,78499646,8,6,56,11607,20,0,7.0,5.656854249,5840,0,1934.5,2538.919278,148.5739184,0.178344753,6038434.308,20500000.0,74300000,2,78400000,11200000.0,27900000.0,74300000,58,75858,15171.6,33328.88183,74789,2,0,0,0,0,172,132,0.101911288,0.076433466,0,5840,777.9333333,1804.898987,3257660.352,0,0,0,0,1,0,0,0,0,833.5,7.0,1934.5,172,0,0,0,0,0,0,8,56,6,11607,256,229,6,20,4136143.0,0.0,4136143,4136143,74300000.0,0.0,74300000,74300000,1
80,1261590,3,6,26,11601,20,0,8.666666667,10.26320288,5755,0,1933.5,2166.985348,9216.147877,7.133854897,157698.75,438811.651,1243597,17,17676,8838.0,12374.36867,17588,88,1261531,252306.2,554200.6952,1243597,17,0,0,0,0,72,132,2.377951632,4.755903265,0,5755,1162.7,1897.114303,3599042.678,0,0,0,1,0,0,0,0,2,1291.888889,8.666666667,1933.5,72,0,0,0,0,0,0,3,26,6,11601,8192,229,2,20,0.0,0.0,0,0,0.0,0.0,0,0,1
2105,65,1,1,0,6,0,0,0.0,0.0,6,6,6.0,0.0,92307.69231,30769.23077,65.0,0.0,65,65,0,0.0,0.0,0,0,0,0.0,0.0,0,0,0,0,0,0,40,20,15384.61538,15384.61538,0,6,2.0,3.464101615,12.0,0,0,0,1,0,0,0,0,1,3.0,0.0,6.0,40,0,0,0,0,0,0,1,0,1,6,29200,0,0,40,0.0,0.0,0,0,0.0,0.0,0,0,1
80,4,2,0,0,0,0,0,0.0,0.0,0,0,0.0,0.0,0.0,500000.0,4.0,0.0,4,4,4,4.0,0.0,4,4,0,0.0,0.0,0,0,0,0,0,0,64,0,500000.0,0.0,0,0,0.0,0.0,0.0,0,0,0,0,1,0,0,0,0,0.0,0.0,0.0,64,0,0,0,0,0,0,2,0,0,0,274,-1,0,32,0.0,0.0,0,0,0.0,0.0,0,0,1
80,85678058,7,7,417,11595,393,0,59.57142857,147.0553832,4344,0,1656.428571,1760.597234,140.1992562,0.163402396,6590619.846,23700000.0,85500000,1,85500000,14300000.0,34900000.0,85500000,1,85700000,14300000.0,34900000.0,85500000,46,0,0,0,0,184,232,0.081701198,0.081701198,0,4344,801.2,1422.530753,2023593.743,1,0,0,0,0,0,0,0,1,858.4285714,59.57142857,1656.428571,184,0,0,0,0,0,0,7,417,7,11595,0,235,4,20,10000.0,0.0,10000,10000,85500000.0,0.0,85500000,85500000,1
80,85814248,5,8,350,11595,338,0,70.0,149.8465882,5792,0,1449.375,2046.673464,139.1959992,0.151489995,7151187.333,24700000.0,85700000,1,85700000,21400000.0,42800000.0,85700000,995,85800000,12300000.0,32400000.0,85700000,1,0,0,0,0,144,264,0.058265383,0.093224612,0,5792,853.6428571,1665.02657,2772313.478,1,0,0,0,0,0,0,0,1,919.3076923,70.0,1449.375,144,0,0,0,0,0,0,5,350,8,11595,0,235,2,20,12006.0,0.0,12006,12006,85700000.0,0.0,85700000,85700000,1
7920,17,1,1,0,6,0,0,0.0,0.0,6,6,6.0,0.0,352941.1765,117647.0588,17.0,0.0,17,17,0,0.0,0.0,0,0,0,0.0,0.0,0,0,0,0,0,0,40,20,58823.52941,58823.52941,0,6,2.0,3.464101615,12.0,0,0,0,1,0,0,0,0,1,3.0,0.0,6.0,40,0,0,0,0,0,0,1,0,1,6,29200,0,0,40,0.0,0.0,0,0,0.0,0.0,0,0,1
80,49,2,0,0,0,0,0,0.0,0.0,0,0,0.0,0.0,0.0,40816.32653,49.0,0.0,49,49,49,49.0,0.0,49,49,0,0.0,0.0,0,0,0,0,0,0,64,0,40816.32653,0.0,0,0,0.0,0.0,0.0,0,0,0,0,1,0,0,0,0,0.0,0.0,0.0,64,0,0,0,0,0,0,2,0,0,0,274,-1,0,32,0.0,0.0,0,0,0.0,0.0,0,0,1
80,1361576,5,6,732,11595,366,0,146.4,200.466456,7240,0,1932.5,2695.639126,9053.479204,8.078873306,136157.6,312266.143,999952,7,1223956,305989.0,472470.5275,999952,7,361568,72313.6,103479.5432,224051,93,0,0,0,0,176,200,3.672215139,4.406658167,0,7240,1027.25,2052.596809,4213153.659,0,0,0,1,0,0,0,0,1,1120.636364,146.4,1932.5,176,0,0,0,0,0,0,5,732,6,11595,29200,235,2,32,0.0,0.0,0,0,0.0,0.0,0,0,1
80,4,2,0,0,0,0,0,0.0,0.0,0,0,0.0,0.0,0.0,500000.0,4.0,0.0,4,4,4,4.0,0.0,4,4,0,0.0,0.0,0,0,0,0,0,0,64,0,500000.0,0.0,0,0,0.0,0.0,0.0,0,0,0,0,1,0,0,0,0,0.0,0.0,0.0,64,0,0,0,0,0,0,2,0,0,0,274,-1,0,32,0.0,0.0,0,0,0.0,0.0,0,0,1
80,85552263,6,8,348,11595,336,0,58.0,136.223346,4344,0,1449.375,1729.380148,139.5988789,0.163642661,6580943.308,23400000.0,84500000,1,85500000,17100000.0,37700000.0,84500000,5,85600000,12200000.0,32300000.0,85500000,1,0,0,0,0,184,264,0.070132569,0.093510092,0,4344,796.6,1422.654049,2023944.543,1,0,0,0,0,0,0,0,1,853.5,58.0,1449.375,184,0,0,0,0,0,0,6,348,8,11595,0,235,2,20,10007.0,0.0,10007,10007,84500000.0,0.0,84500000,84500000,1
80,11990,2,1,12,0,6,6,6.0,0.0,0,0,0.0,0.0,1000.834028,250.2085071,5995.0,8462.653957,11979,11,11990,11990.0,0.0,11990,11990,0,0.0,0.0,0,0,0,0,0,0,40,32,166.8056714,83.4028357,0,6,4.5,3.0,9.0,1,0,0,0,0,0,0,0,0,6.0,6.0,0.0,40,0,0,0,0,0,0,2,12,1,0,0,235,1,20,0.0,0.0,0,0,0.0,0.0,0,0,1
80,100505678,8,5,372,11595,372,0,46.5,131.5218613,8688,0,2319.0,3633.79705,119.0678998,0.129345926,8375473.167,29000000.0,100000000,1,100000000,14300000.0,37900000.0,100000000,1,159318,39829.5,71788.81386,147195,98,0,0,0,0,264,168,0.079597493,0.049748433,0,8688,854.7857143,2314.102125,5355068.643,0,0,0,0,1,0,0,0,0,920.5384615,46.5,2319.0,264,0,0,0,0,0,0,8,372,5,11595,274,235,1,32,1005.0,0.0,1005,1005,100000000.0,0.0,100000000,100000000,1
80,34675519,9,7,903,11595,293,0,100.3333333,144.5207598,5792,0,1656.428571,2120.732252,360.4271936,0.461420635,2311701.267,8790174.395,34100000,44,34500000,4317379.0,12000000.0,34100000,991,34700000,5779243.0,13900000.0,34100000,44,0,0,0,0,248,232,0.259549107,0.201871528,0,5792,735.5294118,1525.860172,2328249.265,1,0,0,0,0,0,0,0,0,781.5,100.3333333,1656.428571,248,0,0,0,0,0,0,9,903,7,11595,0,235,6,20,11011.0,0.0,11011,11011,34100000.0,0.0,34100000,34100000,1
80,97739418,8,4,337,11595,337,0,42.125,119.1474926,8688,0,2898.75,4095.56617,122.079712,0.122775439,8885401.636,29500000.0,97700000,0,97700000,14000000.0,36900000.0,97700000,0,32069,10689.66667,14211.99283,26861,186,0,0,0,0,264,136,0.081850293,0.040925146,0,8688,917.8461538,2468.025893,6091151.808,0,0,0,0,1,0,0,0,0,994.3333333,42.125,2898.75,264,0,0,0,0,0,0,8,337,4,11595,251,235,1,32,1009.0,0.0,1009,1009,97700000.0,0.0,97700000,97700000,1
7244,5489,2,1,38,0,38,0,19.0,26.87005769,0,0,0.0,0.0,6922.936783,546.5476407,2744.5,3802.113162,5433,56,5489,5489.0,0.0,5489,5489,0,0.0,0.0,0,0,1,0,0,0,40,20,364.3650938,182.1825469,0,38,19.0,21.93931023,481.3333333,0,1,0,0,1,0,0,0,0,25.33333333,19.0,0.0,40,0,0,0,0,0,0,2,38,1,0,351,0,0,20,0.0,0.0,0,0,0.0,0.0,0,0,0
53,32318,2,2,92,258,46,46,46.0,0.0,129,129,129.0,0.0,10829.87809,123.7700353,10772.66667,18654.47593,32313,1,1,1.0,0.0,1,1,4,4.0,0.0,4,4,0,0,0,0,80,64,61.88501764,61.88501764,46,129,79.2,45.46097227,2066.7,0,0,0,0,0,0,0,0,1,99.0,46.0,129.0,80,0,0,0,0,0,0,2,92,2,258,-1,-1,1,40,0.0,0.0,0,0,0.0,0.0,0,0,0
80,85878081,5,6,334,11595,322,0,66.8,142.6926768,7240,0,1932.5,2848.073577,138.9062245,0.128088563,8587808.1,27100000.0,85800000,37,85800000,21400000.0,42900000.0,85800000,997,85900000,17200000.0,38300000.0,85800000,56,0,0,0,0,144,200,0.058222074,0.069866489,0,7240,994.5833333,2157.4057,4654399.356,1,0,0,0,0,0,0,0,1,1085.0,66.8,1932.5,144,0,0,0,0,0,0,5,334,6,11595,0,235,2,20,4997.0,0.0,4997,4997,85800000.0,0.0,85800000,85800000,1
80,85026467,6,8,318,11595,306,0,53.0,123.9790305,4344,0,1449.375,1729.380148,140.1093144,0.164654613,6540497.462,23200000.0,83800000,15,84900000,17000000.0,37400000.0,83800000,1018,85000000,12100000.0,32100000.0,84800000,15,0,0,0,0,184,264,0.070566263,0.09408835,0,4344,794.6,1423.36873,2025978.543,1,0,0,0,0,0,0,0,1,851.3571429,53.0,1449.375,184,0,0,0,0,0,0,6,318,8,11595,0,235,2,20,13007.0,0.0,13007,13007,83800000.0,0.0,83800000,83800000,1
52336,80,1,2,0,0,0,0,0.0,0.0,0,0,0.0,0.0,0.0,37500.0,40.0,11.3137085,48,32,0,0.0,0.0,0,0,48,48.0,0.0,48,48,0,0,0,0,32,64,12500.0,25000.0,0,0,0.0,0.0,0.0,0,0,0,0,1,1,0,0,2,0.0,0.0,0.0,32,0,0,0,0,0,0,1,0,2,0,243,290,0,32,0.0,0.0,0,0,0.0,0.0,0,0,0
80,79,2,0,12,0,6,6,6.0,0.0,0,0,0.0,0.0,151898.7342,25316.4557,79.0,0.0,79,79,79,79.0,0.0,79,79,0,0.0,0.0,0,0,0,0,0,0,40,0,25316.4557,0.0,6,6,6.0,0.0,0.0,0,0,0,0,1,0,0,0,0,9.0,6.0,0.0,40,0,0,0,0,0,0,2,12,0,0,256,-1,1,20,0.0,0.0,0,0,0.0,0.0,0,0,0
53,50139,1,1,52,292,52,52,52.0,0.0,292,292,292.0,0.0,6860.9266239853,39.889108279,50139.0,0.0,50139,50139,0,0.0,0.0,0,0,0,0.0,0.0,0,0,0,0,0,0,32,40,19.9445541395,19.9445541395,52,292,132.0,138.5640646055,19200.0,0,0,0,0,0,0,0,0,1,198.0,52.0,292.0,32,0,0,0,0,0,0,1,52,1,292,-1,-1,0,32,0.0,0.0,0,0,0.0,0.0,0,0,0
80,1,2,0,0,0,0,0,0.0,0.0,0,0,0.0,0.0,0.0,2000000.0,1.0,0.0,1,1,1,1.0,0.0,1,1,0,0.0,0.0,0,0,0,0,0,0,64,0,2000000.0,0.0,0,0,0.0,0.0,0.0,0,0,0,0,1,0,0,0,0,0.0,0.0,0.0,64,0,0,0,0,0,0,2,0,0,0,251,-1,0,32,0.0,0.0,0,0,0.0,0.0,0,0,1
80,98317987,6,7,377,11595,359,0,62.83333333,145.1212137,5792,0,1656.428571,2425.837852,121.7681562,0.132224025,8193165.583,28400000.0,98300000,1,98300000,19700000.0,44000000.0,98300000,1,98300000,16400000.0,40100000.0,98300000,52,0,0,0,0,164,232,0.061026473,0.071197552,0,5792,855.5714286,1847.980507,3415031.956,1,0,0,0,0,0,0,0,1,921.3846154,62.83333333,1656.428571,164,0,0,0,0,0,0,6,377,7,11595,0,235,3,20,10965.0,0.0,10965,10965,98300000.0,0.0,98300000,98300000,1
80,100460931,8,8,1536,11595,381,0,192.0,202.0622252,4344,0,1449.375,1729.380148,130.7075285,0.159265894,6697395.4,25700000.0,99400000,49,100000000,14300000.0,37500000.0,99400000,3989,100000000,14400000.0,37500000.0,99400000,49,0,0,0,0,240,264,0.079632947,0.079632947,0,4344,772.7647059,1326.879211,1760608.441,1,0,0,0,0,0,0,0,1,821.0625,192.0,1449.375,240,0,0,0,0,0,0,8,1536,8,11595,0,235,5,20,12957.0,0.0,12957,12957,99400000.0,0.0,99400000,99400000,1
80,85180044,7,5,646,11595,323,0,92.28571429,157.6078618,7240,0,2319.0,3331.638186,143.7073688,0.140878068,7743640.364,25600000.0,84900000,3,85100000,14200000.0,34600000.0,84900000,3,299212,74803.0,107377.2714,227826,46,0,0,0,0,232,168,0.082178873,0.058699195,0,7240,941.6153846,2235.516366,4997533.423,0,0,0,0,1,0,0,0,0,1020.083333,92.28571429,2319.0,232,0,0,0,0,0,0,7,646,5,11595,251,235,2,32,1039.0,0.0,1039,1039,84900000.0,0.0,84900000,84900000,1
80,7344856,38,37,2408,47284,795,0,63.36842105,199.7172895,1493,0,1277.945946,472.0613747,6765.551292,10.2112281,99254.81081,536809.0803,4358735,5,7344856,198509.6216,752144.5252,4358735,97,2776691,77130.30556,308870.1452,1835412,48,0,0,0,0,780,752,5.173688906,5.037539198,0,1493,653.8421053,707.920844,501151.9214,0,0,0,1,0,0,0,0,0,662.56,63.36842105,1277.945946,780,0,0,0,0,0,0,38,2408,37,47284,29200,149,37,20,0.0,0.0,0,0,0.0,0.0,0,0,0
80,84307148,8,6,345,11595,339,0,43.125,119.5699885,5792,0,1932.5,2181.008184,141.625002,0.166059466,6485165.231,23300000.0,84200000,5,84200000,12000000.0,31800000.0,84200000,5,149430,29886.0,59149.07087,135146,46,0,0,0,0,252,200,0.094891124,0.071168343,0,5792,796.0,1621.33186,2628717.0,0,0,0,0,1,0,0,0,0,852.8571429,43.125,1932.5,252,0,0,0,0,0,0,8,345,6,11595,274,235,2,20,3043.0,0.0,3043,3043,84200000.0,0.0,84200000,84200000,1
53,15,2,2,60,264,30,30,30.0,0.0,132,132,132.0,0.0,21600000.0,266666.6667,5.0,6.92820323,13,1,1,1.0,0.0,1,1,1,1.0,0.0,1,1,0,0,0,0,40,40,133333.3333,133333.3333,30,132,70.8,55.86770087,3121.2,0,0,0,0,0,0,0,0,1,88.5,30.0,132.0,40,0,0,0,0,0,0,2,60,2,264,-1,-1,1,20,0.0,0.0,0,0,0.0,0.0,0,0,0
99,23,1,1,0,6,0,0,0.0,0.0,6,6,6.0,0.0,260869.5652,86956.52174,23.0,0.0,23,23,0,0.0,0.0,0,0,0,0.0,0.0,0,0,0,0,0,0,40,20,43478.26087,43478.26087,0,6,2.0,3.464101615,12.0,0,0,0,1,0,0,0,0,1,3.0,0.0,6.0,40,0,0,0,0,0,0,1,0,1,6,29200,0,0,40,0.0,0.0,0,0,0.0,0.0,0,0,1
80,387300,3,5,26,11601,20,0,8.666666667,10.26320288,8760,0,2320.2,3668.897,30020.65582,20.65582236,55328.57143,134529.8383,359602,94,27169,13584.5,18461.85095,26639,530,387202,96800.5,175660.9291,359602,179,0,0,0,0,72,112,7.745933385,12.90988897,0,8760,1291.888889,2866.607422,8217438.111,0,0,0,1,0,0,0,0,1,1453.375,8.666666667,2320.2,72,0,0,0,0,0,0,3,26,5,11601,8192,229,2,20,0.0,0.0,0,0,0.0,0.0,0,0,1
53,24903,2,2,70,148,35,35,35.0,0.0,74,74,74.0,0.0,8753.965386,160.6232181,8301.0,14375.15576,24900,0,0,0.0,0.0,0,0,3,3.0,0.0,3,3,0,0,0,0,80,80,80.31160904,80.31160904,35,74,50.6,21.36117974,456.3,0,0,0,0,0,0,0,0,1,63.25,35.0,74.0,80,0,0,0,0,0,0,2,70,2,148,-1,-1,1,40,0.0,0.0,0,0,0.0,0.0,0,0,0
80,68507676,7,6,344,11595,338,0,49.14285714,127.3936531,4344,0,1932.5,1977.812908,174.2724421,0.189759758,5708973.0,19700000.0,68400000,1,68400000,11400000.0,27900000.0,68400000,1,131529,26305.8,52684.54864,120172,68,0,0,0,0,220,200,0.102178331,0.087581427,0,4344,852.7857143,1566.449399,2453763.72,0,0,0,0,1,0,0,0,0,918.3846154,49.14285714,1932.5,220,0,0,0,0,0,0,7,344,6,11595,274,235,2,20,5.0,0.0,5,5,68400000.0,0.0,68400000,68400000,1
2004,43,1,1,0,6,0,0,0.0,0.0,6,6,6.0,0.0,139534.8837,46511.62791,43.0,0.0,43,43,0,0.0,0.0,0,0,0,0.0,0.0,0,0,0,0,0,0,40,20,23255.81395,23255.81395,0,6,2.0,3.464101615,12.0,0,0,0,1,0,0,0,0,1,3.0,0.0,6.0,40,0,0,0,0,0,0,1,0,1,6,29200,0,0,40,0.0,0.0,0,0,0.0,0.0,0,0,1
53,298,2,2,86,228,43,43,43.0,0.0,114,114,114.0,0.0,1053691.275,13422.81879,99.33333333,171.185085,297,0,0,0.0,0.0,0,0,1,1.0,0.0,1,1,0,0,0,0,64,64,6711.409396,6711.409396,43,114,71.4,38.88830158,1512.3,0,0,0,0,0,0,0,0,1,89.25,43.0,114.0,64,0,0,0,0,0,0,2,86,2,228,-1,-1,1,32,0.0,0.0,0,0,0.0,0.0,0,0,0
3052,33,1,1,2,6,2,2,2.0,0.0,6,6,6.0,0.0,242424.2424,60606.06061,33.0,0.0,33,33,0,0.0,0.0,0,0,0,0.0,0.0,0,0,0,0,0,0,24,20,30303.0303,30303.0303,2,6,3.333333333,2.309401077,5.333333333,0,0,0,1,0,0,0,0,1,5.0,2.0,6.0,24,0,0,0,0,0,0,1,2,1,6,1024,0,0,24,0.0,0.0,0,0,0.0,0.0,0,0,1
50438,2,2,0,12,0,6,6,6.0,0.0,0,0,0.0,0.0,6000000.0,1000000.0,2.0,0.0,2,2,2,2.0,0.0,2,2,0,0.0,0.0,0,0,0,0,0,0,40,0,1000000.0,0.0,6,6,6.0,0.0,0.0,0,0,0,0,1,0,0,0,0,9.0,6.0,0.0,40,0,0,0,0,0,0,2,12,0,0,115,-1,1,20,0.0,0.0,0,0,0.0,0.0,0,0,0
4443,75,1,1,2,6,2,2,2.0,0.0,6,6,6.0,0.0,106666.6667,26666.66667,75.0,0.0,75,75,0,0.0,0.0,0,0,0,0.0,0.0,0,0,0,0,0,0,24,20,13333.33333,13333.33333,2,6,3.333333333,2.309401077,5.333333333,0,0,0,1,0,0,0,0,1,5.0,2.0,6.0,24,0,0,0,0,0,0,1,2,1,6,1024,0,0,24,0.0,0.0,0,0,0.0,0.0,0,0,1
443,139927,6,6,1197,5015,837,0,199.5,323.5872370784,1509,0,835.8333333333,723.2320282362,44394.5771723827,85.7590029087,12720.6363636364,15203.40252886,33062,49,108032,21606.4,19607.1386183706,43918,86,111317,22263.4,20645.1882602218,43998,49,0,0,0,0,132,132,42.8795014543,42.8795014543,0,1509,477.8461538462,619.2059224192,383415.974358974,0,0,0,1,0,0,0,0,1,517.6666666667,199.5,835.8333333333,132,0,0,0,0,0,0,6,1197,6,5015,8192,252,5,20,0.0,0.0,0,0,0.0,0.0,0,0,0
80,5,2,0,0,0,0,0,0.0,0.0,0,0,0.0,0.0,0.0,400000.0,5.0,0.0,5,5,5,5.0,0.0,5,5,0,0.0,0.0,0,0,0,0,0,0,64,0,400000.0,0.0,0,0,0.0,0.0,0.0,0,0,0,0,1,0,0,0,0,0.0,0.0,0.0,64,0,0,0,0,0,0,2,0,0,0,274,-1,0,32,0.0,0.0,0,0,0.0,0.0,0,0,1
80,5854890,3,1,12,2,6,0,4.0,3.464101615,2,2,2.0,0.0,2.391163626,0.683189607,1951630.0,3354502.482,5825038,102,5854890,2927445.0,4097815.319,5825038,29852,0,0.0,0.0,0,0,0,0,0,0,72,24,0.512392205,0.170797402,0,6,2.8,3.033150178,9.2,0,0,0,1,0,0,0,0,0,3.5,4.0,2.0,72,0,0,0,0,0,0,3,12,1,2,8192,29200,2,20,0.0,0.0,0,0,0.0,0.0,0,0,0
80,5064943,2,2,6,212,6,0,3.0,4.242640687,212,0,106.0,149.9066376,43.04095821,0.789742352,1688314.333,2895780.516,5032020,57,32923,32923.0,0.0,32923,32923,5032077,5032077.0,0.0,5032077,5032077,0,0,0,0,60,48,0.394871176,0.394871176,0,212,43.6,94.17430647,8868.8,0,0,0,1,0,0,0,0,1,54.5,3.0,106.0,60,0,0,0,0,0,0,2,6,2,212,29200,11,1,20,0.0,0.0,0,0,0.0,0.0,0,0,0
1900,43,1,1,0,6,0,0,0.0,0.0,6,6,6.0,0.0,139534.8837,46511.62791,43.0,0.0,43,43,0,0.0,0.0,0,0,0,0.0,0.0,0,0,0,0,0,0,40,20,23255.81395,23255.81395,0,6,2.0,3.464101615,12.0,0,0,0,1,0,0,0,0,1,3.0,0.0,6.0,40,0,0,0,0,0,0,1,0,1,6,29200,0,0,40,0.0,0.0,0,0,0.0,0.0,0,0,1
80,34529,3,5,26,11601,20,0,8.666666667,10.26320288,5840,0,2320.2,2436.833027,336731.4431,231.6893046,4932.714286,12374.81065,32991,3,33046,16523.0,23362.80805,33043,3,34477,8619.25,16456.25513,33301,192,0,0,0,0,72,112,86.88348924,144.8058154,0,5840,1291.888889,2110.95076,4456113.111,0,0,0,1,0,0,0,0,1,1453.375,8.666666667,2320.2,72,0,0,0,0,0,0,3,26,5,11601,8192,229,2,20,0.0,0.0,0,0,0.0,0.0,0,0,1
80,972,2,0,0,0,0,0,0.0,0.0,0,0,0.0,0.0,0.0,2057.613169,972.0,0.0,972,972,972,972.0,0.0,972,972,0,0.0,0.0,0,0,0,0,0,0,64,0,2057.613169,0.0,0,0,0.0,0.0,0.0,0,0,0,0,1,0,0,0,0,0.0,0.0,0.0,64,0,0,0,0,0,0,2,0,0,0,274,-1,0,32,0.0,0.0,0,0,0.0,0.0,0,0,1
443,62722893,7,2,187,92,46,6,26.71428571,20.0890873,46,46,46.0,0.0,4.448136664,0.143488279,7840361.625,20700000.0,58900000,3,62700000,10500000.0,23800000.0,58900000,3,59000000,59000000.0,0.0,59000000,59000000,1,0,0,0,140,40,0.111601995,0.031886284,6,46,32.5,18.86354509,355.8333333,0,1,0,0,1,0,0,0,0,36.11111111,26.71428571,46.0,140,0,0,0,0,0,0,7,187,2,92,251,16384,6,20,82815.0,0.0,82815,82815,58900000.0,0.0,58900000,58900000,0
80,2508241,4,0,24,0,6,6,6.0,0.0,0,0,0.0,0.0,9.568458533,1.594743089,836080.3333,1447386.239,2507378,343,2508241,836080.3333,1447386.239,2507378,343,0,0.0,0.0,0,0,0,0,0,0,80,0,1.594743089,0.0,6,6,6.0,0.0,0.0,0,0,0,0,1,0,0,0,0,7.5,6.0,0.0,80,0,0,0,0,0,0,4,24,0,0,256,-1,3,20,0.0,0.0,0,0,0.0,0.0,0,0,1
80,85071308,6,5,290,11595,290,0,48.33333333,118.3920042,4344,0,2319.0,2196.731436,139.7063273,0.12930329,8507130.8,26800000.0,84900000,3,84900000,17000000.0,38000000.0,84900000,3,149643,37410.75,66129.78241,136192,163,0,0,0,0,200,168,0.070529067,0.058774223,0,4344,990.4166667,1771.089005,3136756.265,0,0,0,0,1,0,0,0,0,1080.454545,48.33333333,2319.0,200,0,0,0,0,0,0,6,290,5,11595,251,235,1,32,1003.0,0.0,1003,1003,84900000.0,0.0,84900000,84900000,1
443,146,2,0,0,0,0,0,0.0,0.0,0,0,0.0,0.0,0.0,13698.6301369863,146.0,0.0,146,146,146,146.0,0.0,146,146,0,0.0,0.0,0,0,0,0,0,0,64,0,13698.6301369863,0.0,0,0,0.0,0.0,0.0,0,0,0,0,1,0,0,0,0,0.0,0.0,0.0,64,0,0,0,0,0,0,2,0,0,0,500,-1,0,32,0.0,0.0,0,0,0.0,0.0,0,0,0
52292,109,1,1,0,0,0,0,0.0,0.0,0,0,0.0,0.0,0.0,18348.623853211,109.0,0.0,109,109,0,0.0,0.0,0,0,0,0.0,0.0,0,0,0,0,0,0,32,32,9174.3119266055,9174.3119266055,0,0,0.0,0.0,0.0,0,0,0,0,1,1,0,0,1,0.0,0.0,0.0,32,0,0,0,0,0,0,1,0,1,0,121,33304,0,32,0.0,0.0,0,0,0.0,0.0,0,0,0
443,568135,2,0,0,0,0,0,0.0,0.0,0,0,0.0,0.0,0.0,3.520290072,568135.0,0.0,568135,568135,568135,568135.0,0.0,568135,568135,0,0.0,0.0,0,0,0,0,0,0,40,0,3.520290072,0.0,0,0,0.0,0.0,0.0,0,0,0,0,1,0,0,0,0,0.0,0.0,0.0,40,0,0,0,0,0,0,2,0,0,0,254,-1,0,20,0.0,0.0,0,0,0.0,0.0,0,0,0
53,225202,1,1,48,141,48,48,48.0,0.0,141,141,141.0,0.0,839.2465431,8.8809158,225202.0,0.0,225202,225202,0,0.0,0.0,0,0,0,0.0,0.0,0,0,0,0,0,0,32,20,4.4404579,4.4404579,48,141,79.0,53.69357503,2883.0,0,0,0,0,0,0,0,0,1,118.5,48.0,141.0,32,0,0,0,0,0,0,1,48,1,141,-1,-1,0,32,0.0,0.0,0,0,0.0,0.0,0,0,0
443,67567612,25,26,3023,24037,421,0,120.92,176.5958003,2920,0,924.5,894.5147623,400.4877366,0.754799504,1351352.24,3259738.187,10000000,3,67600000,2815316.667,4420015.578,10300000,4,67300000,2692389.08,4390990.74,10300000,3,0,0,0,0,524,604,0.369999757,0.384799747,0,2920,520.3846154,757.4275647,573696.5158,0,0,0,1,0,0,0,0,1,530.5882353,120.92,924.5,524,0,0,0,0,0,0,25,3023,26,24037,8192,182,23,20,651268.3333,963761.864,2618539,257792,9991636.5,20057.12199,10000000,9950697,0
53,201,2,2,84,168,42,42,42.0,0.0,84,84,84.0,0.0,1253731.343,19900.49751,67.0,110.8512517,195,3,3,3.0,0.0,3,3,3,3.0,0.0,3,3,0,0,0,0,80,80,9950.248756,9950.248756,42,84,58.8,23.00434742,529.2,0,0,0,0,0,0,0,0,1,73.5,42.0,84.0,80,0,0,0,0,0,0,2,84,2,168,-1,-1,1,40,0.0,0.0,0,0,0.0,0.0,0,0,0
80,83775159,8,6,334,11595,328,0,41.75,115.6815209,7240,0,1932.5,2695.639126,142.3930452,0.167113977,6444243.0,23200000.0,83600000,3,83600000,11900000.0,31600000.0,83600000,3,194393,38878.6,77053.1427,176016,81,0,0,0,0,252,200,0.095493701,0.071620276,0,7240,795.2666667,1877.699446,3525755.21,0,0,0,0,1,0,0,0,0,852.0714286,41.75,1932.5,252,0,0,0,0,0,0,8,334,6,11595,274,235,2,20,1975.0,0.0,1975,1975,83600000.0,0.0,83600000,83600000,1
80,3797921,5,0,30,0,6,6,6.0,0.0,0,0,0.0,0.0,7.899058459,1.316509743,949480.25,1898292.558,3796919,0,3797921,949480.25,1898292.558,3796919,0,0,0.0,0.0,0,0,0,0,0,0,100,0,1.316509743,0.0,6,6,6.0,0.0,0.0,0,0,0,0,1,0,0,0,0,7.2,6.0,0.0,100,0,0,0,0,0,0,5,30,0,0,256,-1,4,20,0.0,0.0,0,0,0.0,0.0,0,0,1
6666,85,1,1,2,6,2,2,2.0,0.0,6,6,6.0,0.0,94117.64706,23529.41176,85.0,0.0,85,85,0,0.0,0.0,0,0,0,0.0,0.0,0,0,0,0,0,0,24,20,11764.70588,11764.70588,2,6,3.333333333,2.309401077,5.333333333,0,0,0,1,0,0,0,0,1,5.0,2.0,6.0,24,0,0,0,0,0,0,1,2,1,6,1024,0,0,24,0.0,0.0,0,0,0.0,0.0,0,0,1
80,7844798,4,0,24,0,6,6,6.0,0.0,0,0,0.0,0.0,3.059352197,0.509892033,2614932.667,4529192.773,7844794,1,7844798,2614932.667,4529192.773,7844794,1,0,0.0,0.0,0,0,0,0,0,0,80,0,0.509892033,0.0,6,6,6.0,0.0,0.0,0,0,0,0,1,0,0,0,0,7.5,6.0,0.0,80,0,0,0,0,0,0,4,24,0,0,256,-1,3,20,4.0,0.0,4,4,7844794.0,0.0,7844794,7844794,1
53,31333,2,2,76,300,38,38,38.0,0.0,150,150,150.0,0.0,12000.12766,127.6609326,10444.33333,18084.05381,31326,3,3,3.0,0.0,3,3,4,4.0,0.0,4,4,0,0,0,0,80,64,63.83046628,63.83046628,38,150,82.8,61.34492644,3763.2,0,0,0,0,0,0,0,0,1,103.5,38.0,150.0,80,0,0,0,0,0,0,2,76,2,300,-1,-1,1,40,0.0,0.0,0,0,0.0,0.0,0,0,0
80,103242232,12,7,2316,11595,382,0,193.0,197.4151141,5792,0,1656.428571,2277.23252,134.7413721,0.184033216,5735679.556,23500000.0,99900000,2,103000000,9385580.545,30000000.0,99900000,2,103000000,17200000.0,40500000.0,99900000,65,0,0,0,0,344,232,0.116231505,0.067801711,0,5792,695.85,1478.131761,2184873.503,1,0,0,0,0,0,0,0,0,732.4736842,193.0,1656.428571,344,0,0,0,0,0,0,12,2316,7,11595,0,235,9,20,10985.0,0.0,10985,10985,99900000.0,0.0,99900000,99900000,1
80,60983523,12,11,1810,689,913,0,150.8333333333,352.2872880666,406,0,62.6363636364,142.0452552726,40.9782819533,0.3771510544,2771978.31818182,4546215.22543519,10029716,51,60599529,5509048.09090909,5236052.17219893,10079917,274,60933119,6093311.9,5140790.422503,10080120,1606,0,0,0,0,392,360,0.1967744632,0.1803765912,0,913,104.125,265.6325203539,70560.6358695652,0,0,0,1,0,0,0,0,0,108.652173913,150.8333333333,62.6363636364,392,0,0,0,0,0,0,12,1810,11,689,29200,120,2,32,75473.5,61604.9708732989,201224,50201,10024448.0,12591.1855041532,10029716,9998747,0
80,100930668,10,6,1350,11595,336,0,135.0,173.0028901,5792,0,1932.5,2181.008184,128.2563591,0.158524662,6728711.2,25800000.0,100000000,1,101000000,11200000.0,33300000.0,100000000,1,972384,194476.8,365320.1158,839924,46,0,0,0,0,316,200,0.099077914,0.059446748,0,5792,761.4705882,1516.280487,2299106.515,0,0,0,0,1,0,0,0,0,809.0625,135.0,1932.5,316,0,0,0,0,0,0,10,1350,6,11595,274,235,5,20,989.0,0.0,989,989,100000000.0,0.0,100000000,100000000,1
53,48437,2,2,86,206,43,43,43.0,0.0,103,103,103.0,0.0,6028.4493259285,82.5814976155,16145.6666666667,27952.1248268058,48422,4,4,4.0,0.0,4,4,11,11.0,0.0,11,11,0,0,0,0,40,40,41.2907488077,41.2907488077,43,103,67.0,32.8633534503,1080.0,0,0,0,0,0,0,0,0,1,83.75,43.0,103.0,40,0,0,0,0,0,0,2,86,2,206,-1,-1,1,20,0.0,0.0,0,0,0.0,0.0,0,0,0
161,33,1,1,0,6,0,0,0.0,0.0,6,6,6.0,0.0,181818.1818,60606.06061,33.0,0.0,33,33,0,0.0,0.0,0,0,0,0.0,0.0,0,0,0,0,0,0,40,20,30303.0303,30303.0303,0,6,2.0,3.464101615,12.0,0,0,0,1,0,0,0,0,1,3.0,0.0,6.0,40,0,0,0,0,0,0,1,0,1,6,29200,0,0,40,0.0,0.0,0,0,0.0,0.0,0,0,1
53741,84,1,2,6,12,6,6,6.0,0.0,6,6,6.0,0.0,214285.7143,35714.28571,42.0,59.39696962,84,0,0,0.0,0.0,0,0,0,0.0,0.0,0,0,0,0,0,0,20,40,11904.7619,23809.52381,6,6,6.0,0.0,0.0,0,0,0,0,1,1,0,0,2,8.0,6.0,6.0,20,0,0,0,0,0,0,1,6,2,12,2051,254,0,20,0.0,0.0,0,0,0.0,0.0,0,0,0
55770,22,1,1,6,6,6,6,6.0,0.0,6,6,6.0,0.0,545454.5455,90909.09091,22.0,0.0,22,22,0,0.0,0.0,0,0,0,0.0,0.0,0,0,0,0,0,0,20,20,45454.54545,45454.54545,6,6,6.0,0.0,0.0,0,0,0,0,1,1,0,0,1,9.0,6.0,6.0,20,0,0,0,0,0,0,1,6,1,6,119,255,0,20,0.0,0.0,0,0,0.0,0.0,0,0,0
53,31841,2,2,88,250,44,44,44.0,0.0,125,125,125.0,0.0,10615.2444960899,125.62419522,10613.6666666667,18340.1243543585,31791,1,1,1.0,0.0,1,1,49,49.0,0.0,49,49,0,0,0,0,64,80,62.81209761,62.81209761,44,125,76.4,44.3655271579,1968.3,0,0,0,0,0,0,0,0,1,95.5,44.0,125.0,64,0,0,0,0,0,0,2,88,2,250,-1,-1,1,32,0.0,0.0,0,0,0.0,0.0,0,0,0
5280,67,2,2,4,12,2,2,2.0,0.0,6,6,6.0,0.0,238805.9701,59701.49254,22.33333333,8.386497084,32,17,50,50.0,0.0,50,50,49,49.0,0.0,49,49,0,0,0,0,48,40,29850.74627,29850.74627,2,6,3.6,2.19089023,4.8,0,0,0,1,0,0,0,0,1,4.5,2.0,6.0,48,0,0,0,0,0,0,2,4,2,12,1024,0,1,24,0.0,0.0,0,0,0.0,0.0,0,0,0
80,83301284,8,6,326,11595,326,0,40.75,115.2584053,5792,0,1932.5,2179.547086,143.1070378,0.168064636,6407791.077,23100000.0,83200000,0,83200000,11900000.0,31400000.0,83200000,0,148565,29713.0,58182.53584,133158,53,0,0,0,0,264,200,0.096036935,0.072027701,0,5792,794.7333333,1621.10467,2627980.352,0,0,0,0,1,0,0,0,0,851.5,40.75,1932.5,264,0,0,0,0,0,0,8,326,6,11595,274,235,1,32,1009.0,0.0,1009,1009,83200000.0,0.0,83200000,83200000,1
80,14733,2,2,12,0,6,6,6.0,0.0,0,0,0.0,0.0,814.4980656,271.4993552,4911.0,8303.995002,14499,22,234,234.0,0.0,234,234,14711,14711.0,0.0,14711,14711,0,0,0,0,40,64,135.7496776,135.7496776,0,6,3.6,3.286335345,10.8,1,0,0,0,0,0,0,0,1,4.5,6.0,0.0,40,0,0,0,0,0,0,2,12,2,0,0,235,1,20,0.0,0.0,0,0,0.0,0.0,0,0,1
53,30310,1,1,81,209,81,81,81.0,0.0,209,209,209.0,0.0,9567.7994061366,65.9848234906,30310.0,0.0,30310,30310,0,0.0,0.0,0,0,0,0.0,0.0,0,0,0,0,0,0,20,20,32.9924117453,32.9924117453,81,209,123.6666666667,73.9008344563,5461.3333333333,0,0,0,0,0,0,0,0,1,185.5,81.0,209.0,20,0,0,0,0,0,0,1,81,1,209,-1,-1,0,20,0.0,0.0,0,0,0.0,0.0,0,0,0
443,5817490,8,6,380,3726,199,0,47.5,74.1927990345,1460,0,621.0,681.0753262305,705.8026743492,2.4065361522,447499.230769231,1527422.78592281,5528357,3,5817490,831070.0,2072589.18870238,5528357,3,79670,15934.0,20864.7787311536,44522,49,0,0,0,0,172,132,1.3751635155,1.0313726367,0,1460,273.7333333333,504.6778982206,254699.780952381,0,0,0,1,0,0,0,0,0,293.2857142857,47.5,621.0,172,0,0,0,0,0,0,8,380,6,3726,8192,946,7,20,289130.0,0.0,289130,289130,5528357.0,0.0,5528357,5528357,0
80,102510642,8,1,6,0,6,0,0.75,2.121320344,0,0,0.0,0.0,0.058530508,0.087795763,12800000.0,35000000.0,99500000,1,103000000,14600000.0,37400000.0,99500000,1,0,0.0,0.0,0,0,0,0,0,0,268,40,0.078040678,0.009755085,0,6,0.6,1.897366596,3.6,0,0,0,0,1,0,0,0,0,0.666666667,0.75,0.0,268,0,0,0,0,0,0,8,6,1,0,274,28960,1,20,1999.0,0.0,1999,1999,99500000.0,0.0,99500000,99500000,1
80,99079617,9,5,304,11595,304,0,33.77777778,101.3333333,5792,0,2319.0,3170.403917,120.0953371,0.141300506,7621509.0,27400000.0,98900000,1,98900000,12400000.0,35000000.0,98900000,1,141301,35325.25,63414.2928,130137,66,0,0,0,0,296,168,0.090836039,0.050464466,0,5792,793.2666667,2030.974167,4124856.067,0,0,0,0,1,0,0,0,0,849.9285714,33.77777778,2319.0,296,0,0,0,0,0,0,9,304,5,11595,251,235,1,32,1007.0,0.0,1007,1007,98900000.0,0.0,98900000,98900000,1
57617,1,1,1,6,6,6,6,6.0,0.0,6,6,6.0,0.0,12000000.0,2000000.0,1.0,0.0,1,1,0,0.0,0.0,0,0,0,0.0,0.0,0,0,0,0,0,0,20,20,1000000.0,1000000.0,6,6,6.0,0.0,0.0,0,0,0,0,1,0,0,0,1,9.0,6.0,6.0,20,0,0,0,0,0,0,1,6,1,6,4969,64240,0,20,0.0,0.0,0,0,0.0,0.0,0,0,0
443,115874400,21,18,1900,4104,1205,0,90.47619048,268.5223676,1526,0,228.0,512.3120602,51.81472353,0.336571322,3049326.316,4563334.05,10000000,4,116000000,5793720.0,4913389.453,10000000,4,111000000,6511939.706,4910747.085,10000000,208,0,0,0,0,432,368,0.181230712,0.15534061,0,1526,150.1,395.8238277,156676.5026,0,0,0,1,0,0,0,0,0,153.9487179,90.47619048,228.0,432,0,0,0,0,0,0,21,1900,18,4104,8192,6131,20,20,72255.0,148325.9748,543253,29235,9583944.667,1399503.742,10000000,5141864,0
443,48506426,10,9,5013,3168,1657,6,501.3,797.5087669,1050,0,352.0,523.506447,168.658066,0.391700679,2694801.444,4264443.392,10000000,1913,48500000,5389602.889,4901276.951,10200000,62497,39500000,4936551.375,5214342.291,10300000,1913,0,0,0,0,200,216,0.206158252,0.185542427,0,1657,409.35,656.6860401,431236.5553,0,0,0,0,1,0,0,0,0,430.8947368,501.3,352.0,200,0,0,0,0,0,0,10,5013,9,3168,252,363,9,20,336937.8,106987.5645,521549,262634,9364347.4,505189.0788,10000000,8694312,0
53,35135,2,2,56,252,28,28,28.0,0.0,126,126,126.0,0.0,8766.1875622599,113.8465917177,11711.6666666667,20280.8716364296,35130,1,1,1.0,0.0,1,1,4,4.0,0.0,4,4,0,0,0,0,40,40,56.9232958588,56.9232958588,28,126,67.2,53.6768106355,2881.2,0,0,0,0,0,0,0,0,1,84.0,28.0,126.0,40,0,0,0,0,0,0,2,56,2,252,-1,-1,1,20,0.0,0.0,0,0,0.0,0.0,0,0,0
80,100540667,11,6,294,11595,294,0,26.72727273,88.64433531,4344,0,1932.5,1754.831473,118.2506577,0.169085809,6283791.688,24800000.0,99400000,1,100000000,10000000.0,31400000.0,99400000,1,150481,30096.2,60148.3694,137227,16,0,0,0,0,368,200,0.109408465,0.059677344,0,4344,660.5,1329.269072,1766956.265,0,0,0,0,1,0,0,0,0,699.3529412,26.72727273,1932.5,368,0,0,0,0,0,0,11,294,6,11595,251,235,1,32,1027.0,0.0,1027,1027,99400000.0,0.0,99400000,99400000,1
1594,13,2,2,4,12,2,2,2.0,0.0,6,6,6.0,0.0,1230769.231,307692.3077,4.333333333,5.773502692,11,1,1,1.0,0.0,1,1,1,1.0,0.0,1,1,0,0,0,0,48,40,153846.1538,153846.1538,2,6,3.6,2.19089023,4.8,0,0,0,1,0,0,0,0,1,4.5,2.0,6.0,48,0,0,0,0,0,0,2,4,2,12,1024,0,1,24,0.0,0.0,0,0,0.0,0.0,0,0,0
80,75045529,8,6,56,11607,20,0,7.0,5.656854249,4380,0,1934.5,2177.344966,155.4123231,0.186553419,5772733.0,19300000.0,69700000,15,73200000,10500000.0,26200000.0,69700000,21,1856021,371204.2,829455.3875,1854979,15,0,0,0,0,172,132,0.106601954,0.079951465,0,4380,777.9333333,1627.46176,2648631.781,0,0,0,0,1,0,0,0,0,833.5,7.0,1934.5,172,0,0,0,0,0,0,8,56,6,11607,256,229,6,20,3441673.0,0.0,3441673,3441673,69700000.0,0.0,69700000,69700000,1
443,100,2,0,12,0,6,6,6.0,0.0,0,0,0.0,0.0,120000.0,20000.0,100.0,0.0,100,100,100,100.0,0.0,100,100,0,0.0,0.0,0,0,0,0,0,0,40,0,20000.0,0.0,6,6,6.0,0.0,0.0,0,0,0,0,1,0,0,0,0,9.0,6.0,0.0,40,0,0,0,0,0,0,2,12,0,0,531,-1,1,20,0.0,0.0,0,0,0.0,0.0,0,0,0
80,4784,6,0,0,0,0,0,0.0,0.0,0,0,0.0,0.0,0.0,1254.180602,956.8,1827.238955,4219,3,4784,956.8,1827.238955,4219,3,0,0.0,0.0,0,0,0,0,0,0,192,0,1254.180602,0.0,0,0,0.0,0.0,0.0,0,0,0,0,1,0,0,0,0,0.0,0.0,0.0,192,0,0,0,0,0,0,6,0,0,0,251,-1,0,32,0.0,0.0,0,0,0.0,0.0,0,0,1
80,95905054,8,6,56,11607,20,0,7.0,5.656854249,4380,0,1934.5,2177.344966,121.609858,0.145977708,7377311.846,25300000.0,91500000,4,94000000,13400000.0,34400000.0,91500000,4,1862649,372529.8,832355.2513,1861492,16,0,0,0,0,172,132,0.083415833,0.062561875,0,4380,777.9333333,1627.46176,2648631.781,0,0,0,0,1,0,0,0,0,833.5,7.0,1934.5,172,0,0,0,0,0,0,8,56,6,11607,256,229,6,20,2554935.0,0.0,2554935,2554935,91500000.0,0.0,91500000,91500000,1
53,180,2,2,72,170,36,36,36.0,0.0,85,85,85.0,0.0,1344444.444,22222.22222,60.0,102.1909976,178,1,1,1.0,0.0,1,1,1,1.0,0.0,1,1,0,0,0,0,64,64,11111.11111,11111.11111,36,85,55.6,26.83840532,720.3,0,0,0,0,0,0,0,0,1,69.5,36.0,85.0,64,0,0,0,0,0,0,2,72,2,170,-1,-1,1,32,0.0,0.0,0,0,0.0,0.0,0,0,0
53,249,2,2,64,204,32,32,32.0,0.0,102,102,102.0,0.0,1076305.221,16064.25703,83.0,138.5640646,243,3,3,3.0,0.0,3,3,3,3.0,0.0,3,3,0,0,0,0,64,64,8032.128514,8032.128514,32,102,60.0,38.34057903,1470.0,0,0,0,0,0,0,0,0,1,75.0,32.0,102.0,64,0,0,0,0,0,0,2,64,2,204,-1,-1,1,32,0.0,0.0,0,0,0.0,0.0,0,0,0
55283,9442464,1,5,6,30,6,6,6.0,0.0,6,6,6.0,0.0,3.812564178,0.635427363,1888492.8,4211841.94,9422860,4,0,0.0,0.0,0,0,9430857,2357714.25,4710098.184,9422860,4,0,0,0,0,20,100,0.105904561,0.529522803,6,6,6.0,0.0,0.0,0,0,0,0,1,1,0,0,5,7.0,6.0,6.0,20,0,0,0,0,0,0,1,6,5,30,229,0,0,20,19604.0,0.0,19604,19604,9422860.0,0.0,9422860,9422860,0
1073,54,1,1,0,6,0,0,0.0,0.0,6,6,6.0,0.0,111111.1111,37037.03704,54.0,0.0,54,54,0,0.0,0.0,0,0,0,0.0,0.0,0,0,0,0,0,0,40,20,18518.51852,18518.51852,0,6,2.0,3.464101615,12.0,0,0,0,1,0,0,0,0,1,3.0,0.0,6.0,40,0,0,0,0,0,0,1,0,1,6,29200,0,0,40,0.0,0.0,0,0,0.0,0.0,0,0,1
443,216,3,0,65,0,53,6,21.66666667,27.13546265,0,0,0.0,0.0,300925.9259,13888.88889,108.0,80.61017306,165,51,216,108.0,80.61017306,165,51,0,0.0,0.0,0,0,0,0,0,0,60,0,13888.88889,0.0,6,53,17.75,23.5,552.25,0,0,0,0,1,0,0,0,0,23.66666667,21.66666667,0.0,60,0,0,0,0,0,0,3,65,0,0,252,-1,2,20,0.0,0.0,0,0,0.0,0.0,0,0,0
53,48083,2,2,84,450,42,42,42.0,0.0,225,225,225.0,0.0,11105.79623,83.18948485,16027.66667,27754.67082,48076,3,3,3.0,0.0,3,3,4,4.0,0.0,4,4,0,0,0,0,64,64,41.59474242,41.59474242,42,225,115.2,100.233228,10046.7,0,0,0,0,0,0,0,0,1,144.0,42.0,225.0,64,0,0,0,0,0,0,2,84,2,450,-1,-1,1,32,0.0,0.0,0,0,0.0,0.0,0,0,0
20828,57,1,1,0,6,0,0,0.0,0.0,6,6,6.0,0.0,105263.1579,35087.7193,57.0,0.0,57,57,0,0.0,0.0,0,0,0,0.0,0.0,0,0,0,0,0,0,40,20,17543.85965,17543.85965,0,6,2.0,3.464101615,12.0,0,0,0,1,0,0,0,0,1,3.0,0.0,6.0,40,0,0,0,0,0,0,1,0,1,6,29200,0,0,40,0.0,0.0,0,0,0.0,0.0,0,0,1
80,81278749,8,4,56,11607,20,0,7.0,5.656854249,11595,0,2901.75,5795.50069,143.4938424,0.147640068,7388977.182,22200000.0,74100000,12,80100000,11400000.0,27700000.0,74100000,67,1134923,378307.6667,654415.1512,1133961,12,0,0,0,0,172,92,0.098426712,0.049213356,0,11595,897.6153846,3214.167532,10300000.0,0,0,0,0,1,0,0,0,0,972.4166667,7.0,2901.75,172,0,0,0,0,0,0,8,56,4,11607,256,229,6,20,763.0,0.0,763,763,40100000.0,48100000.0,74100000,6083874,1
80,105673610,16,3,2541,6,231,0,158.8125,110.5828309,6,0,2.0,3.464101615,24.10251718,0.179798911,5870756.111,12500000.0,51300000,112,106000000,7044899.867,13500000.0,51300000,213,103000000,51300000.0,28000000.0,71200000,31500000,0,0,0,0,536,100,0.151409609,0.028389302,0,231,127.35,117.5733925,13823.50263,0,0,0,1,0,0,0,0,0,134.0526316,158.8125,2.0,536,0,0,0,0,0,0,16,2541,3,6,29200,0,11,32,4709532.0,6659516.109,9418521,543,19300000.0,18800000.0,51300000,5830192,1
80,5811626,3,1,0,0,0,0,0.0,0.0,0,0,0.0,0.0,0.0,0.688275536,1937208.667,3354702.12,5810885,125,5811626,2905813.0,4108392.222,5810885,741,0,0.0,0.0,0,0,0,0,0,0,104,40,0.516206652,0.172068884,0,0,0.0,0.0,0.0,0,0,0,1,0,0,0,0,0,0.0,0.0,0.0,104,0,0,0,0,0,0,3,0,1,0,29200,28960,0,32,0.0,0.0,0,0,0.0,0.0,0,0,1
21,52,1,2,0,0,0,0,0.0,0.0,0,0,0.0,0.0,0.0,57692.30769,26.0,32.52691193,49,3,0,0.0,0.0,0,0,49,49.0,0.0,49,49,0,0,0,0,20,40,19230.76923,38461.53846,0,0,0.0,0.0,0.0,0,0,0,0,1,1,0,0,2,0.0,0.0,0.0,20,0,0,0,0,0,0,1,0,2,0,255,229,0,20,0.0,0.0,0,0,0.0,0.0,0,0,0
80,102875459,10,5,303,11595,303,0,30.3,95.8170131,10147,0,2319.0,4420.67608,115.654405,0.145807369,7348247.071,26600000.0,99900000,1,103000000,11400000.0,33200000.0,99900000,1,1703,425.75,401.0913238,887,5,0,0,0,0,344,168,0.097204913,0.048602456,0,10147,743.625,2533.804409,6420164.783,0,0,0,0,1,0,0,0,0,793.2,30.3,2319.0,344,0,0,0,0,0,0,10,303,5,11595,274,235,1,32,995.0,0.0,995,995,99900000.0,0.0,99900000,99900000,1
1971,44,1,1,0,6,0,0,0.0,0.0,6,6,6.0,0.0,136363.6364,45454.54545,44.0,0.0,44,44,0,0.0,0.0,0,0,0,0.0,0.0,0,0,0,0,0,0,40,20,22727.27273,22727.27273,0,6,2.0,3.464101615,12.0,0,0,0,1,0,0,0,0,1,3.0,0.0,6.0,40,0,0,0,0,0,0,1,0,1,6,29200,0,0,40,0.0,0.0,0,0,0.0,0.0,0,0,1
443,117851927,11,9,885,373,517,0,80.45454545,152.0120809,156,0,41.44444444,49.272485,10.6744118,0.16970448,6202733.0,18400000.0,58800000,3,118000000,11800000.0,24600000.0,58800000,167,118000000,14700000.0,27200000.0,59000000,3,0,0,0,0,232,192,0.093337464,0.076367016,0,517,59.9047619,114.4114963,13089.99048,0,0,0,1,0,0,0,0,0,62.9,80.45454545,41.44444444,232,0,0,0,0,0,0,11,885,9,373,8192,351,10,20,275532.0,56128.72208,315221,235843,58500000.0,339534.2915,58800000,58300000,0
1974,45,1,1,0,6,0,0,0.0,0.0,6,6,6.0,0.0,133333.3333,44444.44444,45.0,0.0,45,45,0,0.0,0.0,0,0,0,0.0,0.0,0,0,0,0,0,0,40,20,22222.22222,22222.22222,0,6,2.0,3.464101615,12.0,0,0,0,1,0,0,0,0,1,3.0,0.0,6.0,40,0,0,0,0,0,0,1,0,1,6,29200,0,0,40,0.0,0.0,0,0,0.0,0.0,0,0,1
443,110615320,19,18,1325,3583,981,0,69.7368421053,227.220852453,1481,0,199.0555555556,472.8032139114,44.3699841939,0.3344925459,3072647.77777778,4666719.34865567,10012656,40,110580041,6143335.61111111,5028492.24542044,10047914,186,110579874,6504698.47058823,4941683.69866166,10047976,220,0,0,0,0,616,584,0.1717664425,0.1627261034,0,1481,129.1578947368,363.9597190599,132466.677098151,0,0,0,1,0,0,0,0,0,132.6486486486,69.7368421053,199.0555555556,616,0,0,0,0,0,0,19,1325,18,3583,29200,65,3,32,43175.0909090909,26136.6610470984,121980,35253,10009555.9090909,7140.7641111376,10012656,9990962,0
9944,42,1,1,2,6,2,2,2.0,0.0,6,6,6.0,0.0,190476.1905,47619.04762,42.0,0.0,42,42,0,0.0,0.0,0,0,0,0.0,0.0,0,0,0,0,0,0,24,20,23809.52381,23809.52381,2,6,3.333333333,2.309401077,5.333333333,0,0,0,1,0,0,0,0,1,5.0,2.0,6.0,24,0,0,0,0,0,0,1,2,1,6,1024,0,0,24,0.0,0.0,0,0,0.0,0.0,0,0,1
53,23952,2,2,68,132,34,34,34.0,0.0,66,66,66.0,0.0,8350.0334,167.000668,7984.0,13786.27517,23903,3,3,3.0,0.0,3,3,46,46.0,0.0,46,46,0,0,0,0,40,64,83.500334,83.500334,34,66,46.8,17.52712184,307.2,0,0,0,0,0,0,0,0,1,58.5,34.0,66.0,40,0,0,0,0,0,0,2,68,2,132,-1,-1,1,20,0.0,0.0,0,0,0.0,0.0,0,0,0
80,98457743,8,6,289,11595,289,0,36.125,102.1769299,5792,0,1932.5,2181.008184,120.7015278,0.142192981,7573672.538,27300000.0,98400000,1,98400000,14100000.0,37200000.0,98400000,1,29374,5874.8,8570.686361,19202,46,0,0,0,0,264,200,0.081253132,0.060939849,0,5792,792.2666667,1622.598114,2632824.638,0,0,0,0,1,0,0,0,0,848.8571429,36.125,1932.5,264,0,0,0,0,0,0,8,289,6,11595,274,235,1,32,985.0,0.0,985,985,98400000.0,0.0,98400000,98400000,1
80,44530,3,6,26,11607,20,0,8.666666667,10.26320288,5840,0,1934.5,2538.919278,261239.6137,202.1109364,5566.25,14603.04004,41660,5,2321,1160.5,1634.123771,2316,5,44422,8884.4,18346.54929,41660,14,0,0,0,0,72,132,67.37031215,134.7406243,0,5840,1163.3,2138.329153,4572451.567,0,0,0,1,0,0,0,0,2,1292.555556,8.666666667,1934.5,72,0,0,0,0,0,0,3,26,6,11607,8192,229,2,20,0.0,0.0,0,0,0.0,0.0,0,0,1
53,61597,2,2,70,456,35,35,35.0,0.0,228,228,228.0,0.0,8539.376917707,64.9382275111,20532.3333333333,35556.9823569624,61590,3,4,4.0,0.0,4,4,3,3.0,0.0,3,3,0,0,0,0,64,64,32.4691137555,32.4691137555,35,228,112.2,105.7104535985,11174.7,0,0,0,0,0,0,0,0,1,140.25,35.0,228.0,64,0,0,0,0,0,0,2,70,2,456,-1,-1,1,32,0.0,0.0,0,0,0.0,0.0,0,0,0
80,472029,3,4,505,1196,499,0,168.3333333,286.3814473,1184,0,299.0,590.0067796,3603.592152,14.82959733,78671.5,117526.095,230400,4,230547,115273.5,162724.3622,230337,210,241833,80611.0,130142.8948,230751,4,0,0,0,0,72,92,6.355541715,8.474055619,0,1184,212.625,429.1669464,184184.2679,0,0,0,1,0,0,0,0,1,243.0,168.3333333,299.0,72,0,0,0,0,0,0,3,505,4,1196,8192,4879,2,20,0.0,0.0,0,0,0.0,0.0,0,0,0
54938,3,2,0,31,0,31,0,15.5,21.9203102168,0,0,0.0,0.0,10333333.3333333,666666.666666667,3.0,0.0,3,3,3,3.0,0.0,3,3,0,0.0,0.0,0,0,1,0,0,0,64,0,666666.666666667,0.0,0,31,20.6666666667,17.8978583449,320.3333333333,0,1,0,0,1,0,0,0,0,31.0,15.5,0.0,64,0,0,0,0,0,0,2,31,0,0,119,-1,0,32,0.0,0.0,0,0,0.0,0.0,0,0,0
48041,51,1,1,6,6,6,6,6.0,0.0,6,6,6.0,0.0,235294.1176,39215.68627,51.0,0.0,51,51,0,0.0,0.0,0,0,0,0.0,0.0,0,0,0,0,0,0,20,20,19607.84314,19607.84314,6,6,6.0,0.0,0.0,0,0,0,0,1,1,0,0,1,9.0,6.0,6.0,20,0,0,0,0,0,0,1,6,1,6,14600,29200,0,20,0.0,0.0,0,0,0.0,0.0,0,0,0
53,422,1,1,62,112,62,62,62.0,0.0,112,112,112.0,0.0,412322.2749,4739.336493,422.0,0.0,422,422,0,0.0,0.0,0,0,0,0.0,0.0,0,0,0,0,0,0,20,20,2369.668246,2369.668246,62,112,78.66666667,28.86751346,833.3333333,0,0,0,0,0,0,0,0,1,118.0,62.0,112.0,20,0,0,0,0,0,0,1,62,1,112,-1,-1,0,20,0.0,0.0,0,0,0.0,0.0,0,0,0
53,210,2,2,58,148,29,29,29.0,0.0,74,74,74.0,0.0,980952.381,19047.61905,70.0,37.2424489,113,48,49,49.0,0.0,49,49,48,48.0,0.0,48,48,0,0,0,0,80,80,9523.809524,9523.809524,29,74,47.0,24.64751509,607.5,0,0,0,0,0,0,0,0,1,58.75,29.0,74.0,80,0,0,0,0,0,0,2,58,2,148,-1,-1,1,40,0.0,0.0,0,0,0.0,0.0,0,0,0
80,85037993,9,5,353,11595,353,0,39.22222222,117.6666667,5792,0,2319.0,3170.403917,140.5019048,0.164632296,6541384.077,23500000.0,84900000,0,84900000,10600000.0,30000000.0,84900000,0,157270,39317.5,68882.18975,142104,47,0,0,0,0,296,168,0.105835047,0.058797248,0,5792,796.5333333,2030.170256,4121591.267,0,0,0,0,1,0,0,0,0,853.4285714,39.22222222,2319.0,296,0,0,0,0,0,0,9,353,5,11595,274,235,1,32,992.0,0.0,992,992,84900000.0,0.0,84900000,84900000,1
443,5337104,9,6,363,3723,206,0,40.3333333333,74.6927037936,1448,0,620.5,674.3310018085,765.5837323013,2.8105129673,381221.714285714,1364980.7885475,5123318,6,5337104,667138.0,1800747.30287488,5123318,12,134381,26876.2,34579.7884854723,66173,49,0,0,0,0,296,200,1.6863077804,1.1242051869,0,1448,255.375,489.8669036926,239969.583333333,0,0,0,1,0,0,0,0,0,272.4,40.3333333333,620.5,296,0,0,0,0,0,0,9,363,6,3723,29200,61,3,32,213774.0,0.0,213774,213774,5123318.0,0.0,5123318,5123318,0
443,69429255,14,18,1688,7293,1253,0,120.5714285714,332.498401219,1460,0,405.1666666667,625.9033236757,129.3546934934,0.4609008119,2239653.38709677,4181643.96223984,9999289,48,60233734,4633364.15384615,5156597.87862083,10021596,162,69407006,4082765.05882353,5019793.76013023,10021438,48,0,0,0,0,292,444,0.2016441052,0.2592567067,0,1460,272.1515151515,524.7399428057,275352.007575758,0,0,0,1,0,0,0,0,1,280.65625,120.5714285714,405.1666666667,292,0,0,0,0,0,0,14,1688,18,7293,8192,0,13,20,66211.5714285714,116374.956037023,330125,22049,9852253.42857143,308313.433176293,9999289,9173334,0
21,257,2,1,14,0,14,0,7.0,9.899494937,0,0,0.0,0.0,54474.70817,11673.15175,128.5,78.48885271,184,73,257,257.0,0.0,257,257,0,0.0,0.0,0,0,1,0,0,0,64,20,7782.101167,3891.050584,0,14,7.0,8.082903769,65.33333333,0,1,0,0,1,0,0,0,0,9.333333333,7.0,0.0,64,0,0,0,0,0,0,2,14,1,0,229,0,0,32,0.0,0.0,0,0,0.0,0.0,0,0,1
443,15855803,10,8,1409,3084,789,0,140.9,254.2900575,1460,0,385.5,595.3188821,283.3662855,1.135231057,932694.2941,2690609.94,9955868,47,15900000,1761755.889,3589573.934,9955868,47,10200000,1458531.429,3782659.887,10000000,206,0,0,0,0,212,172,0.630683921,0.504547136,0,1460,236.4736842,433.8289945,188207.5965,0,0,0,1,0,0,0,0,0,249.6111111,140.9,385.5,212,0,0,0,0,0,0,10,1409,8,3084,8192,10240,9,20,144240.0,155269.3354,254032,34448,7783638.0,3071997.127,9955868,5611408,0
80,1,2,0,0,0,0,0,0.0,0.0,0,0,0.0,0.0,0.0,2000000.0,1.0,0.0,1,1,1,1.0,0.0,1,1,0,0.0,0.0,0,0,0,0,0,0,64,0,2000000.0,0.0,0,0,0.0,0.0,0.0,0,0,0,0,1,0,0,0,0,0.0,0.0,0.0,64,0,0,0,0,0,0,2,0,0,0,251,-1,0,32,0.0,0.0,0,0,0.0,0.0,0,0,1
53,163,2,2,78,110,39,39,39.0,0.0,55,55,55.0,0.0,1153374.233,24539.8773,54.33333333,88.04733575,156,3,3,3.0,0.0,3,3,4,4.0,0.0,4,4,0,0,0,0,64,64,12269.93865,12269.93865,39,55,45.4,8.76356092,76.8,0,0,0,0,0,0,0,0,1,56.75,39.0,55.0,64,0,0,0,0,0,0,2,78,2,110,-1,-1,1,32,0.0,0.0,0,0,0.0,0.0,0,0,0
80,101864775,10,8,2098,11595,416,0,209.8,217.3649261,4344,0,1449.375,1547.981999,134.4233078,0.176704852,5992045.588,24200000.0,100000000,1,102000000,11300000.0,33300000.0,100000000,1,102000000,14600000.0,37700000.0,100000000,49,0,0,0,0,292,264,0.098169362,0.07853549,0,4344,721.0,1168.277127,1364871.444,1,0,0,0,0,0,0,0,0,761.0555556,209.8,1449.375,292,0,0,0,0,0,0,10,2098,8,11595,0,235,7,20,11033.0,0.0,11033,11033,100000000.0,0.0,100000000,100000000,1
80,78878377,8,6,56,11607,20,0,7.0,5.656854249,5840,0,1934.5,2538.919278,147.8605474,0.177488439,6067567.462,18300000.0,66300000,2,77100000,11000000.0,24700000.0,66300000,2,1818196,363639.2,812668.1095,1817384,3,0,0,0,0,172,132,0.101421965,0.076066474,0,5840,777.9333333,1804.898987,3257660.352,0,0,0,0,1,0,0,0,0,833.5,7.0,1934.5,172,0,0,0,0,0,0,8,56,6,11607,256,229,6,20,2102.0,0.0,2102,2102,38500000.0,39200000.0,66300000,10800000,1
80,12008696,4,0,24,0,6,6,6.0,0.0,0,0,0.0,0.0,1.998551716,0.333091953,4002898.667,6933220.404,12000000,1,12000000,4002898.667,6933220.404,12000000,1,0,0.0,0.0,0,0,0,0,0,0,80,0,0.333091953,0.0,6,6,6.0,0.0,0.0,0,0,0,0,1,0,0,0,0,7.5,6.0,0.0,80,0,0,0,0,0,0,4,24,0,0,256,-1,3,20,4.0,0.0,4,4,12000000.0,0.0,12000000,12000000,1
22,113,1,1,0,0,0,0,0.0,0.0,0,0,0.0,0.0,0.0,17699.11504,113.0,0.0,113,113,0,0.0,0.0,0,0,0,0.0,0.0,0,0,0,0,0,0,32,32,8849.557522,8849.557522,0,0,0.0,0.0,0.0,0,0,0,0,1,1,0,0,1,0.0,0.0,0.0,32,0,0,0,0,0,0,1,0,1,0,259,247,0,32,0.0,0.0,0,0,0.0,0.0,0,0,1
6003,60,1,1,2,6,2,2,2.0,0.0,6,6,6.0,0.0,133333.3333,33333.33333,60.0,0.0,60,60,0,0.0,0.0,0,0,0,0.0,0.0,0,0,0,0,0,0,24,20,16666.66667,16666.66667,2,6,3.333333333,2.309401077,5.333333333,0,0,0,1,0,0,0,0,1,5.0,2.0,6.0,24,0,0,0,0,0,0,1,2,1,6,1024,0,0,24,0.0,0.0,0,0,0.0,0.0,0,0,1
443,87156396,15,17,1261,4651,448,0,84.06666667,130.5370591,1410,0,273.5882353,458.0399899,67.83208429,0.367156072,2811496.645,11500000.0,58200000,3,87200000,6225456.857,16800000.0,58200000,14,87100000,5445406.125,15800000.0,58300000,3,0,0,0,0,336,352,0.172104409,0.195051663,0,1410,179.1515152,349.7629663,122334.1326,0,0,0,1,0,0,0,0,1,184.75,84.06666667,273.5882353,336,0,0,0,0,0,0,15,1261,17,4651,8192,127,7,20,138264.5,153103.4674,246525,30004,43400000.0,21000000.0,58200000,28500000,0
80,97962313,8,5,339,11595,339,0,42.375,119.8545994,5792,0,2319.0,2423.629716,121.8223584,0.132704094,8163526.083,28300000.0,98000000,5,98000000,14000000.0,37000000.0,98000000,5,9386,2346.5,4312.335678,8815,185,0,0,0,0,264,168,0.081664058,0.051040036,0,5792,852.4285714,1761.266315,3102059.033,0,0,0,0,1,0,0,0,0,918.0,42.375,2319.0,264,0,0,0,0,0,0,8,339,5,11595,274,235,1,32,1136.0,0.0,1136,1136,98000000.0,0.0,98000000,98000000,1
53,93157,2,2,56,220,28,28,28.0,0.0,110,110,110.0,0.0,2962.74032,42.93826551,31052.33333,53741.78892,93108,1,1,1.0,0.0,1,1,48,48.0,0.0,48,48,0,0,0,0,64,64,21.46913275,21.46913275,28,110,60.8,44.91324972,2017.2,0,0,0,0,0,0,0,0,1,76.0,28.0,110.0,64,0,0,0,0,0,0,2,56,2,220,-1,-1,1,32,0.0,0.0,0,0,0.0,0.0,0,0,0
21,214,2,1,14,0,14,0,7.0,9.899494937,0,0,0.0,0.0,65420.56075,14018.69159,107.0,76.36753237,161,53,214,214.0,0.0,214,214,0,0.0,0.0,0,0,1,0,0,0,64,20,9345.794393,4672.897196,0,14,7.0,8.082903769,65.33333333,0,1,0,0,1,0,0,0,0,9.333333333,7.0,0.0,64,0,0,0,0,0,0,2,14,1,0,229,0,0,32,0.0,0.0,0,0,0.0,0.0,0,0,1
80,114687526,23,22,2161,9810,430,0,93.95652174,181.0915083,1962,0,445.9090909,706.2756719,104.3792679,0.392370483,2606534.682,4342273.974,10000000,62,112000000,5077955.909,5076466.433,10100000,126,115000000,5459552.667,4959649.114,10100000,167,0,0,0,0,472,584,0.200544914,0.19182557,0,1962,260.2391304,530.3853603,281308.6304,0,0,0,1,0,0,0,0,0,266.0222222,93.95652174,445.9090909,472,0,0,0,0,0,0,23,2161,22,9810,8192,1080,16,20,152881.0,384899.9649,1313398,36672,10000000.0,5928.422738,10000000,9995596,0
49632,29488,6,1,186,6,51,6,31.0,20.6494552,6,6,6.0,0.0,6511.123169,237.3846989,4914.666667,11975.29588,29359,1,29488,5897.6,13174.01997,29464,1,0,0.0,0.0,0,0,1,0,0,0,120,20,203.472599,33.91209984,6,51,30.375,21.22624723,450.5535714,0,1,0,0,1,0,0,0,0,34.71428571,31.0,6.0,120,0,0,0,0,0,0,6,186,1,6,16,0,5,20,0.0,0.0,0,0,0.0,0.0,0,0,0
443,959947,1,1,6,31,6,6,6.0,0.0,31,31,31.0,0.0,38.54379461,2.083448357,959947.0,0.0,959947,959947,0,0.0,0.0,0,0,0,0.0,0.0,0,0,0,0,0,0,20,20,1.041724179,1.041724179,6,31,14.33333333,14.43375673,208.3333333,1,0,0,0,0,0,0,0,1,21.5,6.0,31.0,20,0,0,0,0,0,0,1,6,1,31,0,63,0,20,0.0,0.0,0,0,0.0,0.0,0,0,0
443,112593,1,1,6,6,6,6,6.0,0.0,6,6,6.0,0.0,106.5785617,17.76309362,112593.0,0.0,112593,112593,0,0.0,0.0,0,0,0,0.0,0.0,0,0,0,0,0,0,20,20,8.88154681,8.88154681,6,6,6.0,0.0,0.0,0,0,0,0,1,1,0,0,1,9.0,6.0,6.0,20,0,0,0,0,0,0,1,6,1,6,253,63,0,20,0.0,0.0,0,0,0.0,0.0,0,0,0
80,84641048,7,6,343,11595,319,0,49.0,119.0924011,10136,0,1932.5,4060.245892,141.0426771,0.153589781,7053420.667,24400000.0,84500000,1,84500000,14100000.0,34500000.0,84500000,1,84600000,16900000.0,37800000.0,84500000,42,0,0,0,0,184,200,0.08270219,0.070887591,0,10136,853.1428571,2699.676957,7288255.67,1,0,0,0,0,0,0,0,0,918.7692308,49.0,1932.5,184,0,0,0,0,0,0,7,343,6,11595,0,235,4,20,10989.0,0.0,10989,10989,84500000.0,0.0,84500000,84500000,1
62481,37,1,1,0,0,0,0,0.0,0.0,0,0,0.0,0.0,0.0,54054.0540540541,37.0,0.0,37,37,0,0.0,0.0,0,0,0,0.0,0.0,0,0,0,0,0,0,32,32,27027.027027027,27027.027027027,0,0,0.0,0.0,0.0,0,0,0,0,1,0,0,0,1,0.0,0.0,0.0,32,0,0,0,0,0,0,1,0,1,0,362,32832,0,32,0.0,0.0,0,0,0.0,0.0,0,0,0
53,201,2,2,72,104,36,36,36.0,0.0,52,52,52.0,0.0,875621.8905,19900.49751,67.0,76.97402159,152,2,2,2.0,0.0,2,2,47,47.0,0.0,47,47,0,0,0,0,40,40,9950.248756,9950.248756,36,52,42.4,8.76356092,76.8,0,0,0,0,0,0,0,0,1,53.0,36.0,52.0,40,0,0,0,0,0,0,2,72,2,104,-1,-1,1,20,0.0,0.0,0,0,0.0,0.0,0,0,0
53,30961,2,2,60,188,30,30,30.0,0.0,94,94,94.0,0.0,8010.077194,129.1947934,10320.33333,17870.14553,30955,3,3,3.0,0.0,3,3,3,3.0,0.0,3,3,0,0,0,0,40,40,64.59739672,64.59739672,30,94,55.6,35.05424368,1228.8,0,0,0,0,0,0,0,0,1,69.5,30.0,94.0,40,0,0,0,0,0,0,2,60,2,188,-1,-1,1,20,0.0,0.0,0,0,0.0,0.0,0,0,0
80,100373906,9,7,375,11595,375,0,41.66666667,125.0,4344,0,1656.428571,1547.737688,119.2541018,0.159403979,6691593.733,25900000.0,100000000,0,100000000,12500000.0,35500000.0,100000000,0,90575,15095.83333,31663.19353,79117,48,0,0,0,0,296,232,0.089664738,0.069739241,0,4344,704.1176471,1257.268313,1580723.61,0,0,0,0,1,0,0,0,0,748.125,41.66666667,1656.428571,296,0,0,0,0,0,0,9,375,7,11595,274,235,1,32,1009.0,0.0,1009,1009,100000000.0,0.0,100000000,100000000,1
80,3,2,0,0,0,0,0,0.0,0.0,0,0,0.0,0.0,0.0,666666.6667,3.0,0.0,3,3,3,3.0,0.0,3,3,0,0.0,0.0,0,0,0,0,0,0,64,0,666666.6667,0.0,0,0,0.0,0.0,0.0,0,0,0,0,1,0,0,0,0,0.0,0.0,0.0,64,0,0,0,0,0,0,2,0,0,0,274,-1,0,32,0.0,0.0,0,0,0.0,0.0,0,0,1
13,42,1,1,0,6,0,0,0.0,0.0,6,6,6.0,0.0,142857.1429,47619.04762,42.0,0.0,42,42,0,0.0,0.0,0,0,0,0.0,0.0,0,0,0,0,0,0,40,20,23809.52381,23809.52381,0,6,2.0,3.464101615,12.0,0,0,0,1,0,0,0,0,1,3.0,0.0,6.0,40,0,0,0,0,0,0,1,0,1,6,29200,0,0,40,0.0,0.0,0,0,0.0,0.0,0,0,1
80,5485286,3,1,0,0,0,0,0.0,0.0,0,0,0.0,0.0,0.0,0.729223599,1828428.667,3166162.332,5484398,150,5485286,2742643.0,3877427.106,5484398,888,0,0.0,0.0,0,0,0,0,0,0,104,40,0.546917699,0.1823059,0,0,0.0,0.0,0.0,0,0,0,1,0,0,0,0,0,0.0,0.0,0.0,104,0,0,0,0,0,0,3,0,1,0,29200,28960,0,32,0.0,0.0,0,0,0.0,0.0,0,0,1
53,47530,2,2,66,450,33,33,33.0,0.0,225,225,225.0,0.0,10856.30128,84.15737429,15843.33333,27435.39612,47523,3,3,3.0,0.0,3,3,4,4.0,0.0,4,4,0,0,0,0,40,40,42.07868714,42.07868714,33,225,109.8,105.162731,11059.2,0,0,0,0,0,0,0,0,1,137.25,33.0,225.0,40,0,0,0,0,0,0,2,66,2,450,-1,-1,1,20,0.0,0.0,0,0,0.0,0.0,0,0,0
80,1327496,3,6,26,11607,20,0,8.666666667,10.26320288,5840,0,1934.5,2538.919278,8763.114917,6.779681445,165937.0,468162.6638,1324580,15,1898,949.0,275.7716447,1144,754,1327419,265483.8,592053.2747,1324580,15,0,0,0,0,72,132,2.259893815,4.51978763,0,5840,1163.3,2138.329153,4572451.567,0,0,0,1,0,0,0,0,2,1292.555556,8.666666667,1934.5,72,0,0,0,0,0,0,3,26,6,11607,8192,229,2,20,0.0,0.0,0,0,0.0,0.0,0,0,1
80,100268636,7,7,630,11595,306,0,90.0,147.5804865,4344,0,1656.428571,2118.227235,121.9224723,0.139624917,7712972.0,27700000.0,99900000,1,100000000,16700000.0,40800000.0,99900000,1,100000000,16700000.0,40800000.0,99900000,2,0,0,0,0,196,232,0.069812459,0.069812459,0,4344,815.4,1611.163457,2595847.686,1,0,0,0,0,0,0,0,1,873.6428571,90.0,1656.428571,196,0,0,0,0,0,0,7,630,7,11595,0,235,4,20,9997.0,0.0,9997,9997,99900000.0,0.0,99900000,99900000,1
80,93049,4,0,24,0,6,6,6.0,0.0,0,0,0.0,0.0,257.9286183,42.98810304,31016.33333,52867.65081,92060,3,93049,31016.33333,52867.65081,92060,3,0,0.0,0.0,0,0,0,0,0,0,80,0,42.98810304,0.0,6,6,6.0,0.0,0.0,0,0,0,0,1,0,0,0,0,7.5,6.0,0.0,80,0,0,0,0,0,0,4,24,0,0,256,-1,3,20,0.0,0.0,0,0,0.0,0.0,0,0,1
80,4452,3,6,352,11595,352,0,117.3333333,203.2272948,5792,0,1932.5,2534.051598,2683513.028,2021.563342,556.5,1390.589187,3994,1,4020,2010.0,2836.912406,4016,4,4430,886.0,1741.277548,3999,48,0,0,0,0,104,200,673.8544474,1347.708895,0,5792,1194.7,2117.788367,4485027.567,0,0,0,1,0,0,0,0,2,1327.444444,117.3333333,1932.5,104,0,0,0,0,0,0,3,352,6,11595,29200,235,1,32,0.0,0.0,0,0,0.0,0.0,0,0,1
80,18514392,2,0,0,0,0,0,0.0,0.0,0,0,0.0,0.0,0.0,0.108024071,18500000.0,0.0,18500000,18500000,18500000,18500000.0,0.0,18500000,18500000,0,0.0,0.0,0,0,0,0,0,0,64,0,0.108024071,0.0,0,0,0.0,0.0,0.0,0,0,0,0,1,0,0,0,0,0.0,0.0,0.0,64,0,0,0,0,0,0,2,0,0,0,284,-1,0,32,0.0,0.0,0,0,18500000.0,0.0,18500000,18500000,1
222,88,1,1,0,6,0,0,0.0,0.0,6,6,6.0,0.0,68181.81818,22727.27273,88.0,0.0,88,88,0,0.0,0.0,0,0,0,0.0,0.0,0,0,0,0,0,0,40,20,11363.63636,11363.63636,0,6,2.0,3.464101615,12.0,0,0,0,1,0,0,0,0,1,3.0,0.0,6.0,40,0,0,0,0,0,0,1,0,1,6,29200,0,0,40,0.0,0.0,0,0,0.0,0.0,0,0,1
80,5,2,0,0,0,0,0,0.0,0.0,0,0,0.0,0.0,0.0,400000.0,5.0,0.0,5,5,5,5.0,0.0,5,5,0,0.0,0.0,0,0,0,0,0,0,64,0,400000.0,0.0,0,0,0.0,0.0,0.0,0,0,0,0,1,0,0,0,0,0.0,0.0,0.0,64,0,0,0,0,0,0,2,0,0,0,251,-1,0,32,0.0,0.0,0,0,0.0,0.0,0,0,1
38313,76,1,1,0,0,0,0,0.0,0.0,0,0,0.0,0.0,0.0,26315.7894736842,76.0,0.0,76,76,0,0.0,0.0,0,0,0,0.0,0.0,0,0,0,0,0,0,32,32,13157.8947368421,13157.8947368421,0,0,0.0,0.0,0.0,0,0,0,0,1,0,0,0,1,0.0,0.0,0.0,32,0,0,0,0,0,0,1,0,1,0,5474,39096,0,32,0.0,0.0,0,0,0.0,0.0,0,0,0
56811,3,2,0,28,0,14,14,14.0,0.0,0,0,0.0,0.0,9333333.333,666666.6667,3.0,0.0,3,3,3,3.0,0.0,3,3,0,0.0,0.0,0,0,0,0,0,0,64,0,666666.6667,0.0,14,14,14.0,0.0,0.0,0,0,0,0,0,0,0,0,0,21.0,14.0,0.0,64,0,0,0,0,0,0,2,28,0,0,-1,-1,1,32,0.0,0.0,0,0,0.0,0.0,0,0,0
53,282,2,2,74,234,37,37,37.0,0.0,117,117,117.0,0.0,1092198.582,14184.39716,94.0,156.7513955,275,3,3,3.0,0.0,3,3,4,4.0,0.0,4,4,0,0,0,0,80,80,7092.198582,7092.198582,37,117,69.0,43.8178046,1920.0,0,0,0,0,0,0,0,0,1,86.25,37.0,117.0,80,0,0,0,0,0,0,2,74,2,234,-1,-1,1,40,0.0,0.0,0,0,0.0,0.0,0,0,0
80,5,1,1,6,6,6,6,6.0,0.0,6,6,6.0,0.0,2400000.0,400000.0,5.0,0.0,5,5,0,0.0,0.0,0,0,0,0.0,0.0,0,0,0,0,0,0,20,20,200000.0,200000.0,6,6,6.0,0.0,0.0,0,0,0,0,1,0,0,0,1,9.0,6.0,6.0,20,0,0,0,0,0,0,1,6,1,6,16196,946,0,20,0.0,0.0,0,0,0.0,0.0,0,0,0
80,83230087,6,6,395,11595,377,0,65.83333333,152.4682481,7240,0,1932.5,3126.682571,144.0584821,0.144178631,7566371.545,25000000.0,83100000,6,83100000,16600000.0,37100000.0,83100000,6,83200000,16600000.0,37100000.0,83100000,85,0,0,0,0,164,200,0.072089315,0.072089315,0,7240,922.7692308,2242.780832,5030065.859,1,0,0,0,0,0,0,0,1,999.6666667,65.83333333,1932.5,164,0,0,0,0,0,0,6,395,6,11595,0,235,3,20,12964.0,0.0,12964,12964,83100000.0,0.0,83100000,83100000,1
80,85473143,7,6,380,11595,374,0,54.28571429,140.9984802,4344,0,1932.5,1754.831473,140.1024881,0.152094559,7122761.917,24600000.0,85300000,2,85300000,14200000.0,34800000.0,85300000,2,148470,29694.0,58245.92829,133248,16,0,0,0,0,220,200,0.08189707,0.070197489,0,4344,855.3571429,1459.755386,2130885.786,0,0,0,0,1,0,0,0,0,921.1538462,54.28571429,1932.5,220,0,0,0,0,0,0,7,380,6,11595,274,235,2,20,3013.0,0.0,3013,3013,85300000.0,0.0,85300000,85300000,1
1061,44,1,1,0,6,0,0,0.0,0.0,6,6,6.0,0.0,136363.6364,45454.54545,44.0,0.0,44,44,0,0.0,0.0,0,0,0,0.0,0.0,0,0,0,0,0,0,40,20,22727.27273,22727.27273,0,6,2.0,3.464101615,12.0,0,0,0,1,0,0,0,0,1,3.0,0.0,6.0,40,0,0,0,0,0,0,1,0,1,6,29200,0,0,40,0.0,0.0,0,0,0.0,0.0,0,0,1
10025,44,1,1,2,6,2,2,2.0,0.0,6,6,6.0,0.0,181818.1818,45454.54545,44.0,0.0,44,44,0,0.0,0.0,0,0,0,0.0,0.0,0,0,0,0,0,0,24,20,22727.27273,22727.27273,2,6,3.333333333,2.309401077,5.333333333,0,0,0,1,0,0,0,0,1,5.0,2.0,6.0,24,0,0,0,0,0,0,1,2,1,6,1024,0,0,24,0.0,0.0,0,0,0.0,0.0,0,0,1
44081,66,1,1,0,0,0,0,0.0,0.0,0,0,0.0,0.0,0.0,30303.0303,66.0,0.0,66,66,0,0.0,0.0,0,0,0,0.0,0.0,0,0,0,0,0,0,32,32,15151.51515,15151.51515,0,0,0.0,0.0,0.0,0,0,0,0,1,1,0,0,1,0.0,0.0,0.0,32,0,0,0,0,0,0,1,0,1,0,180,261,0,32,0.0,0.0,0,0,0.0,0.0,0,0,0
80,1,2,0,0,0,0,0,0.0,0.0,0,0,0.0,0.0,0.0,2000000.0,1.0,0.0,1,1,1,1.0,0.0,1,1,0,0.0,0.0,0,0,0,0,0,0,64,0,2000000.0,0.0,0,0,0.0,0.0,0.0,0,0,0,0,1,0,0,0,0,0.0,0.0,0.0,64,0,0,0,0,0,0,2,0,0,0,274,-1,0,32,0.0,0.0,0,0,0.0,0.0,0,0,1
80,64065890,11,8,306,299,300,0,27.81818182,90.27382587,299,0,37.375,105.7124638,9.443402722,0.296569672,3559216.111,4749775.762,10000000,63,64100000,6406589.0,4790575.81,10100000,50591,60500000,8636023.857,3755521.415,10100000,119310,0,0,0,0,232,168,0.171698231,0.124871441,0,300,30.25,92.08284314,8479.25,0,0,0,1,0,0,0,0,0,31.84210526,27.81818182,37.375,232,0,0,0,0,0,0,11,306,8,299,8192,127,7,20,85274.5,84728.4675,258218,50187,9990109.5,38880.28461,10000000,9911532,0
8021,75,2,2,4,12,2,2,2.0,0.0,6,6,6.0,0.0,213333.3333,53333.33333,25.0,3.464101615,27,21,48,48.0,0.0,48,48,48,48.0,0.0,48,48,0,0,0,0,48,40,26666.66667,26666.66667,2,6,3.6,2.19089023,4.8,0,0,0,1,0,0,0,0,1,4.5,2.0,6.0,48,0,0,0,0,0,0,2,4,2,12,1024,0,1,24,0.0,0.0,0,0,0.0,0.0,0,0,0
80,19519,6,0,0,0,0,0,0.0,0.0,0,0,0.0,0.0,0.0,307.3927968,3903.8,8211.59462,18591,4,19519,3903.8,8211.59462,18591,4,0,0.0,0.0,0,0,0,0,0,0,192,0,307.3927968,0.0,0,0,0.0,0.0,0.0,0,0,0,0,1,0,0,0,0,0.0,0.0,0.0,192,0,0,0,0,0,0,6,0,0,0,251,-1,0,32,0.0,0.0,0,0,0.0,0.0,0,0,1
443,5358278,8,4,390,3716,209,0,48.75,77.1357801,3452,0,929.0,1686.29179,766.2909614,2.239525459,487116.1818,1560215.159,5191044,29,5358278,765468.2857,1951692.744,5191044,46,85548,28516.0,23789.84245,50446,3224,0,0,0,0,172,92,1.493016973,0.746508486,0,3452,315.8461538,946.3395133,895558.4744,0,0,0,1,0,0,0,0,0,342.1666667,48.75,929.0,172,0,0,0,0,0,0,8,390,4,3716,8192,119,7,20,167188.0,0.0,167188,167188,5191044.0,0.0,5191044,5191044,0
53,23457,1,1,45,109,45,45,45.0,0.0,109,109,109.0,0.0,6565.2044165921,85.2623950207,23457.0,0.0,23457,23457,0,0.0,0.0,0,0,0,0.0,0.0,0,0,0,0,0,0,20,20,42.6311975103,42.6311975103,45,109,66.3333333333,36.9504172281,1365.3333333333,0,0,0,0,0,0,0,0,1,99.5,45.0,109.0,20,0,0,0,0,0,0,1,45,1,109,-1,-1,0,20,0.0,0.0,0,0,0.0,0.0,0,0,0
53,133564,2,2,86,202,43,43,43.0,0.0,101,101,101.0,0.0,2156.2696534995,29.9481896319,44521.3333333333,77108.0152016205,133558,3,3,3.0,0.0,3,3,3,3.0,0.0,3,3,0,0,0,0,40,40,14.974094816,14.974094816,43,101,66.2,31.7679083353,1009.2,0,0,0,0,0,0,0,0,1,82.75,43.0,101.0,40,0,0,0,0,0,0,2,86,2,202,-1,-1,1,20,0.0,0.0,0,0,0.0,0.0,0,0,0
443,95264,10,8,529,5296,192,0,52.9,80.35815661,1460,0,662.0,652.5639542,61145.86832,188.948606,5603.764706,8305.702699,24282,3,95264,10584.88889,10852.36553,24538,3,67250,9607.142857,12734.97184,29943,189,0,0,0,0,212,172,104.9714478,83.97715821,0,1460,306.5789474,515.7038681,265950.4795,0,0,0,1,0,0,0,0,0,323.6111111,52.9,662.0,212,0,0,0,0,0,0,10,529,8,5296,8192,980,4,20,0.0,0.0,0,0,0.0,0.0,0,0,0
50061,1,3,0,43,0,31,6,14.3333333333,14.4337567297,0,0,0.0,0.0,43000000.0,3000000.0,0.5,0.7071067812,1,0,1,0.5,0.7071067812,1,0,0,0.0,0.0,0,0,0,0,0,0,60,0,3000000.0,0.0,6,31,12.25,12.5,156.25,0,0,0,0,1,0,0,0,0,16.3333333333,14.3333333333,0.0,60,0,0,0,0,0,0,3,43,0,0,1392,-1,2,20,0.0,0.0,0,0,0.0,0.0,0,0,0
51018,21,1,1,6,6,6,6,6.0,0.0,6,6,6.0,0.0,571428.5714,95238.09524,21.0,0.0,21,21,0,0.0,0.0,0,0,0,0.0,0.0,0,0,0,0,0,0,20,20,47619.04762,47619.04762,6,6,6.0,0.0,0.0,0,0,0,0,1,1,0,0,1,9.0,6.0,6.0,20,0,0,0,0,0,0,1,6,1,6,60,256,0,20,0.0,0.0,0,0,0.0,0.0,0,0,0
3986,48,1,1,0,6,0,0,0.0,0.0,6,6,6.0,0.0,125000.0,41666.66667,48.0,0.0,48,48,0,0.0,0.0,0,0,0,0.0,0.0,0,0,0,0,0,0,40,20,20833.33333,20833.33333,0,6,2.0,3.464101615,12.0,0,0,0,1,0,0,0,0,1,3.0,0.0,6.0,40,0,0,0,0,0,0,1,0,1,6,29200,0,0,40,0.0,0.0,0,0,0.0,0.0,0,0,1
53,211,2,2,84,204,42,42,42.0,0.0,102,102,102.0,0.0,1364928.91,18957.34597,70.33333333,114.8927036,203,4,4,4.0,0.0,4,4,4,4.0,0.0,4,4,0,0,0,0,80,80,9478.672986,9478.672986,42,102,66.0,32.86335345,1080.0,0,0,0,0,0,0,0,0,1,82.5,42.0,102.0,80,0,0,0,0,0,0,2,84,2,204,-1,-1,1,40,0.0,0.0,0,0,0.0,0.0,0,0,0
80,5339266,3,1,12,0,6,0,4.0,3.464101615,0,0,0.0,0.0,2.247499937,0.749166646,1779755.333,3062456.225,5315950,100,5339266,2669633.0,3742457.392,5315950,23316,0,0.0,0.0,0,0,0,0,0,0,72,32,0.561874984,0.187291661,0,6,2.4,3.286335345,10.8,0,0,0,1,0,0,0,0,0,3.0,4.0,0.0,72,0,0,0,0,0,0,3,12,1,0,8192,29200,2,20,0.0,0.0,0,0,0.0,0.0,0,0,0
80,11251,2,0,0,0,0,0,0.0,0.0,0,0,0.0,0.0,0.0,177.7619767,11251.0,0.0,11251,11251,11251,11251.0,0.0,11251,11251,0,0.0,0.0,0,0,0,0,0,0,64,0,177.7619767,0.0,0,0,0.0,0.0,0.0,0,0,0,0,1,0,0,0,0,0.0,0.0,0.0,64,0,0,0,0,0,0,2,0,0,0,242,-1,0,32,0.0,0.0,0,0,0.0,0.0,0,0,0
53,74683,2,2,68,150,34,34,34.0,0.0,75,75,75.0,0.0,2919.004325,53.55971238,24894.33333,43117.38413,74682,0,0,0.0,0.0,0,0,1,1.0,0.0,1,1,0,0,0,0,40,40,26.77985619,26.77985619,34,75,50.4,22.45662486,504.3,0,0,0,0,0,0,0,0,1,63.0,34.0,75.0,40,0,0,0,0,0,0,2,68,2,150,-1,-1,1,20,0.0,0.0,0,0,0.0,0.0,0,0,0
80,1244570,3,6,26,11607,20,0,8.666666667,10.26320288,5840,0,1934.5,2558.396197,9347.003383,7.231413259,155571.25,439576.7233,1243468,2,847,423.5,446.1843789,739,108,1244518,248903.6,555978.5102,1243468,2,0,0,0,0,72,132,2.410471086,4.820942173,0,5840,1163.3,2151.187375,4627607.122,0,0,0,1,0,0,0,0,2,1292.555556,8.666666667,1934.5,72,0,0,0,0,0,0,3,26,6,11607,8192,229,2,20,0.0,0.0,0,0,0.0,0.0,0,0,1
80,98694750,7,7,352,11595,352,0,50.28571429,133.0434945,4344,0,1656.428571,1547.737688,121.0500052,0.141851517,7591903.846,27300000.0,98600000,15,98600000,16400000.0,40200000.0,98600000,49,143609,23934.83333,53189.78744,132142,15,0,0,0,0,232,232,0.070925758,0.070925758,0,4344,796.4666667,1314.418876,1727696.981,0,0,0,0,1,0,0,0,1,853.3571429,50.28571429,1656.428571,232,0,0,0,0,0,0,7,352,7,11595,251,235,1,32,706.0,0.0,706,706,98600000.0,0.0,98600000,98600000,1
9102,58,1,1,2,6,2,2,2.0,0.0,6,6,6.0,0.0,137931.0345,34482.75862,58.0,0.0,58,58,0,0.0,0.0,0,0,0,0.0,0.0,0,0,0,0,0,0,24,20,17241.37931,17241.37931,2,6,3.333333333,2.309401077,5.333333333,0,0,0,1,0,0,0,0,1,5.0,2.0,6.0,24,0,0,0,0,0,0,1,2,1,6,1024,0,0,24,0.0,0.0,0,0,0.0,0.0,0,0,1
1056,58,1,1,0,6,0,0,0.0,0.0,6,6,6.0,0.0,103448.2759,34482.75862,58.0,0.0,58,58,0,0.0,0.0,0,0,0,0.0,0.0,0,0,0,0,0,0,40,20,17241.37931,17241.37931,0,6,2.0,3.464101615,12.0,0,0,0,1,0,0,0,0,1,3.0,0.0,6.0,40,0,0,0,0,0,0,1,0,1,6,29200,0,0,40,0.0,0.0,0,0,0.0,0.0,0,0,1
53,157,2,2,80,202,40,40,40.0,0.0,101,101,101.0,0.0,1796178.344,25477.70701,52.33333333,51.63655036,106,3,3,3.0,0.0,3,3,48,48.0,0.0,48,48,0,0,0,0,64,64,12738.8535,12738.8535,40,101,64.4,33.41107601,1116.3,0,0,0,0,0,0,0,0,1,80.5,40.0,101.0,64,0,0,0,0,0,0,2,80,2,202,-1,-1,1,32,0.0,0.0,0,0,0.0,0.0,0,0,0
80,1243412,4,0,24,0,6,6,6.0,0.0,0,0,0.0,0.0,19.30172783,3.216954638,414470.6667,717880.7888,1243408,1,1243412,414470.6667,717880.7888,1243408,1,0,0.0,0.0,0,0,0,0,0,0,80,0,3.216954638,0.0,6,6,6.0,0.0,0.0,0,0,0,0,1,0,0,0,0,7.5,6.0,0.0,80,0,0,0,0,0,0,4,24,0,0,256,-1,3,20,0.0,0.0,0,0,0.0,0.0,0,0,1
80,117446464,9,5,826,11595,401,0,91.77777778,175.3345215,7240,0,2319.0,3335.221882,105.7588247,0.119203248,9034343.385,28000000.0,101000000,1,117000000,14700000.0,35300000.0,101000000,1,117000000,29400000.0,58500000.0,117000000,190,0,0,0,0,256,168,0.07663066,0.042572589,0,7240,828.4666667,2094.381118,4386432.267,1,0,0,0,0,0,0,0,0,887.6428571,91.77777778,2319.0,256,0,0,0,0,0,0,9,826,5,11595,0,235,5,20,10958.0,0.0,10958,10958,58500000.0,60100000.0,101000000,16000000,1
80,5074862,3,1,0,0,0,0,0.0,0.0,0,0,0.0,0.0,0.0,0.788198773,1691620.667,2929211.723,5073983,123,5074862,2537431.0,3587226.24,5073983,879,0,0.0,0.0,0,0,0,0,0,0,104,40,0.59114908,0.197049693,0,0,0.0,0.0,0.0,0,0,0,1,0,0,0,0,0,0.0,0.0,0.0,104,0,0,0,0,0,0,3,0,1,0,29200,28960,0,32,0.0,0.0,0,0,0.0,0.0,0,0,1
53,46505,2,2,68,228,34,34,34.0,0.0,114,114,114.0,0.0,6364.906999,86.01225675,15501.66667,26844.47812,46499,3,3,3.0,0.0,3,3,3,3.0,0.0,3,3,0,0,0,0,40,40,43.00612837,43.00612837,34,114,66.0,43.8178046,1920.0,0,0,0,0,0,0,0,0,1,82.5,34.0,114.0,40,0,0,0,0,0,0,2,68,2,228,-1,-1,1,20,0.0,0.0,0,0,0.0,0.0,0,0,0
1141,18,1,1,2,6,2,2,2.0,0.0,6,6,6.0,0.0,444444.4444,111111.1111,18.0,0.0,18,18,0,0.0,0.0,0,0,0,0.0,0.0,0,0,0,0,0,0,24,20,55555.55556,55555.55556,2,6,3.333333333,2.309401077,5.333333333,0,0,0,1,0,0,0,0,1,5.0,2.0,6.0,24,0,0,0,0,0,0,1,2,1,6,1024,0,0,24,0.0,0.0,0,0,0.0,0.0,0,0,1
443,20725,3,1,0,0,0,0,0.0,0.0,0,0,0.0,0.0,0.0,193.0036188,6908.333333,11961.2543,20720,1,5,2.5,2.121320344,4,1,0,0.0,0.0,0,0,0,0,0,0,60,20,144.7527141,48.2509047,0,0,0.0,0.0,0.0,1,0,0,0,0,0,0,0,0,0.0,0.0,0.0,60,0,0,0,0,0,0,3,0,1,0,0,0,0,20,0.0,0.0,0,0,0.0,0.0,0,0,0
443,69212799,7,8,289,292,151,0,41.28571429,53.56838087,80,0,36.5,32.87639188,8.394401157,0.216722921,4943771.357,15500000.0,57900000,4,69200000,11500000.0,23200000.0,58000000,410,69100000,9875087.0,21600000.0,58000000,4,1,0,0,0,140,160,0.101137363,0.115585558,0,151,39.1875,40.75817914,1661.229167,0,1,0,0,1,0,0,0,1,41.8,41.28571429,36.5,140,0,0,0,0,0,0,7,289,8,292,255,544,3,20,108940.0,30022.33972,130169,87711,34500000.0,33200000.0,57900000,11000000,0
43360,1,2,0,605,0,605,0,302.5,427.7996026,0,0,0.0,0.0,605000000.0,2000000.0,1.0,0.0,1,1,1,1.0,0.0,1,1,0,0.0,0.0,0,0,1,0,0,0,40,0,2000000.0,0.0,0,605,403.3333333,349.2969129,122008.3333,0,1,0,0,1,0,0,0,0,605.0,302.5,0.0,40,0,0,0,0,0,0,2,605,0,0,256,-1,0,20,0.0,0.0,0,0,0.0,0.0,0,0,0
80,63086168,7,0,0,0,0,0,0.0,0.0,0,0,0.0,0.0,0.0,0.110959347,10500000.0,11900000.0,32000000,998611,63100000,10500000.0,11900000.0,32000000,998611,0,0.0,0.0,0,0,0,0,0,0,280,0,0.110959347,0.0,0,0,0.0,0.0,0.0,0,0,0,1,0,0,0,0,0,0.0,0.0,0.0,280,0,0,0,0,0,0,7,0,0,0,29200,-1,0,40,7006402.0,0.0,7006402,7006402,18700000.0,12200000.0,32000000,8015998,1
53,31296,4,2,136,250,34,34,34.0,0.0,125,125,125.0,0.0,12333.84458,191.7177914,6259.2,13725.83188,30810,3,30817,10272.33333,17786.14107,30810,3,4,4.0,0.0,4,4,0,0,0,0,80,40,127.8118609,63.90593047,34,125,60.0,44.40345332,1971.666667,0,0,0,0,0,0,0,0,0,70.0,34.0,125.0,80,0,0,0,0,0,0,4,136,2,250,-1,-1,3,20,0.0,0.0,0,0,0.0,0.0,0,0,0
53,241592,1,1,46,160,46,46,46.0,0.0,160,160,160.0,0.0,852.677241,8.278419815,241592.0,0.0,241592,241592,0,0.0,0.0,0,0,0,0.0,0.0,0,0,0,0,0,0,32,20,4.139209908,4.139209908,46,160,84.0,65.81793069,4332.0,0,0,0,0,0,0,0,0,1,126.0,46.0,160.0,32,0,0,0,0,0,0,1,46,1,160,-1,-1,0,32,0.0,0.0,0,0,0.0,0.0,0,0,0
49,48,1,1,2,6,2,2,2.0,0.0,6,6,6.0,0.0,166666.6667,41666.66667,48.0,0.0,48,48,0,0.0,0.0,0,0,0,0.0,0.0,0,0,0,0,0,0,24,20,20833.33333,20833.33333,2,6,3.333333333,2.309401077,5.333333333,0,0,0,1,0,0,0,0,1,5.0,2.0,6.0,24,0,0,0,0,0,0,1,2,1,6,1024,0,0,24,0.0,0.0,0,0,0.0,0.0,0,0,1
80,83117462,8,4,56,11601,20,0,7.0,5.656854249,8760,0,2900.25,4128.319301,140.2473045,0.144373994,7556132.909,23700000.0,78800000,3,83100000,11900000.0,29600000.0,78800000,3,10837,3612.333333,5112.399958,9489,189,0,0,0,0,172,92,0.09624933,0.048124665,0,8760,897.1538462,2488.507044,6192667.308,0,0,0,0,1,0,0,0,0,971.9166667,7.0,2900.25,172,0,0,0,0,0,0,8,56,4,11601,256,229,6,20,4288822.0,0.0,4288822,4288822,78800000.0,0.0,78800000,78800000,1
443,443809,16,11,831,25947,357,0,51.9375,107.1176728,5792,0,2358.818182,1915.202695,60336.76649,60.83698167,17069.57692,45149.82534,229157,1,443809,29587.26667,57093.56981,229157,1,184028,18402.8,24813.0082,68953,3,0,0,0,0,524,360,36.0515447,24.78543698,0,5792,956.3571429,1638.542831,2684822.608,0,0,0,1,0,0,0,0,0,991.7777778,51.9375,2358.818182,524,0,0,0,0,0,0,16,831,11,25947,65535,61,6,32,0.0,0.0,0,0,0.0,0.0,0,0,0
80,7696,3,5,348,11595,348,0,116.0,200.9178937,5792,0,2319.0,2423.629716,1551845.114,1039.50104,1099.428571,2596.914506,6985,7,7020,3510.0,4953.990109,7013,7,7668,1917.0,3416.706114,7042,192,0,0,0,0,104,168,389.8128898,649.6881497,0,5792,1327.0,2081.38992,4332184.0,0,0,0,1,0,0,0,0,1,1492.875,116.0,2319.0,104,0,0,0,0,0,0,3,348,5,11595,29200,235,1,32,0.0,0.0,0,0,0.0,0.0,0,0,1
55504,44,1,1,6,6,6,6,6.0,0.0,6,6,6.0,0.0,272727.2727,45454.54545,44.0,0.0,44,44,0,0.0,0.0,0,0,0,0.0,0.0,0,0,0,0,0,0,20,20,22727.27273,22727.27273,6,6,6.0,0.0,0.0,0,0,0,0,1,1,0,0,1,9.0,6.0,6.0,20,0,0,0,0,0,0,1,6,1,6,127,255,0,20,0.0,0.0,0,0,0.0,0.0,0,0,0
80,4,2,0,0,0,0,0,0.0,0.0,0,0,0.0,0.0,0.0,500000.0,4.0,0.0,4,4,4,4.0,0.0,4,4,0,0.0,0.0,0,0,0,0,0,0,64,0,500000.0,0.0,0,0,0.0,0.0,0.0,0,0,0,0,1,0,0,0,0,0.0,0.0,0.0,64,0,0,0,0,0,0,2,0,0,0,251,-1,0,32,0.0,0.0,0,0,0.0,0.0,0,0,1
56578,23292,2,1,280,6,274,6,140.0,189.5046174,6,6,6.0,0.0,12278.89404,128.7995878,11646.0,16445.88952,23275,17,23292,23292.0,0.0,23292,23292,0,0.0,0.0,0,0,1,0,0,0,40,20,85.86639189,42.93319595,6,274,140.0,154.7298721,23941.33333,0,1,0,0,1,0,0,0,0,186.6666667,140.0,6.0,40,0,0,0,0,0,0,2,280,1,6,60,0,1,20,0.0,0.0,0,0,0.0,0.0,0,0,0
53,279215,2,2,62,140,31,31,31.0,0.0,70,70,70.0,0.0,723.4568343,14.32587791,93071.66667,161159.8237,279163,3,49,49.0,0.0,49,49,3,3.0,0.0,3,3,0,0,0,0,64,40,7.162938954,7.162938954,31,70,46.6,21.36117974,456.3,0,0,0,0,0,0,0,0,1,58.25,31.0,70.0,64,0,0,0,0,0,0,2,62,2,140,-1,-1,1,32,0.0,0.0,0,0,0.0,0.0,0,0,0
443,43,2,0,0,0,0,0,0.0,0.0,0,0,0.0,0.0,0.0,46511.62791,43.0,0.0,43,43,43,43.0,0.0,43,43,0,0.0,0.0,0,0,0,0,0,0,64,0,46511.62791,0.0,0,0,0.0,0.0,0.0,0,0,0,0,1,0,0,0,0,0.0,0.0,0.0,64,0,0,0,0,0,0,2,0,0,0,348,-1,0,32,0.0,0.0,0,0,0.0,0.0,0,0,0
443,115633089,22,18,1009,4624,626,0,45.86363636,139.5408442,1418,0,256.8888889,491.9342243,48.71442983,0.345921746,2964951.0,4540956.7,10000000,10,116000000,5506337.571,5000134.389,10100000,49,111000000,6531526.412,4945714.287,10100000,48,0,0,0,0,712,584,0.19025696,0.155664786,0,1418,137.3902439,352.9555126,124577.5939,0,0,0,1,0,0,0,0,0,140.825,45.86363636,256.8888889,712,0,0,0,0,0,0,22,1009,18,4624,29200,179,4,32,68329.18182,63279.71519,259119,48807,10000000.0,11121.2555,10000000,9997438,0
80,97745276,8,4,56,11601,20,0,7.0,5.656854249,10135,0,2900.25,4871.82583,119.2589604,0.122768081,8885934.182,27300000.0,90900000,1,97200000,13900000.0,34000000.0,90900000,1,509936,169978.6667,289492.64,504242,200,0,0,0,0,172,92,0.081845388,0.040922694,0,10135,897.1538462,2804.564846,7865583.974,0,0,0,0,1,0,0,0,0,971.9166667,7.0,2900.25,172,0,0,0,0,0,0,8,56,4,11601,256,229,6,20,1060.0,0.0,1060,1060,48600000.0,59800000.0,90900000,6331871,1
53,48125,1,1,56,84,56,56,56.0,0.0,84,84,84.0,0.0,2909.0909090909,41.5584415584,48125.0,0.0,48125,48125,0,0.0,0.0,0,0,0,0.0,0.0,0,0,0,0,0,0,20,32,20.7792207792,20.7792207792,56,84,65.3333333333,16.1658075373,261.3333333333,0,0,0,0,0,0,0,0,1,98.0,56.0,84.0,20,0,0,0,0,0,0,1,56,1,84,-1,-1,0,20,0.0,0.0,0,0,0.0,0.0,0,0,0
9100,55,1,1,2,6,2,2,2.0,0.0,6,6,6.0,0.0,145454.5455,36363.63636,55.0,0.0,55,55,0,0.0,0.0,0,0,0,0.0,0.0,0,0,0,0,0,0,24,20,18181.81818,18181.81818,2,6,3.333333333,2.309401077,5.333333333,0,0,0,1,0,0,0,0,1,5.0,2.0,6.0,24,0,0,0,0,0,0,1,2,1,6,1024,0,0,24,0.0,0.0,0,0,0.0,0.0,0,0,1
53,117882,2,2,92,228,46,46,46.0,0.0,114,114,114.0,0.0,2714.578986,33.93223732,39294.0,68055.74034,117878,1,1,1.0,0.0,1,1,3,3.0,0.0,3,3,0,0,0,0,80,64,16.96611866,16.96611866,46,114,73.2,37.24513391,1387.2,0,0,0,0,0,0,0,0,1,91.5,46.0,114.0,80,0,0,0,0,0,0,2,92,2,228,-1,-1,1,40,0.0,0.0,0,0,0.0,0.0,0,0,0
53,178,2,2,74,270,37,37,37.0,0.0,135,135,135.0,0.0,1932584.27,22471.91011,59.33333333,61.78457197,126,4,4,4.0,0.0,4,4,48,48.0,0.0,48,48,0,0,0,0,64,64,11235.95506,11235.95506,37,135,76.2,53.67681064,2881.2,0,0,0,0,0,0,0,0,1,95.25,37.0,135.0,64,0,0,0,0,0,0,2,74,2,270,-1,-1,1,32,0.0,0.0,0,0,0.0,0.0,0,0,0
80,48971,3,4,26,11601,20,0,8.666666667,10.26320288,10135,0,2900.25,4871.82583,237426.2319,142.941741,8161.833333,17723.87824,44169,49,4534,2267.0,3136.725681,4485,49,48893,16297.66667,24234.98901,44169,188,0,0,0,0,72,92,61.26074616,81.68099487,0,10135,1453.375,3544.652026,12600000.0,0,0,0,1,0,0,0,0,1,1661.0,8.666666667,2900.25,72,0,0,0,0,0,0,3,26,4,11601,8192,229,2,20,0.0,0.0,0,0,0.0,0.0,0,0,1
53,158,2,2,92,124,46,46,46.0,0.0,62,62,62.0,0.0,1367088.608,25316.4557,52.66666667,85.16063253,151,3,4,4.0,0.0,4,4,3,3.0,0.0,3,3,0,0,0,0,40,40,12658.22785,12658.22785,46,62,52.4,8.76356092,76.8,0,0,0,0,0,0,0,0,1,65.5,46.0,62.0,40,0,0,0,0,0,0,2,92,2,124,-1,-1,1,20,0.0,0.0,0,0,0.0,0.0,0,0,0
49628,71536,3,1,18,6,6,6,6.0,0.0,6,6,6.0,0.0,335.4954149,55.91590248,23845.33333,41242.45004,71468,4,71536,35768.0,50577.93384,71532,4,0,0.0,0.0,0,0,0,0,0,0,60,20,41.93692686,13.97897562,6,6,6.0,0.0,0.0,0,0,0,0,1,1,0,0,0,7.5,6.0,6.0,60,0,0,0,0,0,0,3,18,1,6,5113,63556,2,20,0.0,0.0,0,0,0.0,0.0,0,0,0
80,69046567,8,6,1041,11595,347,0,130.125,179.5895618,4344,0,1932.5,1754.831473,183.0069263,0.20276171,5311274.385,19000000.0,68500000,0,68900000,9843721.571,25800000.0,68500000,0,586466,117293.2,193505.4847,446001,49,0,0,0,0,264,200,0.115863834,0.086897876,0,4344,842.4,1402.069022,1965797.543,0,0,0,0,1,0,0,0,0,902.5714286,130.125,1932.5,264,0,0,0,0,0,0,8,1041,6,11595,251,235,3,32,1.0,0.0,1,1,68500000.0,0.0,68500000,68500000,1
80,105690628,16,3,2541,6,231,0,158.8125,110.5828309,6,0,2.0,3.464101615,24.09863626,0.17976996,5871701.556,12500000.0,51300000,60,106000000,7046037.867,13500000.0,51300000,639,103000000,51300000.0,28000000.0,71100000,31500000,0,0,0,0,536,100,0.15138523,0.028384731,0,231,127.35,117.5733925,13823.50263,0,0,0,1,0,0,0,0,0,134.0526316,158.8125,2.0,536,0,0,0,0,0,0,16,2541,3,6,29200,0,11,32,4710060.5,6660250.793,9419569,552,19300000.0,18800000.0,51300000,5874013,1
443,115231505,20,16,1288,697,653,0,64.4,180.5373266552,529,0,43.5625,136.0641852215,17.2261917433,0.3124145606,3292328.71428571,4678406.1088786,10031298,3,115231505,6064816.05263158,4915335.1771327,10079990,3,111001981,7400132.06666667,4593589.8452741,10080201,369,0,0,0,0,648,520,0.1735636448,0.1388509158,0,653,53.6486486486,158.4473652907,25105.5675675676,0,0,0,1,0,0,0,0,0,55.1388888889,64.4,43.5625,648,0,0,0,0,0,0,20,1288,16,697,29200,175,4,32,63676.1818181818,49435.9671308617,212731,48682,10027422.0,10200.1501851693,10031298,9997518,0
53247,210,2,1,37,6,31,6,18.5,17.67766953,6,6,6.0,0.0,204761.9048,14285.71429,105.0,8.485281374,111,99,210,210.0,0.0,210,210,0,0.0,0.0,0,0,1,0,0,0,40,20,9523.809524,4761.904762,6,31,18.5,14.43375673,208.3333333,0,1,0,0,1,0,0,0,0,24.66666667,18.5,6.0,40,0,0,0,0,0,0,2,37,1,6,62,0,1,20,0.0,0.0,0,0,0.0,0.0,0,0,0
22,11986497,21,32,2008,2745,640,0,95.61904762,140.0451628,976,0,85.78125,220.240592,396.5295282,4.421642119,230509.5577,627945.6298,2259756,4,10600000,529240.8,932371.1155,2308109,525,12000000,386656.7742,779797.8274,2259756,4,0,0,0,0,680,1032,1.751971406,2.669670714,0,976,88.01851852,189.5902723,35944.47135,0,0,0,1,0,0,0,0,1,89.67924528,95.61904762,85.78125,680,0,0,0,0,0,0,21,2008,32,2745,29200,247,16,32,0.0,0.0,0,0,0.0,0.0,0,0,1
3323,10,1,1,2,6,2,2,2.0,0.0,6,6,6.0,0.0,800000.0,200000.0,10.0,0.0,10,10,0,0.0,0.0,0,0,0,0.0,0.0,0,0,0,0,0,0,24,20,100000.0,100000.0,2,6,3.333333333,2.309401077,5.333333333,0,0,0,1,0,0,0,0,1,5.0,2.0,6.0,24,0,0,0,0,0,0,1,2,1,6,1024,0,0,24,0.0,0.0,0,0,0.0,0.0,0,0,1
443,10351987,7,11,947,7682,628,0,135.2857143,230.7211262,1689,0,698.3636364,754.5823047,833.5597794,1.738796619,608940.4118,2360112.658,9764340,3,587644,97940.66667,170253.7972,444364,3100,10300000,1031925.0,3069234.116,9764445,3,0,0,0,0,152,224,0.676198685,1.062597934,0,1689,454.1578947,649.245482,421519.6959,0,0,0,1,0,0,0,0,1,479.3888889,135.2857143,698.3636364,152,0,0,0,0,0,0,7,947,11,7682,8192,31400,3,20,587644.0,0.0,587644,587644,9764340.0,0.0,9764340,9764340,0
80,86395232,8,6,327,11595,327,0,40.875,115.6119587,5792,0,1932.5,2537.820147,137.9937263,0.16204598,6645787.077,23700000.0,85400000,1,86400000,12300000.0,32200000.0,85400000,1,1773,354.6,628.5787938,1471,2,0,0,0,0,272,200,0.092597703,0.069448277,0,5792,794.8,1797.643624,3231522.6,0,0,0,0,1,0,0,0,0,851.5714286,40.875,1932.5,272,0,0,0,0,0,0,8,327,6,11595,274,235,1,32,985.0,0.0,985,985,85400000.0,0.0,85400000,85400000,1
443,5682199,8,6,391,3716,210,0,48.875,77.43280497,1460,0,619.3333333,679.9090135,722.7835562,2.463834864,437092.2308,1482351.478,5367419,48,5682199,811742.7143,2010492.092,5367419,48,84635,16927.0,22815.58777,49963,49,0,0,0,0,172,132,1.407905637,1.055929227,0,1460,273.8,503.5168035,253529.1714,0,0,0,1,0,0,0,0,0,293.3571429,48.875,619.3333333,172,0,0,0,0,0,0,8,391,6,3716,8192,119,7,20,314732.0,0.0,314732,314732,5367419.0,0.0,5367419,5367419,0
21,8922838,9,15,108,188,24,0,12.0,9.695359715,34,0,12.53333333,14.54975045,33.17330204,2.689727192,387949.4783,1008090.193,3177028,2,6201507,775188.375,1431840.241,3220931,3,8922771,637340.7857,1244446.088,3177028,2,0,0,0,0,296,488,1.008647697,1.681079495,0,34,11.84,12.68752668,160.9733333,0,0,0,1,0,0,0,0,1,12.33333333,12.0,12.53333333,296,0,0,0,0,0,0,9,108,15,188,29200,227,6,32,0.0,0.0,0,0,0.0,0.0,0,0,1
80,3,2,0,0,0,0,0,0.0,0.0,0,0,0.0,0.0,0.0,666666.6667,3.0,0.0,3,3,3,3.0,0.0,3,3,0,0.0,0.0,0,0,0,0,0,0,64,0,666666.6667,0.0,0,0,0.0,0.0,0.0,0,0,0,0,1,0,0,0,0,0.0,0.0,0.0,64,0,0,0,0,0,0,2,0,0,0,251,-1,0,32,0.0,0.0,0,0,0.0,0.0,0,0,1
53,23805,2,2,70,102,35,35,35.0,0.0,51,51,51.0,0.0,7225.372821,168.0319261,7935.0,13698.80915,23753,3,3,3.0,0.0,3,3,49,49.0,0.0,49,49,0,0,0,0,40,40,84.01596303,84.01596303,35,51,41.4,8.76356092,76.8,0,0,0,0,0,0,0,0,1,51.75,35.0,51.0,40,0,0,0,0,0,0,2,70,2,102,-1,-1,1,20,0.0,0.0,0,0,0.0,0.0,0,0,0
80,4,2,0,0,0,0,0,0.0,0.0,0,0,0.0,0.0,0.0,500000.0,4.0,0.0,4,4,4,4.0,0.0,4,4,0,0.0,0.0,0,0,0,0,0,0,64,0,500000.0,0.0,0,0,0.0,0.0,0.0,0,0,0,0,1,0,0,0,0,0.0,0.0,0.0,64,0,0,0,0,0,0,2,0,0,0,251,-1,0,32,0.0,0.0,0,0,0.0,0.0,0,0,1
53,23505,1,1,57,121,57,57,57.0,0.0,121,121,121.0,0.0,7572.856839,85.08827909,23505.0,0.0,23505,23505,0,0.0,0.0,0,0,0,0.0,0.0,0,0,0,0,0,0,32,20,42.54413954,42.54413954,57,121,78.33333333,36.95041723,1365.333333,0,0,0,0,0,0,0,0,1,117.5,57.0,121.0,32,0,0,0,0,0,0,1,57,1,121,-1,-1,0,32,0.0,0.0,0,0,0.0,0.0,0,0,0
9011,46,1,1,0,6,0,0,0.0,0.0,6,6,6.0,0.0,130434.7826,43478.26087,46.0,0.0,46,46,0,0.0,0.0,0,0,0,0.0,0.0,0,0,0,0,0,0,40,20,21739.13043,21739.13043,0,6,2.0,3.464101615,12.0,0,0,0,1,0,0,0,0,1,3.0,0.0,6.0,40,0,0,0,0,0,0,1,0,1,6,29200,0,0,40,0.0,0.0,0,0,0.0,0.0,0,0,1
443,383172,10,6,941,7727,555,0,94.1,175.1491111,3463,0,1287.833333,1228.856447,22621.6947,41.75670456,25544.8,39213.69401,113962,3,383172,42574.66667,50963.91231,114254,3,275982,55196.4,58497.21391,119916,215,0,0,0,0,212,132,26.09794035,15.65876421,0,3463,509.8823529,916.7371408,840406.9853,0,0,0,1,0,0,0,0,0,541.75,94.1,1287.833333,212,0,0,0,0,0,0,10,941,6,7727,8192,9,9,20,0.0,0.0,0,0,0.0,0.0,0,0,0
53,134,2,2,80,112,40,40,40.0,0.0,56,56,56.0,0.0,1432835.82089552,29850.7462686567,44.6666666667,72.1687836487,128,3,3,3.0,0.0,3,3,3,3.0,0.0,3,3,0,0,0,0,40,40,14925.3731343284,14925.3731343284,40,56,46.4,8.7635609201,76.8,0,0,0,0,0,0,0,0,1,58.0,40.0,56.0,40,0,0,0,0,0,0,2,80,2,112,-1,-1,1,20,0.0,0.0,0,0,0.0,0.0,0,0,0
80,1033,3,0,0,0,0,0,0.0,0.0,0,0,0.0,0.0,0.0,2904.162633,516.5,388.2016229,791,242,1033,516.5,388.2016229,791,242,0,0.0,0.0,0,0,0,0,0,0,96,0,2904.162633,0.0,0,0,0.0,0.0,0.0,0,0,0,0,1,0,0,0,0,0.0,0.0,0.0,96,0,0,0,0,0,0,3,0,0,0,251,-1,0,32,0.0,0.0,0,0,0.0,0.0,0,0,1
2002,31,1,1,0,6,0,0,0.0,0.0,6,6,6.0,0.0,193548.3871,64516.12903,31.0,0.0,31,31,0,0.0,0.0,0,0,0,0.0,0.0,0,0,0,0,0,0,40,20,32258.06452,32258.06452,0,6,2.0,3.464101615,12.0,0,0,0,1,0,0,0,0,1,3.0,0.0,6.0,40,0,0,0,0,0,0,1,0,1,6,29200,0,0,40,0.0,0.0,0,0,0.0,0.0,0,0,1
80,90016413,8,4,56,11607,20,0,7.0,5.656854249,11595,0,2901.75,5795.50069,129.5652605,0.133309022,8183310.273,24400000.0,81500000,12,89400000,12800000.0,30400000.0,81500000,250,638815,212938.3333,366631.6508,636287,429,0,0,0,0,172,92,0.088872681,0.044436341,0,11595,897.6153846,3214.167532,10300000.0,0,0,0,0,1,0,0,0,0,972.4166667,7.0,2901.75,172,0,0,0,0,0,0,8,56,4,11607,256,229,6,20,917.0,0.0,917,917,44700000.0,52000000.0,81500000,7912566,1
80,99443756,10,5,325,11595,325,0,32.5,102.774024,8688,0,2319.0,3774.237539,119.8667516,0.150839033,7103125.429,26500000.0,99300000,1,99300000,11000000.0,33100000.0,99300000,1,169475,42368.75,64293.37698,135881,59,0,0,0,0,328,168,0.100559355,0.050279678,0,8688,745.0,2237.461448,5006233.733,0,0,0,0,1,0,0,0,0,794.6666667,32.5,2319.0,328,0,0,0,0,0,0,10,325,5,11595,251,235,1,32,8989.0,0.0,8989,8989,99300000.0,0.0,99300000,99300000,1
80,539758,3,5,26,11601,20,0,8.666666667,10.26320288,7300,0,2320.2,3022.508098,21541.1351,14.82145702,77108.28571,195563.532,520331,74,18887,9443.5,13051.06986,18672,215,539684,134921.0,257092.715,520331,178,0,0,0,0,72,112,5.558046384,9.26341064,0,7300,1291.888889,2460.652985,6054813.111,0,0,0,1,0,0,0,0,1,1453.375,8.666666667,2320.2,72,0,0,0,0,0,0,3,26,5,11601,8192,229,2,20,0.0,0.0,0,0,0.0,0.0,0,0,1
3814,55,1,1,2,6,2,2,2.0,0.0,6,6,6.0,0.0,145454.5455,36363.63636,55.0,0.0,55,55,0,0.0,0.0,0,0,0,0.0,0.0,0,0,0,0,0,0,24,20,18181.81818,18181.81818,2,6,3.333333333,2.309401077,5.333333333,0,0,0,1,0,0,0,0,1,5.0,2.0,6.0,24,0,0,0,0,0,0,1,2,1,6,1024,0,0,24,0.0,0.0,0,0,0.0,0.0,0,0,1
443,74450,8,4,546,4996,193,0,68.25,79.86908932,3530,0,1249.0,1668.585429,74439.22095,161.1820013,6768.181818,11007.62481,31208,3,74450,10635.71429,13370.33692,33533,3,36962,12320.66667,19356.00306,34643,190,0,0,0,0,172,92,107.4546676,53.72733378,0,3530,426.3076923,1012.910689,1025988.064,0,0,0,1,0,0,0,0,0,461.8333333,68.25,1249.0,172,0,0,0,0,0,0,8,546,4,4996,8192,288,7,20,0.0,0.0,0,0,0.0,0.0,0,0,0
80,99757138,8,5,56,11607,20,0,7.0,5.656854249,7215,0,2321.4,3327.769794,116.9139395,0.130316489,8313094.833,25000000.0,86900000,3,99000000,14100000.0,32400000.0,86900000,3,738379,184594.75,368458.3913,737282,4,0,0,0,0,172,112,0.080194763,0.050121727,0,7215,833.5,2175.302587,4731941.346,0,0,0,0,1,0,0,0,0,897.6153846,7.0,2321.4,172,0,0,0,0,0,0,8,56,5,11607,256,229,6,20,2980.0,0.0,2980,2980,49500000.0,52800000.0,86900000,12100000,1
80,85210238,9,5,415,11595,409,0,46.11111111,136.0977998,7240,0,2319.0,3331.638186,140.9455047,0.164299506,6554633.692,23600000.0,85100000,0,85100000,10600000.0,30100000.0,85100000,0,148544,37136.0,65784.93603,135395,48,0,0,0,0,284,168,0.105621111,0.058678395,0,7240,800.6666667,2101.689241,4417097.667,0,0,0,0,1,0,0,0,0,857.8571429,46.11111111,2319.0,284,0,0,0,0,0,0,9,415,5,11595,251,235,2,20,2006.0,0.0,2006,2006,85100000.0,0.0,85100000,85100000,1
